-- phpMyAdmin SQL Dump
-- version 5.0.3
-- https://www.phpmyadmin.net/
--
-- Φιλοξενητής: 127.0.0.1
-- Χρόνος δημιουργίας: 22 Ιαν 2021 στις 15:20:13
-- Έκδοση διακομιστή: 10.4.14-MariaDB
-- Έκδοση PHP: 7.2.34

SET SQL_MODE = "NO_AUTO_VALUE_ON_ZERO";
START TRANSACTION;
SET time_zone = "+00:00";


/*!40101 SET @OLD_CHARACTER_SET_CLIENT=@@CHARACTER_SET_CLIENT */;
/*!40101 SET @OLD_CHARACTER_SET_RESULTS=@@CHARACTER_SET_RESULTS */;
/*!40101 SET @OLD_COLLATION_CONNECTION=@@COLLATION_CONNECTION */;
/*!40101 SET NAMES utf8mb4 */;

--
-- Βάση δεδομένων: `internova_db`
--

-- --------------------------------------------------------

--
-- Δομή πίνακα για τον πίνακα `audit_logs`
--

CREATE TABLE `audit_logs` (
  `id` bigint(20) NOT NULL,
  `system` varchar(255) DEFAULT NULL,
  `user_id` bigint(20) DEFAULT NULL,
  `object_id` bigint(20) DEFAULT NULL,
  `message` varchar(255) DEFAULT NULL,
  `creation_date` datetime DEFAULT NULL,
  `method` varchar(255) DEFAULT NULL
) ENGINE=InnoDB DEFAULT CHARSET=utf8;

--
-- Άδειασμα δεδομένων του πίνακα `audit_logs`
--

INSERT INTO `audit_logs` (`id`, `system`, `user_id`, `object_id`, `message`, `creation_date`, `method`) VALUES
(73, 'χρήστες', 93, 106, '-', '2020-12-11 23:40:34', 'POST /addUser'),
(74, 'χρήστες', 93, 106, '-', '2020-12-11 23:40:51', 'POST /updateUser'),
(75, 'χρήστες', 93, 106, '-', '2020-12-11 23:41:01', 'POST /deleteUser'),
(76, 'ρόλοι', 93, 56, '-', '2020-12-11 23:41:26', 'POST /deleteRole'),
(77, 'ρόλοι', 93, 58, '-', '2020-12-11 23:41:33', 'POST /addRole'),
(78, 'ρόλοι', 93, 58, '-', '2020-12-11 23:42:41', 'POST /updateRole'),
(79, 'Τμήμα', 93, 24, '-', '2020-12-11 23:42:48', 'POST /updateDepartment'),
(81, 'Τμήμα', 93, 26, '-', '2020-12-11 23:43:08', 'POST /deleteDepartment'),
(83, 'Τμήμα', 93, 27, '-', '2020-12-11 23:45:30', 'POST /updateDepartment'),
(84, 'Τμήμα', 93, 27, '-', '2020-12-11 23:45:38', 'POST /deleteDepartment'),
(85, 'Τμήμα', 93, 24, '-', '2020-12-11 23:45:52', 'POST /updateDepartment'),
(87, 'Τμήμα', 93, 29, '-', '2020-12-11 23:46:53', 'POST /addDepartment'),
(88, 'οργανισμοι', 93, 102, '-', '2020-12-11 23:47:20', 'POST /updateOrganization'),
(89, 'οργανισμοι', 93, 102, '-', '2020-12-11 23:47:26', 'POST /updateOrganization'),
(90, 'οργανισμοι', 93, 105, '-', '2020-12-11 23:47:58', 'POST /addOrganization'),
(91, 'οργανισμοι', 93, 105, '-', '2020-12-11 23:48:01', 'POST /deleteOrganization'),
(94, 'Υπεύθυνοι', 93, 74, '-', '2020-12-11 23:52:11', 'POST /addManager'),
(95, 'Υπεύθυνοι', 93, 74, '-', '2020-12-11 23:52:15', 'POST /updateManager'),
(96, 'Υπεύθυνοι', 93, 74, '-', '2020-12-11 23:52:18', 'POST /deleteManager'),
(97, '', 0, 0, '-', '2020-12-11 23:52:41', 'POST /updateBillingEntry'),
(98, 'Λογαριασμοί/Billings', 93, 33, '-', '2020-12-11 23:55:58', 'POST /updateBillingEntry'),
(99, 'Λογαριασμοί/Billings', 93, 33, '-', '2020-12-11 23:56:06', 'POST /deleteBilling'),
(100, 'Λογαριασμοί/Billings', 93, 34, '-', '2020-12-11 23:56:25', 'POST /addBillingEntry'),
(101, '', 0, 0, '-', '2020-12-11 23:57:16', 'POST /updateInternovaSeller'),
(102, 'Πωλητές/Internova', 93, 13, '-', '2020-12-11 23:59:33', 'POST /updateInternovaSeller'),
(103, 'Πωλητές/Internova', 93, 14, '-', '2020-12-11 23:59:41', 'POST /addInternovaSeller'),
(104, 'Πωλητές/Internova', 93, 14, '-', '2020-12-11 23:59:49', 'POST /deleteInternovaSeller'),
(105, '', 0, 0, '-', '2020-12-12 00:00:00', 'POST /updateMeasureUnit'),
(106, 'Υπεύθυνοι', 93, 20, '-', '2020-12-12 00:01:54', 'POST /updateMeasureUnit'),
(107, 'Υπεύθυνοι', 93, 24, '-', '2020-12-12 00:02:07', 'POST /addMeasureUnit'),
(108, 'πελατες προμηθευτες', 93, 24, '-', '2020-12-12 00:02:23', 'POST /updateCustomerSupplier'),
(109, 'πελατες προμηθευτες', 93, 38, '-', '2020-12-12 00:03:09', 'POST /addCustomerSupplier'),
(110, 'πελατες προμηθευτες', 93, 38, '-', '2020-12-12 00:03:21', 'POST /deleteCustomerSupplier'),
(111, 'αποθήκες', 93, 21, '-', '2020-12-12 00:03:38', 'POST /updateWarehouse'),
(112, 'αποθήκες', 93, 28, '-', '2020-12-12 00:03:57', 'POST /addWarehouse'),
(113, 'αποθήκες', 93, 29, '-', '2020-12-12 00:03:57', 'POST /addWarehouse'),
(114, 'αποθήκες', 93, 28, '-', '2020-12-12 00:04:06', 'POST /deleteWarehouse'),
(115, '', 0, 0, '-', '2020-12-12 00:06:32', 'POST /updateFactory'),
(116, 'εργοστάσια', 93, 19, '-', '2020-12-12 00:09:40', 'POST /updateFactory'),
(117, 'εργοστάσια', 93, 29, '-', '2020-12-12 00:10:07', 'POST /addFactory'),
(118, 'εργοστάσια', 93, 30, '-', '2020-12-12 00:10:07', 'POST /addFactory'),
(119, 'εργοστάσια', 93, 29, '-', '2020-12-12 00:10:22', 'POST /deleteFactory'),
(120, '', 0, 0, '-', '2020-12-12 00:11:11', 'POST /updateOffer'),
(121, 'Προσφορές', 0, 64, '-', '2020-12-12 00:15:58', 'POST /updateOffer'),
(122, 'Προσφορές', 93, 64, '-', '2020-12-12 00:18:38', 'POST /updateOffer'),
(123, 'Προσφορές', 93, 66, '-', '2020-12-12 00:19:18', 'POST /addOffer'),
(124, 'Προσφορές', 93, 66, '-', '2020-12-12 00:19:29', 'POST /deleteOffer'),
(125, '', 0, 0, '-', '2020-12-12 00:40:03', 'POST /addSchedule'),
(126, 'Τιμοκατάλογος', 119, 119, '-', '2020-12-12 00:44:13', 'POST /deleteSchedule'),
(127, 'Τιμοκατάλογος', 93, 120, '-', '2020-12-12 00:44:30', 'POST /addSchedule'),
(128, 'Τιμοκατάλογος', 93, 120, '-', '2020-12-12 00:44:41', 'POST /updateSchedule'),
(129, 'login', 93, 93, '-', '2020-12-12 00:49:41', 'POST /login'),
(130, 'login', 95, 95, '-', '2020-12-12 00:52:23', 'POST /login'),
(131, 'χρήστες', 93, 105, '-', '2020-12-12 00:52:38', 'POST /deleteUser'),
(132, 'χρήστες', 93, 104, '-', '2020-12-12 00:54:47', 'POST /updateUser'),
(133, 'χρήστες', 95, 104, '-', '2020-12-12 00:55:17', 'POST /updateUser'),
(134, 'ρόλοι', 95, 58, '-', '2020-12-12 00:55:29', 'POST /updateRole'),
(135, 'login', 93, 93, '-', '2020-12-12 00:55:50', 'POST /login'),
(136, 'Προσφορές', 95, 64, '-', '2020-12-12 00:56:01', 'POST /updateOffer'),
(137, 'Προσφορές', 93, 64, '-', '2020-12-12 00:59:06', 'POST /updateOffer'),
(138, 'login', 95, 95, '-', '2020-12-12 01:00:58', 'POST /login'),
(139, 'Τμήμα', 93, 29, '-', '2020-12-12 01:01:07', 'POST /updateDepartment'),
(140, 'login', 93, 93, '-', '2020-12-12 01:09:45', 'POST /login'),
(141, 'login', 93, 93, '-', '2020-12-12 01:11:11', 'POST /login'),
(142, 'login', 93, 93, '-', '2020-12-12 01:11:38', 'POST /login'),
(143, 'ρόλοι', 93, 58, '-', '2020-12-12 01:11:44', 'POST /updateRole'),
(144, 'login', 95, 95, '-', '2020-12-12 01:12:10', 'POST /login'),
(145, 'ρόλοι', 95, 41, '-', '2020-12-12 01:12:13', 'POST /updateRole'),
(146, 'login', 93, 93, '-', '2020-12-12 01:13:14', 'POST /login'),
(147, 'ρόλοι', 93, 58, '-', '2020-12-12 01:13:28', 'POST /updateRole'),
(148, 'ρόλοι', 95, 55, '-', '2020-12-12 01:13:35', 'POST /updateRole'),
(149, 'πελατες προμηθευτες', 95, 39, '-', '2020-12-12 01:15:23', 'POST /addCustomerSupplier'),
(150, 'πελατες προμηθευτες', 95, 39, '-', '2020-12-12 01:15:28', 'POST /updateCustomerSupplier'),
(151, 'πελατες προμηθευτες', 95, 39, '-', '2020-12-12 01:15:28', 'POST /updateCustomerSupplier'),
(152, 'πελατες προμηθευτες', 95, 39, '-', '2020-12-12 01:27:23', 'POST /updateCustomerSupplier'),
(153, 'πελατες προμηθευτες', 95, 39, '-', '2020-12-12 01:27:23', 'POST /updateCustomerSupplier'),
(154, 'πελατες προμηθευτες', 95, 40, '-', '2020-12-12 01:28:06', 'POST /addCustomerSupplier'),
(155, 'οργανισμοι', 95, 100, '-', '2020-12-12 01:35:43', 'POST /updateOrganization'),
(156, 'οργανισμοι', 95, 101, '-', '2020-12-12 01:35:47', 'POST /updateOrganization'),
(157, 'ρόλοι', 95, 41, '-', '2020-12-12 01:35:52', 'POST /updateRole'),
(158, 'Τμήμα', 95, 28, '-', '2020-12-12 01:36:03', 'POST /updateDepartment'),
(159, 'ρόλοι', 95, 41, '-', '2020-12-12 01:36:07', 'POST /updateRole'),
(160, 'οργανισμοι', 95, 100, '-', '2020-12-12 01:36:10', 'POST /updateOrganization'),
(161, 'οργανισμοι', 95, 98, '-', '2020-12-12 01:36:14', 'POST /updateOrganization'),
(162, 'οργανισμοι', 95, 106, '-', '2020-12-12 01:36:19', 'POST /addOrganization'),
(163, 'οργανισμοι', 95, 106, '-', '2020-12-12 01:36:22', 'POST /deleteOrganization'),
(164, 'οργανισμοι', 95, 102, '-', '2020-12-12 01:40:42', 'POST /updateOrganization'),
(165, 'login', 93, 93, '-', '2020-12-13 02:41:47', 'POST /login'),
(166, 'login', 93, 93, '-', '2020-12-13 03:30:52', 'POST /login'),
(167, 'login', 93, 93, '-', '2020-12-13 03:38:49', 'POST /login'),
(168, 'login', 93, 93, '-', '2020-12-13 03:40:57', 'POST /login'),
(169, 'login', 93, 93, '-', '2020-12-13 03:41:40', 'POST /login'),
(170, 'login', 93, 93, '-', '2020-12-13 05:21:18', 'POST /login'),
(171, 'login', 93, 93, '-', '2020-12-13 05:45:13', 'POST /login'),
(172, 'login', 93, 93, '-', '2020-12-13 05:58:02', 'POST /login'),
(173, 'login', 93, 93, '-', '2020-12-13 05:59:05', 'POST /login'),
(174, 'login', 93, 93, '-', '2020-12-13 13:21:23', 'POST /login'),
(175, 'login', 93, 93, '-', '2020-12-13 13:21:56', 'POST /login'),
(176, 'login', 93, 93, '-', '2020-12-13 22:41:18', 'POST /login'),
(177, 'login', 93, 93, '-', '2020-12-13 22:45:14', 'POST /login'),
(178, 'login', 93, 93, '-', '2020-12-13 22:50:15', 'POST /login'),
(179, 'login', 93, 93, '-', '2020-12-13 22:50:37', 'POST /login'),
(180, 'εργοστάσια', 93, 31, '-', '2020-12-14 00:07:57', 'POST /addFactory'),
(181, 'εργοστάσια', 93, 32, '-', '2020-12-14 00:10:30', 'POST /addFactory'),
(182, 'Προσφορές', 93, 64, '-', '2020-12-14 00:18:02', 'POST /updateOffer'),
(183, 'Προσφορές', 93, 64, '-', '2020-12-14 00:19:09', 'POST /updateOffer'),
(184, 'Προσφορές', 93, 67, '-', '2020-12-14 00:21:37', 'POST /addOffer'),
(185, 'Προσφορές', 93, 68, '-', '2020-12-14 00:22:17', 'POST /addOffer'),
(186, 'Προσφορές', 93, 67, '-', '2020-12-14 00:23:20', 'POST /updateOffer'),
(187, 'login', 93, 93, '-', '2020-12-16 15:49:28', 'POST /login'),
(188, 'Υπεύθυνοι', 93, 0, '-', '2020-12-28 02:08:34', 'POST /addManager'),
(189, 'login', 93, 93, '-', '2020-12-28 02:49:17', 'POST /login'),
(190, 'Προσφορές', 93, 68, '-', '2020-12-28 02:49:59', 'POST /updateOffer'),
(191, 'login', 93, 93, '-', '2020-12-29 03:13:19', 'POST /login'),
(192, 'login', 93, 93, '-', '2020-12-29 03:17:08', 'POST /login'),
(193, 'login', 93, 93, '-', '2020-12-29 03:25:14', 'POST /login'),
(194, 'login', 93, 93, '-', '2020-12-29 03:29:45', 'POST /login'),
(195, 'login', 93, 93, '-', '2020-12-29 03:33:49', 'POST /login'),
(196, 'login', 93, 93, '-', '2020-12-29 03:37:29', 'POST /login'),
(197, 'login', 93, 93, '-', '2020-12-29 03:39:25', 'POST /login'),
(198, 'login', 93, 93, '-', '2020-12-29 03:42:59', 'POST /login'),
(199, 'login', 93, 93, '-', '2020-12-29 04:01:00', 'POST /login'),
(200, 'login', 93, 93, '-', '2020-12-29 10:44:22', 'POST /login'),
(201, 'login', 93, 93, '-', '2020-12-29 11:04:48', 'POST /login'),
(202, 'login', 93, 93, '-', '2020-12-29 11:30:13', 'POST /login'),
(203, 'login', 93, 93, '-', '2020-12-29 11:32:31', 'POST /login'),
(204, 'Προσφορές', 93, 68, '-', '2020-12-29 11:32:58', 'POST /updateOffer'),
(205, 'Προσφορές', 93, 68, '-', '2020-12-29 11:33:18', 'POST /updateOffer'),
(206, 'Προσφορές', 93, 69, '-', '2020-12-29 15:57:52', 'POST /addOffer'),
(207, 'Προσφορές', 93, 70, '-', '2020-12-29 16:24:48', 'POST /addOffer'),
(208, 'Προσφορές', 93, 71, '-', '2020-12-29 16:28:40', 'POST /addOffer'),
(209, 'Προσφορές', 93, 71, '-', '2020-12-30 04:13:11', 'POST /updateOffer'),
(210, 'Προσφορές', 93, 71, '-', '2020-12-30 04:15:35', 'POST /updateOffer'),
(211, 'Προσφορές', 93, 71, '-', '2020-12-30 04:19:47', 'POST /updateOffer'),
(212, 'Προσφορές', 93, 72, '-', '2020-12-30 04:24:36', 'POST /addOffer'),
(213, 'Προσφορές', 93, 71, '-', '2020-12-30 04:51:08', 'POST /updateOffer'),
(214, 'Προσφορές', 93, 71, '-', '2020-12-30 04:54:48', 'POST /updateOffer'),
(215, 'Προσφορές', 93, 71, '-', '2020-12-30 04:56:52', 'POST /updateOffer'),
(216, 'Προσφορές', 93, 71, '-', '2020-12-30 04:57:45', 'POST /updateOffer'),
(217, 'Προσφορές', 93, 71, '-', '2020-12-30 04:58:16', 'POST /updateOffer'),
(218, 'Προσφορές', 93, 71, '-', '2020-12-30 05:03:46', 'POST /updateOffer'),
(219, 'Προσφορές', 93, 71, '-', '2020-12-30 05:04:03', 'POST /updateOffer'),
(220, 'Προσφορές', 93, 71, '-', '2020-12-30 05:05:04', 'POST /updateOffer'),
(221, 'Προσφορές', 93, 71, '-', '2020-12-30 05:07:33', 'POST /updateOffer'),
(222, 'Προσφορές', 93, 71, '-', '2020-12-30 05:07:55', 'POST /updateOffer'),
(223, 'Προσφορές', 93, 71, '-', '2020-12-30 05:08:13', 'POST /updateOffer'),
(224, 'Προσφορές', 93, 71, '-', '2020-12-30 05:33:26', 'POST /updateOffer'),
(225, 'Προσφορές', 93, 71, '-', '2020-12-30 05:36:30', 'POST /updateOffer'),
(226, 'Προσφορές', 93, 71, '-', '2020-12-30 05:38:36', 'POST /updateOffer'),
(227, 'Προσφορές', 93, 71, '-', '2020-12-30 05:39:40', 'POST /updateOffer'),
(228, 'Προσφορές', 93, 71, '-', '2020-12-30 05:55:49', 'POST /updateOffer'),
(229, 'Προσφορές', 93, 71, '-', '2020-12-30 05:58:32', 'POST /updateOffer'),
(230, 'Προσφορές', 93, 72, '-', '2020-12-30 06:17:47', 'POST /updateOffer'),
(231, 'Προσφορές', 93, 72, '-', '2020-12-30 06:18:12', 'POST /updateOffer'),
(232, 'Προσφορές', 93, 72, '-', '2020-12-30 06:18:24', 'POST /updateOffer'),
(233, 'Προσφορές', 93, 72, '-', '2020-12-30 06:36:43', 'POST /updateOffer'),
(234, 'Προσφορές', 93, 72, '-', '2020-12-30 06:36:49', 'POST /updateOffer'),
(235, 'ΠΑΡΑΓΓΕΛΙΕΣ', 93, 1, '-', '2020-12-30 08:43:02', 'POST /createOrder'),
(236, 'Προσφορές', 93, 73, '-', '2020-12-30 09:00:19', 'POST /addOffer'),
(237, 'Προσφορές', 93, 73, '-', '2020-12-30 09:00:37', 'POST /updateOffer'),
(238, 'ΠΑΡΑΓΓΕΛΙΕΣ', 93, 2, '-', '2020-12-30 09:05:24', 'POST /createOrder'),
(239, 'Προσφορές', 93, 74, '-', '2020-12-30 09:14:56', 'POST /addOffer'),
(240, 'Προσφορές', 93, 74, '-', '2020-12-30 09:15:05', 'POST /updateOffer'),
(241, 'Προσφορές', 93, 75, '-', '2020-12-30 09:27:09', 'POST /addOffer'),
(242, 'Προσφορές', 93, 75, '-', '2020-12-30 09:27:22', 'POST /updateOffer'),
(243, 'ΠΑΡΑΓΓΕΛΙΕΣ', 93, 3, '-', '2020-12-30 09:31:15', 'POST /createOrder'),
(244, 'ΠΑΡΑΓΓΕΛΙΕΣ', 93, 4, '-', '2020-12-30 09:31:21', 'POST /createOrder'),
(245, 'Προσφορές', 93, 75, '-', '2020-12-30 09:33:59', 'POST /updateOffer'),
(246, 'Προσφορές', 93, 75, '-', '2020-12-30 09:34:04', 'POST /updateOffer'),
(247, 'Προσφορές', 93, 75, '-', '2020-12-30 09:50:49', 'POST /updateOffer'),
(248, 'Προσφορές', 93, 75, '-', '2020-12-30 10:30:39', 'POST /updateOffer'),
(249, 'Προσφορές', 93, 75, '-', '2020-12-30 10:30:52', 'POST /updateOffer'),
(250, 'Προσφορές', 93, 75, '-', '2020-12-30 10:31:09', 'POST /updateOffer'),
(251, 'login', 93, 93, '-', '2020-12-30 11:34:58', 'POST /login'),
(252, 'Προσφορές', 93, 75, '-', '2020-12-30 11:45:27', 'POST /updateOffer'),
(253, 'Προσφορές', 93, 75, '-', '2020-12-30 11:47:13', 'POST /updateOffer'),
(254, 'Προσφορές', 93, 75, '-', '2020-12-30 11:47:17', 'POST /updateOffer'),
(255, 'Προσφορές', 93, 76, '-', '2020-12-30 12:00:43', 'POST /addOffer'),
(256, 'Προσφορές', 93, 77, '-', '2020-12-30 12:02:06', 'POST /addOffer'),
(257, 'Προσφορές', 93, 78, '-', '2020-12-30 12:05:20', 'POST /addOffer'),
(258, 'Προσφορές', 93, 78, '-', '2020-12-30 12:09:38', 'POST /updateOffer'),
(259, 'Προσφορές', 93, 78, '-', '2020-12-30 12:22:37', 'POST /updateOffer'),
(260, 'ΠΑΡΑΓΓΕΛΙΕΣ', 93, 5, '-', '2020-12-30 12:23:15', 'POST /createOrder'),
(261, 'ΠΑΡΑΓΓΕΛΙΕΣ', 93, 6, '-', '2020-12-30 12:26:18', 'POST /createOrder'),
(262, 'Προσφορές', 93, 77, '-', '2020-12-30 15:02:49', 'POST /updateOffer'),
(263, 'ΠΑΡΑΓΓΕΛΙΕΣ', 93, 7, '-', '2020-12-30 15:08:27', 'POST /createOrder'),
(264, 'ΠΑΡΑΓΓΕΛΙΕΣ', 93, 8, '-', '2020-12-30 15:09:56', 'POST /createOrder'),
(265, 'ΠΑΡΑΓΓΕΛΙΕΣ', 93, 9, '-', '2020-12-30 15:09:59', 'POST /createOrder'),
(266, 'ΠΑΡΑΓΓΕΛΙΕΣ', 93, 10, '-', '2020-12-30 15:10:03', 'POST /createOrder'),
(267, 'ΠΑΡΑΓΓΕΛΙΕΣ', 93, 11, '-', '2020-12-30 15:10:07', 'POST /createOrder'),
(268, 'ΠΑΡΑΓΓΕΛΙΕΣ', 93, 12, '-', '2020-12-30 15:10:13', 'POST /createOrder'),
(269, 'ΠΑΡΑΓΓΕΛΙΕΣ', 93, 13, '-', '2020-12-30 15:10:16', 'POST /createOrder'),
(270, 'Προσφορές', 93, 77, '-', '2020-12-30 15:10:25', 'POST /updateOffer'),
(271, 'Προσφορές', 93, 77, '-', '2020-12-30 15:10:26', 'POST /updateOffer'),
(272, 'Προσφορές', 93, 77, '-', '2020-12-30 15:10:32', 'POST /updateOffer'),
(273, 'Προσφορές', 93, 77, '-', '2020-12-30 15:10:34', 'POST /updateOffer'),
(274, 'ΠΑΡΑΓΓΕΛΙΕΣ', 93, 14, '-', '2020-12-30 15:46:50', 'POST /createOrder'),
(275, 'ΠΑΡΑΓΓΕΛΙΕΣ', 93, 15, '-', '2020-12-30 15:46:53', 'POST /createOrder'),
(276, 'ΠΑΡΑΓΓΕΛΙΕΣ', 93, 16, '-', '2020-12-30 15:46:56', 'POST /createOrder'),
(277, 'Προσφορές', 93, 77, '-', '2020-12-30 15:47:02', 'POST /updateOffer'),
(278, 'ΠΑΡΑΓΓΕΛΙΕΣ', 93, 17, '-', '2020-12-30 15:47:29', 'POST /createOrder'),
(279, 'Προσφορές', 93, 77, '-', '2020-12-30 15:48:33', 'POST /updateOffer'),
(280, 'ΠΑΡΑΓΓΕΛΙΕΣ', 93, 18, '-', '2020-12-30 15:55:33', 'POST /createOrder'),
(281, 'Προσφορές', 93, 77, '-', '2020-12-30 15:55:39', 'POST /updateOffer'),
(282, 'Προσφορές', 93, 77, '-', '2020-12-30 15:55:42', 'POST /updateOffer'),
(283, 'Προσφορές', 93, 77, '-', '2020-12-30 15:55:43', 'POST /updateOffer'),
(284, 'ΠΑΡΑΓΓΕΛΙΕΣ', 93, 19, '-', '2020-12-30 15:55:46', 'POST /createOrder'),
(285, 'ΠΑΡΑΓΓΕΛΙΕΣ', 93, 20, '-', '2020-12-30 15:55:48', 'POST /createOrder'),
(286, 'ΠΑΡΑΓΓΕΛΙΕΣ', 93, 21, '-', '2020-12-30 15:55:51', 'POST /createOrder'),
(287, 'Προσφορές', 93, 77, '-', '2020-12-30 15:55:59', 'POST /updateOffer'),
(288, 'ΠΑΡΑΓΓΕΛΙΕΣ', 93, 22, '-', '2020-12-30 16:00:53', 'POST /createOrder'),
(289, 'ΠΑΡΑΓΓΕΛΙΕΣ', 93, 23, '-', '2020-12-30 16:00:56', 'POST /createOrder'),
(290, 'ΠΑΡΑΓΓΕΛΙΕΣ', 93, 24, '-', '2020-12-30 16:00:59', 'POST /createOrder'),
(291, 'ΠΑΡΑΓΓΕΛΙΕΣ', 93, 25, '-', '2020-12-30 16:01:01', 'POST /createOrder'),
(292, 'Προσφορές', 93, 77, '-', '2020-12-30 16:01:06', 'POST /updateOffer'),
(293, 'Προσφορές', 93, 78, '-', '2020-12-30 16:40:36', 'POST /updateOffer'),
(294, 'ΠΑΡΑΓΓΕΛΙΕΣ', 93, 26, '-', '2020-12-30 16:40:39', 'POST /createOrder'),
(295, 'ΠΑΡΑΓΓΕΛΙΕΣ', 93, 27, '-', '2020-12-30 16:40:41', 'POST /createOrder'),
(296, 'ΠΑΡΑΓΓΕΛΙΕΣ', 93, 28, '-', '2020-12-30 16:40:45', 'POST /createOrder'),
(297, 'Προσφορές', 93, 79, '-', '2020-12-30 16:42:56', 'POST /addOffer'),
(298, 'Προσφορές', 93, 79, '-', '2020-12-30 16:53:15', 'POST /updateOffer'),
(299, 'Προσφορές', 93, 79, '-', '2020-12-30 16:53:22', 'POST /updateOffer'),
(300, 'ΠΑΡΑΓΓΕΛΙΕΣ', 93, 29, '-', '2020-12-30 16:53:27', 'POST /createOrder'),
(301, 'ΠΑΡΑΓΓΕΛΙΕΣ', 93, 30, '-', '2020-12-30 16:53:32', 'POST /createOrder'),
(302, 'Προσφορές', 93, 80, '-', '2020-12-30 16:54:04', 'POST /addOffer'),
(303, 'Προσφορές', 93, 80, '-', '2020-12-30 16:55:14', 'POST /updateOffer'),
(304, 'Προσφορές', 93, 80, '-', '2020-12-30 16:55:16', 'POST /updateOffer'),
(305, 'Προσφορές', 93, 81, '-', '2020-12-30 17:01:01', 'POST /addOffer'),
(306, 'Προσφορές', 93, 82, '-', '2020-12-30 17:01:21', 'POST /addOffer'),
(307, 'Προσφορές', 93, 82, '-', '2020-12-30 17:01:45', 'POST /updateOffer'),
(308, 'Προσφορές', 93, 82, '-', '2020-12-30 17:01:58', 'POST /updateOffer'),
(309, 'Προσφορές', 93, 82, '-', '2020-12-30 17:02:12', 'POST /updateOffer'),
(310, 'ΠΑΡΑΓΓΕΛΙΕΣ', 93, 31, '-', '2020-12-30 17:02:18', 'POST /createOrder'),
(311, 'ΠΑΡΑΓΓΕΛΙΕΣ', 93, 32, '-', '2020-12-30 17:02:22', 'POST /createOrder'),
(312, 'Προσφορές', 93, 82, '-', '2020-12-30 17:02:24', 'POST /updateOffer'),
(313, 'ΠΑΡΑΓΓΕΛΙΕΣ', 93, 33, '-', '2020-12-30 17:02:28', 'POST /createOrder'),
(314, 'ΠΑΡΑΓΓΕΛΙΕΣ', 93, 34, '-', '2020-12-30 17:02:30', 'POST /createOrder'),
(315, 'ΠΑΡΑΓΓΕΛΙΕΣ', 93, 35, '-', '2020-12-30 17:02:33', 'POST /createOrder'),
(316, 'Προσφορές', 93, 82, '-', '2020-12-30 17:02:35', 'POST /updateOffer'),
(317, 'ΠΑΡΑΓΓΕΛΙΕΣ', 93, 36, '-', '2020-12-30 17:02:37', 'POST /createOrder'),
(318, 'ΠΑΡΑΓΓΕΛΙΕΣ', 93, 37, '-', '2020-12-30 17:53:52', 'POST /createOrder'),
(319, 'ΠΑΡΑΓΓΕΛΙΕΣ', 93, 38, '-', '2020-12-30 17:54:02', 'POST /createOrder'),
(320, 'ΠΑΡΑΓΓΕΛΙΕΣ', 93, 39, '-', '2020-12-30 17:54:05', 'POST /createOrder'),
(321, 'ΠΑΡΑΓΓΕΛΙΕΣ', 93, 40, '-', '2020-12-30 18:49:22', 'POST /createOrder'),
(322, 'ΠΑΡΑΓΓΕΛΙΕΣ', 93, 41, '-', '2020-12-30 18:49:27', 'POST /createOrder'),
(323, 'Προσφορές', 93, 82, '-', '2020-12-30 18:50:46', 'POST /updateOffer'),
(324, 'ΠΑΡΑΓΓΕΛΙΕΣ', 93, 42, '-', '2020-12-30 18:50:52', 'POST /createOrder'),
(325, 'ΠΑΡΑΓΓΕΛΙΕΣ', 93, 43, '-', '2020-12-30 18:54:49', 'POST /createOrder'),
(326, 'ΠΑΡΑΓΓΕΛΙΕΣ', 93, 44, '-', '2020-12-30 18:55:37', 'POST /createOrder'),
(327, 'ΠΑΡΑΓΓΕΛΙΕΣ', 93, 45, '-', '2020-12-30 18:56:53', 'POST /createOrder'),
(328, 'ΠΑΡΑΓΓΕΛΙΕΣ', 93, 46, '-', '2020-12-30 18:56:56', 'POST /createOrder'),
(329, 'ΠΑΡΑΓΓΕΛΙΕΣ', 93, 47, '-', '2020-12-30 18:56:59', 'POST /createOrder'),
(330, 'ΠΑΡΑΓΓΕΛΙΕΣ', 93, 48, '-', '2020-12-30 18:57:18', 'POST /createOrder'),
(331, 'ΠΑΡΑΓΓΕΛΙΕΣ', 93, 49, '-', '2020-12-30 18:57:24', 'POST /createOrder'),
(332, 'ΠΑΡΑΓΓΕΛΙΕΣ', 93, 50, '-', '2020-12-30 18:58:19', 'POST /createOrder'),
(333, 'ΠΑΡΑΓΓΕΛΙΕΣ', 93, 51, '-', '2020-12-30 18:59:06', 'POST /createOrder'),
(334, 'ΠΑΡΑΓΓΕΛΙΕΣ', 93, 52, '-', '2020-12-30 18:59:13', 'POST /createOrder'),
(335, 'ΠΑΡΑΓΓΕΛΙΕΣ', 93, 53, '-', '2020-12-30 19:00:55', 'POST /createOrder'),
(336, 'ΠΑΡΑΓΓΕΛΙΕΣ', 93, 54, '-', '2020-12-30 19:00:59', 'POST /createOrder'),
(337, 'ΠΑΡΑΓΓΕΛΙΕΣ', 93, 55, '-', '2020-12-30 19:01:05', 'POST /createOrder'),
(338, 'ΠΑΡΑΓΓΕΛΙΕΣ', 93, 56, '-', '2020-12-30 19:02:34', 'POST /createOrder'),
(339, 'ΠΑΡΑΓΓΕΛΙΕΣ', 93, 57, '-', '2020-12-30 19:03:00', 'POST /createOrder'),
(340, 'ΠΑΡΑΓΓΕΛΙΕΣ', 93, 58, '-', '2020-12-30 19:03:49', 'POST /createOrder'),
(341, 'ΠΑΡΑΓΓΕΛΙΕΣ', 93, 59, '-', '2020-12-30 19:04:14', 'POST /createOrder'),
(342, 'ΠΑΡΑΓΓΕΛΙΕΣ', 93, 60, '-', '2020-12-30 19:04:24', 'POST /createOrder'),
(343, 'ΠΑΡΑΓΓΕΛΙΕΣ', 93, 61, '-', '2020-12-30 19:04:34', 'POST /createOrder'),
(344, 'ΠΑΡΑΓΓΕΛΙΕΣ', 93, 62, '-', '2020-12-30 19:31:14', 'POST /createOrder'),
(345, 'ΠΑΡΑΓΓΕΛΙΕΣ', 93, 63, '-', '2020-12-30 19:31:40', 'POST /createOrder'),
(346, 'Προσφορές', 93, 82, '-', '2020-12-30 19:44:11', 'POST /updateOffer'),
(347, 'Προσφορές', 93, 82, '-', '2020-12-30 19:44:15', 'POST /updateOffer'),
(348, 'ΠΑΡΑΓΓΕΛΙΕΣ', 93, 64, '-', '2020-12-30 20:13:53', 'POST /createOrder'),
(349, 'ΠΑΡΑΓΓΕΛΙΕΣ', 93, 65, '-', '2020-12-30 20:14:46', 'POST /createOrder'),
(350, 'Προσφορές', 93, 81, '-', '2020-12-30 20:32:58', 'POST /updateOffer'),
(351, 'Προσφορές', 93, 81, '-', '2020-12-30 20:33:12', 'POST /updateOffer'),
(352, 'ΠΑΡΑΓΓΕΛΙΕΣ', 93, 66, '-', '2020-12-30 20:33:18', 'POST /createOrder'),
(353, 'ΠΑΡΑΓΓΕΛΙΕΣ', 93, 67, '-', '2020-12-30 20:34:41', 'POST /createOrder'),
(354, 'ΠΑΡΑΓΓΕΛΙΕΣ', 93, 68, '-', '2020-12-30 20:37:07', 'POST /createOrder'),
(355, 'ΠΑΡΑΓΓΕΛΙΕΣ', 93, 69, '-', '2020-12-30 20:37:14', 'POST /createOrder'),
(356, 'ΠΑΡΑΓΓΕΛΙΕΣ', 93, 70, '-', '2020-12-30 20:37:24', 'POST /createOrder'),
(357, 'Προσφορές', 93, 83, '-', '2020-12-30 20:39:38', 'POST /addOffer'),
(358, 'Προσφορές', 93, 83, '-', '2020-12-30 20:39:46', 'POST /updateOffer'),
(359, 'Προσφορές', 93, 83, '-', '2020-12-30 20:39:52', 'POST /updateOffer'),
(360, 'ΠΑΡΑΓΓΕΛΙΕΣ', 93, 71, '-', '2020-12-30 20:40:00', 'POST /createOrder'),
(361, 'ΠΑΡΑΓΓΕΛΙΕΣ', 93, 72, '-', '2020-12-30 20:40:06', 'POST /createOrder'),
(362, 'ΠΑΡΑΓΓΕΛΙΕΣ', 93, 73, '-', '2020-12-30 20:40:09', 'POST /createOrder'),
(363, 'ΠΑΡΑΓΓΕΛΙΕΣ', 93, 74, '-', '2020-12-30 20:40:13', 'POST /createOrder'),
(364, 'ΠΑΡΑΓΓΕΛΙΕΣ', 93, 75, '-', '2020-12-30 20:40:15', 'POST /createOrder'),
(365, 'ΠΑΡΑΓΓΕΛΙΕΣ', 93, 76, '-', '2020-12-30 20:40:20', 'POST /createOrder'),
(366, 'Προσφορές', 93, 84, '-', '2020-12-30 20:40:26', 'POST /addOffer'),
(367, 'Προσφορές', 93, 57, '-', '2020-12-30 20:52:03', 'POST /deleteOffer'),
(368, 'Προσφορές', 93, 84, '-', '2020-12-30 20:53:02', 'POST /updateOffer'),
(369, 'Προσφορές', 93, 84, '-', '2020-12-30 20:53:23', 'POST /updateOffer'),
(370, 'Προσφορές', 93, 84, '-', '2020-12-30 20:53:29', 'POST /updateOffer'),
(371, 'ΠΑΡΑΓΓΕΛΙΕΣ', 93, 77, '-', '2020-12-30 20:53:40', 'POST /createOrder'),
(372, 'ΠΑΡΑΓΓΕΛΙΕΣ', 93, 78, '-', '2020-12-30 22:23:27', 'POST /createOrder'),
(373, 'Προσφορές', 93, 85, '-', '2020-12-30 22:23:30', 'POST /addOffer'),
(374, 'Προσφορές', 93, 86, '-', '2020-12-30 22:23:39', 'POST /addOffer'),
(375, 'Προσφορές', 93, 87, '-', '2020-12-30 22:26:31', 'POST /addOffer'),
(376, 'Προσφορές', 93, 88, '-', '2020-12-30 22:28:12', 'POST /addOffer'),
(377, 'Προσφορές', 93, 89, '-', '2020-12-30 22:28:21', 'POST /addOffer'),
(378, 'Προσφορές', 93, 90, '-', '2020-12-30 22:29:01', 'POST /addOffer'),
(379, 'Προσφορές', 93, 90, '-', '2020-12-30 22:32:12', 'POST /updateOffer'),
(380, 'ΠΑΡΑΓΓΕΛΙΕΣ', 93, 79, '-', '2020-12-30 22:32:16', 'POST /createOrder'),
(381, 'ΠΑΡΑΓΓΕΛΙΕΣ', 93, 80, '-', '2020-12-30 22:35:46', 'POST /createOrder'),
(382, 'ΠΑΡΑΓΓΕΛΙΕΣ', 93, 81, '-', '2020-12-30 22:35:54', 'POST /createOrder'),
(383, 'ΠΑΡΑΓΓΕΛΙΕΣ', 93, 82, '-', '2020-12-30 22:38:02', 'POST /createOrder'),
(384, 'ΠΑΡΑΓΓΕΛΙΕΣ', 93, 83, '-', '2020-12-30 22:38:08', 'POST /createOrder'),
(385, 'ΠΑΡΑΓΓΕΛΙΕΣ', 93, 84, '-', '2020-12-30 22:39:35', 'POST /createOrder'),
(386, 'ΠΑΡΑΓΓΕΛΙΕΣ', 93, 85, '-', '2020-12-30 22:42:12', 'POST /createOrder'),
(387, 'ΠΑΡΑΓΓΕΛΙΕΣ', 93, 86, '-', '2020-12-30 22:44:55', 'POST /createOrder'),
(388, 'Προσφορές', 93, 91, '-', '2020-12-30 22:52:06', 'POST /addOffer'),
(389, 'Προσφορές', 93, 91, '-', '2020-12-30 22:52:30', 'POST /updateOffer'),
(390, 'Προσφορές', 93, 91, '-', '2020-12-30 22:52:32', 'POST /updateOffer'),
(391, 'ΠΑΡΑΓΓΕΛΙΕΣ', 93, 87, '-', '2020-12-30 22:52:38', 'POST /createOrder'),
(392, 'Προσφορές', 93, 92, '-', '2020-12-30 22:52:54', 'POST /addOffer'),
(393, 'Προσφορές', 93, 92, '-', '2020-12-30 22:53:02', 'POST /updateOffer'),
(394, 'Προσφορές', 93, 92, '-', '2020-12-30 22:53:07', 'POST /updateOffer'),
(395, 'ΠΑΡΑΓΓΕΛΙΕΣ', 93, 88, '-', '2020-12-30 22:53:11', 'POST /createOrder'),
(396, 'ΠΑΡΑΓΓΕΛΙΕΣ', 93, 89, '-', '2020-12-30 22:59:17', 'POST /createOrder'),
(397, 'ΠΑΡΑΓΓΕΛΙΕΣ', 93, 90, '-', '2020-12-30 22:59:25', 'POST /createOrder'),
(398, 'ΠΑΡΑΓΓΕΛΙΕΣ', 93, 91, '-', '2020-12-30 22:59:28', 'POST /createOrder'),
(399, 'ΠΑΡΑΓΓΕΛΙΕΣ', 93, 92, '-', '2020-12-30 22:59:46', 'POST /createOrder'),
(400, 'ΠΑΡΑΓΓΕΛΙΕΣ', 93, 93, '-', '2020-12-30 22:59:50', 'POST /createOrder'),
(401, 'ΠΑΡΑΓΓΕΛΙΕΣ', 93, 94, '-', '2020-12-30 22:59:58', 'POST /createOrder'),
(402, 'ΠΑΡΑΓΓΕΛΙΕΣ', 93, 95, '-', '2020-12-30 23:00:01', 'POST /createOrder'),
(403, 'ΠΑΡΑΓΓΕΛΙΕΣ', 93, 96, '-', '2020-12-30 23:00:09', 'POST /createOrder'),
(404, 'ΠΑΡΑΓΓΕΛΙΕΣ', 93, 97, '-', '2020-12-30 23:00:13', 'POST /createOrder'),
(405, 'ΠΑΡΑΓΓΕΛΙΕΣ', 93, 98, '-', '2020-12-30 23:00:20', 'POST /createOrder'),
(406, 'ΠΑΡΑΓΓΕΛΙΕΣ', 93, 99, '-', '2020-12-30 23:00:29', 'POST /createOrder'),
(407, 'Προσφορές', 93, 70, '-', '2020-12-30 23:04:13', 'POST /updateOffer'),
(408, 'Προσφορές', 93, 70, '-', '2020-12-30 23:04:23', 'POST /updateOffer'),
(409, 'ΠΑΡΑΓΓΕΛΙΕΣ', 93, 100, '-', '2020-12-30 23:04:38', 'POST /createOrder'),
(410, 'ΠΑΡΑΓΓΕΛΙΕΣ', 93, 101, '-', '2020-12-30 23:04:47', 'POST /createOrder'),
(411, 'ΠΑΡΑΓΓΕΛΙΕΣ', 93, 102, '-', '2020-12-30 23:05:08', 'POST /createOrder'),
(412, 'ΠΑΡΑΓΓΕΛΙΕΣ', 93, 103, '-', '2020-12-30 23:09:21', 'POST /createOrder'),
(413, 'ΠΑΡΑΓΓΕΛΙΕΣ', 93, 104, '-', '2020-12-30 23:09:25', 'POST /createOrder'),
(414, 'ΠΑΡΑΓΓΕΛΙΕΣ', 93, 105, '-', '2020-12-30 23:09:27', 'POST /createOrder'),
(415, 'ΠΑΡΑΓΓΕΛΙΕΣ', 93, 106, '-', '2020-12-30 23:09:30', 'POST /createOrder'),
(416, 'Προσφορές', 93, 92, '-', '2020-12-30 23:16:00', 'POST /updateOffer'),
(417, 'ΠΑΡΑΓΓΕΛΙΕΣ', 93, 107, '-', '2020-12-30 23:16:07', 'POST /createOrder'),
(418, 'ΠΑΡΑΓΓΕΛΙΕΣ', 93, 108, '-', '2020-12-30 23:16:11', 'POST /createOrder'),
(419, 'ΠΑΡΑΓΓΕΛΙΕΣ', 93, 109, '-', '2020-12-30 23:16:13', 'POST /createOrder'),
(420, 'ΠΑΡΑΓΓΕΛΙΕΣ', 93, 110, '-', '2020-12-30 23:16:20', 'POST /createOrder'),
(421, 'ΠΑΡΑΓΓΕΛΙΕΣ', 93, 111, '-', '2020-12-30 23:16:22', 'POST /createOrder'),
(422, 'ΠΑΡΑΓΓΕΛΙΕΣ', 93, 112, '-', '2020-12-30 23:16:27', 'POST /createOrder'),
(423, 'ΠΑΡΑΓΓΕΛΙΕΣ', 93, 113, '-', '2020-12-30 23:16:37', 'POST /createOrder'),
(424, 'ΠΑΡΑΓΓΕΛΙΕΣ', 93, 114, '-', '2020-12-30 23:16:39', 'POST /createOrder'),
(425, 'ΠΑΡΑΓΓΕΛΙΕΣ', 93, 115, '-', '2020-12-30 23:16:42', 'POST /createOrder'),
(426, 'ΠΑΡΑΓΓΕΛΙΕΣ', 93, 116, '-', '2020-12-30 23:16:45', 'POST /createOrder'),
(427, 'ΠΑΡΑΓΓΕΛΙΕΣ', 93, 117, '-', '2020-12-30 23:16:48', 'POST /createOrder'),
(428, 'ΠΑΡΑΓΓΕΛΙΕΣ', 93, 118, '-', '2020-12-30 23:16:52', 'POST /createOrder'),
(429, 'ΠΑΡΑΓΓΕΛΙΕΣ', 93, 119, '-', '2020-12-30 23:17:00', 'POST /createOrder'),
(430, 'ΠΑΡΑΓΓΕΛΙΕΣ', 93, 120, '-', '2020-12-30 23:17:03', 'POST /createOrder'),
(431, 'ΠΑΡΑΓΓΕΛΙΕΣ', 93, 121, '-', '2020-12-30 23:17:06', 'POST /createOrder'),
(432, 'ΠΑΡΑΓΓΕΛΙΕΣ', 93, 122, '-', '2020-12-30 23:17:09', 'POST /createOrder'),
(433, 'ΠΑΡΑΓΓΕΛΙΕΣ', 93, 123, '-', '2020-12-30 23:17:15', 'POST /createOrder'),
(434, 'ΠΑΡΑΓΓΕΛΙΕΣ', 93, 124, '-', '2020-12-30 23:17:17', 'POST /createOrder'),
(435, 'ΠΑΡΑΓΓΕΛΙΕΣ', 93, 125, '-', '2020-12-30 23:17:20', 'POST /createOrder'),
(436, 'ΠΑΡΑΓΓΕΛΙΕΣ', 93, 126, '-', '2020-12-30 23:17:36', 'POST /createOrder'),
(437, 'ΠΑΡΑΓΓΕΛΙΕΣ', 93, 127, '-', '2020-12-30 23:17:44', 'POST /createOrder'),
(438, 'ΠΑΡΑΓΓΕΛΙΕΣ', 93, 128, '-', '2020-12-30 23:17:50', 'POST /createOrder'),
(439, 'ΠΑΡΑΓΓΕΛΙΕΣ', 93, 129, '-', '2020-12-30 23:17:53', 'POST /createOrder'),
(440, 'Προσφορές', 93, 71, '-', '2020-12-30 23:18:13', 'POST /updateOffer'),
(441, 'ΠΑΡΑΓΓΕΛΙΕΣ', 93, 130, '-', '2020-12-30 23:18:17', 'POST /createOrder'),
(442, 'ΠΑΡΑΓΓΕΛΙΕΣ', 93, 131, '-', '2020-12-30 23:18:20', 'POST /createOrder'),
(443, 'ΠΑΡΑΓΓΕΛΙΕΣ', 93, 132, '-', '2020-12-30 23:18:23', 'POST /createOrder'),
(444, 'ΠΑΡΑΓΓΕΛΙΕΣ', 93, 133, '-', '2020-12-30 23:18:30', 'POST /createOrder'),
(445, 'ΠΑΡΑΓΓΕΛΙΕΣ', 93, 134, '-', '2020-12-30 23:18:34', 'POST /createOrder'),
(446, 'Προσφορές', 93, 68, '-', '2020-12-30 23:18:50', 'POST /updateOffer'),
(447, 'Προσφορές', 93, 68, '-', '2020-12-30 23:20:02', 'POST /updateOffer'),
(448, 'ΠΑΡΑΓΓΕΛΙΕΣ', 93, 135, '-', '2020-12-30 23:20:06', 'POST /createOrder'),
(449, 'χρήστες', 93, 107, '-', '2020-12-31 01:27:20', 'POST /addUser'),
(450, 'χρήστες', 93, 108, '-', '2020-12-31 01:27:39', 'POST /addUser'),
(451, 'χρήστες', 93, 109, '-', '2020-12-31 01:28:01', 'POST /addUser'),
(452, 'ΠΑΡΑΓΓΕΛΙΕΣ', 93, 136, '-', '2020-12-31 01:58:21', 'POST /createOrder'),
(453, 'ΠΑΡΑΓΓΕΛΙΕΣ', 0, 0, '-', '2020-12-31 11:03:07', 'POST /updateOrder'),
(454, 'ΠΑΡΑΓΓΕΛΙΕΣ', 0, 0, '-', '2020-12-31 11:04:42', 'POST /updateOrder'),
(455, 'ΠΑΡΑΓΓΕΛΙΕΣ', 0, 0, '-', '2020-12-31 11:05:22', 'POST /updateOrder'),
(456, 'ΠΑΡΑΓΓΕΛΙΕΣ', 0, 0, '-', '2020-12-31 11:25:02', 'POST /updateOrder'),
(457, 'ΠΑΡΑΓΓΕΛΙΕΣ', 0, 0, '-', '2020-12-31 11:26:53', 'POST /updateOrder'),
(458, 'Προσφορές', 93, 83, '-', '2020-12-31 22:45:06', 'POST /updateOffer'),
(459, 'login', 93, 93, '-', '2021-01-02 04:27:28', 'POST /login'),
(460, 'ΠΑΡΑΓΓΕΛΙΕΣ', 93, 137, '-', '2021-01-02 04:34:25', 'POST /createOrder'),
(461, 'Προσφορές', 93, 93, '-', '2021-01-02 04:34:38', 'POST /addOffer'),
(462, 'Προσφορές', 93, 93, '-', '2021-01-02 04:34:57', 'POST /updateOffer'),
(463, 'ΠΑΡΑΓΓΕΛΙΕΣ', 93, 138, '-', '2021-01-02 04:35:01', 'POST /createOrder'),
(464, 'Προσφορές', 93, 94, '-', '2021-01-02 04:35:25', 'POST /addOffer'),
(465, 'Προσφορές', 93, 94, '-', '2021-01-02 04:35:43', 'POST /updateOffer'),
(466, 'Προσφορές', 93, 94, '-', '2021-01-02 04:35:46', 'POST /updateOffer'),
(467, 'ΠΑΡΑΓΓΕΛΙΕΣ', 93, 139, '-', '2021-01-02 04:35:48', 'POST /createOrder'),
(468, 'Προσφορές', 93, 95, '-', '2021-01-02 04:35:59', 'POST /addOffer'),
(469, 'ΠΑΡΑΓΓΕΛΙΕΣ', 0, 0, '-', '2021-01-02 23:08:13', 'POST /updateOrder'),
(470, 'ΠΑΡΑΓΓΕΛΙΕΣ', 0, 0, '-', '2021-01-02 23:09:29', 'POST /updateOrder'),
(471, 'ΠΑΡΑΓΓΕΛΙΕΣ', 0, 0, '-', '2021-01-02 23:10:26', 'POST /updateOrder'),
(472, 'ΠΑΡΑΓΓΕΛΙΕΣ', 0, 0, '-', '2021-01-02 23:12:21', 'POST /updateOrder'),
(473, 'ΠΑΡΑΓΓΕΛΙΕΣ', 0, 0, '-', '2021-01-02 23:13:59', 'POST /updateOrder'),
(474, 'ΠΑΡΑΓΓΕΛΙΕΣ', 0, 0, '-', '2021-01-02 23:46:42', 'POST /updateOrder'),
(475, 'ΠΑΡΑΓΓΕΛΙΕΣ', 0, 0, '-', '2021-01-02 23:50:06', 'POST /updateOrder'),
(476, 'ΠΑΡΑΓΓΕΛΙΕΣ', 0, 0, '-', '2021-01-02 23:50:15', 'POST /updateOrder'),
(477, 'ΠΑΡΑΓΓΕΛΙΕΣ', 0, 0, '-', '2021-01-02 23:59:04', 'POST /updateOrder'),
(478, 'ΠΑΡΑΓΓΕΛΙΕΣ', 0, 0, '-', '2021-01-03 01:12:31', 'POST /updateOrder'),
(479, 'ΠΑΡΑΓΓΕΛΙΕΣ', 0, 0, '-', '2021-01-03 01:18:32', 'POST /updateOrder'),
(480, 'ΠΑΡΑΓΓΕΛΙΕΣ', 0, 0, '-', '2021-01-03 01:20:08', 'POST /updateOrder'),
(481, 'ΠΑΡΑΓΓΕΛΙΕΣ', 0, 0, '-', '2021-01-03 03:04:11', 'POST /updateOrder'),
(482, 'ΠΑΡΑΓΓΕΛΙΕΣ', 0, 0, '-', '2021-01-03 03:06:35', 'POST /updateOrder'),
(483, 'ΠΑΡΑΓΓΕΛΙΕΣ', 0, 0, '-', '2021-01-03 03:06:37', 'POST /updateOrder'),
(484, 'ΠΑΡΑΓΓΕΛΙΕΣ', 0, 0, '-', '2021-01-03 03:07:33', 'POST /updateOrder'),
(485, 'ΠΑΡΑΓΓΕΛΙΕΣ', 0, 0, '-', '2021-01-03 03:07:46', 'POST /updateOrder'),
(486, 'ΠΑΡΑΓΓΕΛΙΕΣ', 0, 0, '-', '2021-01-03 03:08:02', 'POST /updateOrder'),
(487, 'ΠΑΡΑΓΓΕΛΙΕΣ', 0, 0, '-', '2021-01-03 03:18:31', 'POST /updateOrder'),
(488, 'ΠΑΡΑΓΓΕΛΙΕΣ', 0, 0, '-', '2021-01-03 03:35:58', 'POST /updateOrder'),
(489, 'ΠΑΡΑΓΓΕΛΙΕΣ', 0, 0, '-', '2021-01-03 03:41:27', 'POST /updateOrder'),
(490, 'ΠΑΡΑΓΓΕΛΙΕΣ', 0, 0, '-', '2021-01-03 03:41:29', 'POST /updateOrder'),
(491, 'ΠΑΡΑΓΓΕΛΙΕΣ', 0, 0, '-', '2021-01-03 03:41:32', 'POST /updateOrder'),
(492, 'ΠΑΡΑΓΓΕΛΙΕΣ', 0, 0, '-', '2021-01-03 03:41:34', 'POST /updateOrder'),
(493, 'ΠΑΡΑΓΓΕΛΙΕΣ', 0, 0, '-', '2021-01-03 03:41:38', 'POST /updateOrder'),
(494, 'ΠΑΡΑΓΓΕΛΙΕΣ', 0, 0, '-', '2021-01-03 03:41:39', 'POST /updateOrder'),
(495, 'ΠΑΡΑΓΓΕΛΙΕΣ', 0, 0, '-', '2021-01-03 03:41:42', 'POST /updateOrder'),
(496, 'ΠΑΡΑΓΓΕΛΙΕΣ', 0, 0, '-', '2021-01-03 03:41:45', 'POST /updateOrder'),
(497, 'ΠΑΡΑΓΓΕΛΙΕΣ', 0, 0, '-', '2021-01-03 03:41:48', 'POST /updateOrder'),
(498, 'ΠΑΡΑΓΓΕΛΙΕΣ', 0, 0, '-', '2021-01-03 03:41:51', 'POST /updateOrder'),
(499, 'ΠΑΡΑΓΓΕΛΙΕΣ', 0, 0, '-', '2021-01-03 03:41:53', 'POST /updateOrder'),
(500, 'ΠΑΡΑΓΓΕΛΙΕΣ', 0, 0, '-', '2021-01-03 03:41:59', 'POST /updateOrder'),
(501, 'ΠΑΡΑΓΓΕΛΙΕΣ', 0, 0, '-', '2021-01-03 03:42:01', 'POST /updateOrder'),
(502, 'ΠΑΡΑΓΓΕΛΙΕΣ', 0, 0, '-', '2021-01-03 03:42:04', 'POST /updateOrder'),
(503, 'ΠΑΡΑΓΓΕΛΙΕΣ', 0, 0, '-', '2021-01-03 03:42:06', 'POST /updateOrder'),
(504, 'ΠΑΡΑΓΓΕΛΙΕΣ', 0, 0, '-', '2021-01-03 03:42:09', 'POST /updateOrder'),
(505, 'ΠΑΡΑΓΓΕΛΙΕΣ', 0, 0, '-', '2021-01-03 03:42:11', 'POST /updateOrder'),
(506, 'ΠΑΡΑΓΓΕΛΙΕΣ', 0, 0, '-', '2021-01-03 03:43:24', 'POST /updateOrder'),
(507, 'ΠΑΡΑΓΓΕΛΙΕΣ', 0, 0, '-', '2021-01-03 03:52:29', 'POST /updateOrder'),
(508, 'ΠΑΡΑΓΓΕΛΙΕΣ', 0, 0, '-', '2021-01-03 04:00:47', 'POST /updateOrder'),
(509, 'ΠΑΡΑΓΓΕΛΙΕΣ', 0, 0, '-', '2021-01-03 04:01:37', 'POST /updateOrder'),
(510, 'ΠΑΡΑΓΓΕΛΙΕΣ', 0, 0, '-', '2021-01-03 04:01:43', 'POST /updateOrder'),
(511, 'ΠΑΡΑΓΓΕΛΙΕΣ', 0, 0, '-', '2021-01-03 04:13:33', 'POST /updateOrder'),
(512, 'login', 93, 93, '-', '2021-01-03 04:33:35', 'POST /login'),
(513, 'ΠΑΡΑΓΓΕΛΙΕΣ', 0, 0, '-', '2021-01-03 04:36:01', 'POST /updateOrder'),
(514, 'ΠΑΡΑΓΓΕΛΙΕΣ', 0, 0, '-', '2021-01-03 05:01:54', 'POST /updateOrder'),
(515, 'ΠΑΡΑΓΓΕΛΙΕΣ', 0, 0, '-', '2021-01-03 05:03:46', 'POST /updateOrder'),
(516, 'ΠΑΡΑΓΓΕΛΙΕΣ', 0, 0, '-', '2021-01-03 05:04:10', 'POST /updateOrder'),
(517, 'ΠΑΡΑΓΓΕΛΙΕΣ', 0, 0, '-', '2021-01-03 05:06:33', 'POST /updateOrder'),
(518, 'ΠΑΡΑΓΓΕΛΙΕΣ', 0, 0, '-', '2021-01-03 05:30:10', 'POST /updateOrder'),
(519, 'ΠΑΡΑΓΓΕΛΙΕΣ', 0, 0, '-', '2021-01-03 05:30:38', 'POST /updateOrder'),
(520, 'ΠΑΡΑΓΓΕΛΙΕΣ', 0, 0, '-', '2021-01-03 05:31:34', 'POST /updateOrder'),
(521, 'ΠΑΡΑΓΓΕΛΙΕΣ', 0, 0, '-', '2021-01-03 05:35:49', 'POST /updateOrder'),
(522, 'ΠΑΡΑΓΓΕΛΙΕΣ', 0, 0, '-', '2021-01-03 05:39:12', 'POST /updateOrder'),
(523, 'ΠΑΡΑΓΓΕΛΙΕΣ', 0, 0, '-', '2021-01-03 05:42:12', 'POST /updateOrder'),
(524, 'ΠΑΡΑΓΓΕΛΙΕΣ', 0, 0, '-', '2021-01-03 05:42:13', 'POST /updateOrder'),
(525, 'ΠΑΡΑΓΓΕΛΙΕΣ', 0, 0, '-', '2021-01-03 05:42:18', 'POST /updateOrder'),
(526, 'Προσφορές', 93, 72, '-', '2021-01-03 05:49:44', 'POST /updateOffer'),
(527, 'Προσφορές', 93, 72, '-', '2021-01-03 05:49:49', 'POST /updateOffer'),
(528, 'ΠΑΡΑΓΓΕΛΙΕΣ', 93, 140, '-', '2021-01-03 05:49:54', 'POST /createOrder'),
(529, 'Προσφορές', 93, 64, '-', '2021-01-03 05:51:24', 'POST /updateOffer'),
(530, 'Προσφορές', 93, 64, '-', '2021-01-03 05:51:31', 'POST /updateOffer'),
(531, 'Προσφορές', 93, 64, '-', '2021-01-03 05:51:34', 'POST /updateOffer'),
(532, 'ΠΑΡΑΓΓΕΛΙΕΣ', 93, 141, '-', '2021-01-03 05:51:38', 'POST /createOrder'),
(533, 'Προσφορές', 93, 63, '-', '2021-01-03 05:53:08', 'POST /updateOffer'),
(534, 'ΠΑΡΑΓΓΕΛΙΕΣ', 93, 142, '-', '2021-01-03 05:53:10', 'POST /createOrder'),
(535, 'Προσφορές', 93, 62, '-', '2021-01-03 05:53:36', 'POST /updateOffer'),
(536, 'Προσφορές', 93, 62, '-', '2021-01-03 05:53:58', 'POST /updateOffer'),
(537, 'Προσφορές', 93, 62, '-', '2021-01-03 05:54:08', 'POST /updateOffer'),
(538, 'ΠΑΡΑΓΓΕΛΙΕΣ', 93, 143, '-', '2021-01-03 05:54:14', 'POST /createOrder'),
(539, 'ΠΑΡΑΓΓΕΛΙΕΣ', 0, 0, '-', '2021-01-03 05:56:36', 'POST /updateOrder'),
(540, 'ΠΑΡΑΓΓΕΛΙΕΣ', 0, 0, '-', '2021-01-03 05:56:43', 'POST /updateOrder'),
(541, 'ΠΑΡΑΓΓΕΛΙΕΣ', 0, 0, '-', '2021-01-03 05:56:55', 'POST /updateOrder'),
(542, 'ΠΑΡΑΓΓΕΛΙΕΣ', 0, 0, '-', '2021-01-03 05:58:25', 'POST /updateOrder'),
(543, 'ΠΑΡΑΓΓΕΛΙΕΣ', 0, 0, '-', '2021-01-03 06:00:59', 'POST /updateOrder'),
(544, 'ΠΑΡΑΓΓΕΛΙΕΣ', 0, 0, '-', '2021-01-03 06:01:02', 'POST /updateOrder'),
(545, 'πελατες προμηθευτες', 93, 24, '-', '2021-01-03 06:01:38', 'POST /updateCustomerSupplier'),
(546, 'πελατες προμηθευτες', 93, 24, '-', '2021-01-03 06:01:40', 'POST /updateCustomerSupplier'),
(547, 'ΠΑΡΑΓΓΕΛΙΕΣ', 0, 0, '-', '2021-01-03 06:03:55', 'POST /updateOrder'),
(548, 'ΠΑΡΑΓΓΕΛΙΕΣ', 0, 0, '-', '2021-01-03 06:04:01', 'POST /updateOrder'),
(549, 'ΠΑΡΑΓΓΕΛΙΕΣ', 0, 0, '-', '2021-01-03 06:04:03', 'POST /updateOrder'),
(550, 'ΠΑΡΑΓΓΕΛΙΕΣ', 0, 0, '-', '2021-01-03 06:04:41', 'POST /updateOrder'),
(551, 'ΠΑΡΑΓΓΕΛΙΕΣ', 0, 0, '-', '2021-01-03 06:34:38', 'POST /updateOrder'),
(552, 'ΠΑΡΑΓΓΕΛΙΕΣ', 0, 0, '-', '2021-01-03 06:35:02', 'POST /updateOrder'),
(553, 'ΠΑΡΑΓΓΕΛΙΕΣ', 0, 0, '-', '2021-01-03 06:35:24', 'POST /updateOrder'),
(554, 'Προσφορές', 93, 95, '-', '2021-01-03 15:58:58', 'POST /updateOffer'),
(555, 'ΠΑΡΑΓΓΕΛΙΕΣ', 0, 0, '-', '2021-01-03 20:52:32', 'POST /updateOrder'),
(556, 'ΠΑΡΑΓΓΕΛΙΕΣ', 0, 0, '-', '2021-01-03 20:57:11', 'POST /updateOrder'),
(557, 'ΠΑΡΑΓΓΕΛΙΕΣ', 0, 0, '-', '2021-01-04 00:19:31', 'POST /updateOrder'),
(558, 'ΠΑΡΑΓΓΕΛΙΕΣ', 0, 0, '-', '2021-01-04 01:54:55', 'POST /updateOrder'),
(559, 'ΠΑΡΑΓΓΕΛΙΕΣ', 0, 0, '-', '2021-01-04 02:00:53', 'POST /updateOrder'),
(560, 'ΠΑΡΑΓΓΕΛΙΕΣ', 0, 0, '-', '2021-01-04 02:01:17', 'POST /updateOrder'),
(561, 'ΠΑΡΑΓΓΕΛΙΕΣ', 0, 0, '-', '2021-01-04 02:02:01', 'POST /updateOrder'),
(562, 'ΠΑΡΑΓΓΕΛΙΕΣ', 0, 0, '-', '2021-01-04 02:03:14', 'POST /updateOrder'),
(563, 'ΠΑΡΑΓΓΕΛΙΕΣ', 0, 0, '-', '2021-01-04 02:03:55', 'POST /updateOrder'),
(564, 'ΠΑΡΑΓΓΕΛΙΕΣ', 0, 0, '-', '2021-01-04 02:04:49', 'POST /updateOrder'),
(565, 'ΠΑΡΑΓΓΕΛΙΕΣ', 0, 0, '-', '2021-01-04 02:04:53', 'POST /updateOrder'),
(566, 'ΠΑΡΑΓΓΕΛΙΕΣ', 0, 0, '-', '2021-01-04 02:09:30', 'POST /updateOrder'),
(567, 'ΠΑΡΑΓΓΕΛΙΕΣ', 0, 0, '-', '2021-01-04 02:12:20', 'POST /updateOrder'),
(568, 'ΠΑΡΑΓΓΕΛΙΕΣ', 0, 0, '-', '2021-01-04 02:12:24', 'POST /updateOrder'),
(569, 'ΠΑΡΑΓΓΕΛΙΕΣ', 0, 0, '-', '2021-01-04 02:12:49', 'POST /updateOrder'),
(570, 'ΠΑΡΑΓΓΕΛΙΕΣ', 0, 0, '-', '2021-01-04 02:14:16', 'POST /updateOrder'),
(571, 'ΠΑΡΑΓΓΕΛΙΕΣ', 0, 0, '-', '2021-01-04 02:14:30', 'POST /updateOrder'),
(572, 'ΠΑΡΑΓΓΕΛΙΕΣ', 0, 0, '-', '2021-01-04 02:14:31', 'POST /updateOrder'),
(573, 'ΠΑΡΑΓΓΕΛΙΕΣ', 0, 0, '-', '2021-01-04 02:14:31', 'POST /updateOrder'),
(574, 'ΠΑΡΑΓΓΕΛΙΕΣ', 0, 0, '-', '2021-01-04 02:14:31', 'POST /updateOrder'),
(575, 'ΠΑΡΑΓΓΕΛΙΕΣ', 0, 0, '-', '2021-01-04 02:14:31', 'POST /updateOrder'),
(576, 'ΠΑΡΑΓΓΕΛΙΕΣ', 0, 0, '-', '2021-01-04 02:14:31', 'POST /updateOrder'),
(577, 'ΠΑΡΑΓΓΕΛΙΕΣ', 0, 0, '-', '2021-01-04 02:16:21', 'POST /updateOrder'),
(578, 'login', 93, 93, '-', '2021-01-04 04:34:26', 'POST /login'),
(579, 'ΠΑΡΑΓΓΕΛΙΕΣ', 0, 0, '-', '2021-01-04 04:57:58', 'POST /updateOrder'),
(580, 'ΠΑΡΑΓΓΕΛΙΕΣ', 0, 0, '-', '2021-01-04 04:58:54', 'POST /updateOrder'),
(581, 'ΠΑΡΑΓΓΕΛΙΕΣ', 0, 0, '-', '2021-01-04 05:04:46', 'POST /updateOrder'),
(582, 'ΠΑΡΑΓΓΕΛΙΕΣ', 0, 0, '-', '2021-01-04 14:12:41', 'POST /updateOrder'),
(583, 'ΠΑΡΑΓΓΕΛΙΕΣ', 0, 0, '-', '2021-01-04 14:13:42', 'POST /updateOrder'),
(584, 'ΠΑΡΑΓΓΕΛΙΕΣ', 0, 0, '-', '2021-01-04 14:19:06', 'POST /updateOrder'),
(585, 'ΠΑΡΑΓΓΕΛΙΕΣ', 0, 0, '-', '2021-01-04 14:23:34', 'POST /updateOrder'),
(586, 'ΠΑΡΑΓΓΕΛΙΕΣ', 0, 0, '-', '2021-01-04 14:34:54', 'POST /updateOrder'),
(587, 'ΠΑΡΑΓΓΕΛΙΕΣ', 0, 0, '-', '2021-01-04 14:35:08', 'POST /updateOrder'),
(588, 'ΠΑΡΑΓΓΕΛΙΕΣ', 0, 0, '-', '2021-01-04 14:37:26', 'POST /updateOrder'),
(589, 'ΠΑΡΑΓΓΕΛΙΕΣ', 0, 0, '-', '2021-01-04 14:37:28', 'POST /updateOrder'),
(590, 'ΠΑΡΑΓΓΕΛΙΕΣ', 0, 0, '-', '2021-01-04 16:02:10', 'POST /updateOrderWaypoint'),
(591, 'ΠΑΡΑΓΓΕΛΙΕΣ', 0, 0, '-', '2021-01-04 16:08:11', 'POST /updateOrderWaypoint'),
(592, 'ΠΑΡΑΓΓΕΛΙΕΣ', 0, 0, '-', '2021-01-04 16:14:27', 'POST /updateOrderWaypoint'),
(593, 'ΠΑΡΑΓΓΕΛΙΕΣ', 0, 0, '-', '2021-01-04 16:45:35', 'POST /updateOrder'),
(594, 'ΠΑΡΑΓΓΕΛΙΕΣ', 0, 0, '-', '2021-01-04 16:45:37', 'POST /updateOrder'),
(595, 'ΠΑΡΑΓΓΕΛΙΕΣ', 0, 0, '-', '2021-01-04 16:46:03', 'POST /updateOrder'),
(596, 'ΠΑΡΑΓΓΕΛΙΕΣ', 0, 0, '-', '2021-01-04 17:50:02', 'POST /updateOrder'),
(597, 'ΠΑΡΑΓΓΕΛΙΕΣ', 0, 0, '-', '2021-01-04 17:58:53', 'POST /updateOrder'),
(598, 'ΠΑΡΑΓΓΕΛΙΕΣ', 0, 0, '-', '2021-01-04 18:05:05', 'POST /updateOrder'),
(599, 'ΠΑΡΑΓΓΕΛΙΕΣ', 0, 0, '-', '2021-01-04 18:17:36', 'POST /updateOrder'),
(600, 'ΠΑΡΑΓΓΕΛΙΕΣ', 0, 0, '-', '2021-01-04 18:18:24', 'POST /updateOrder'),
(601, 'ΠΑΡΑΓΓΕΛΙΕΣ', 0, 0, '-', '2021-01-04 18:19:13', 'POST /updateOrder'),
(602, 'ΠΑΡΑΓΓΕΛΙΕΣ', 0, 0, '-', '2021-01-04 18:19:39', 'POST /updateOrder'),
(603, 'ΠΑΡΑΓΓΕΛΙΕΣ', 0, 0, '-', '2021-01-04 18:20:55', 'POST /updateOrder'),
(604, 'ΠΑΡΑΓΓΕΛΙΕΣ', 0, 0, '-', '2021-01-04 18:21:28', 'POST /updateOrder'),
(605, 'ΠΑΡΑΓΓΕΛΙΕΣ', 0, 0, '-', '2021-01-04 18:21:36', 'POST /updateOrder'),
(606, 'ΠΑΡΑΓΓΕΛΙΕΣ', 0, 0, '-', '2021-01-04 18:22:35', 'POST /updateOrder'),
(607, 'ΠΑΡΑΓΓΕΛΙΕΣ', 0, 0, '-', '2021-01-04 18:22:38', 'POST /updateOrder'),
(608, 'ΠΑΡΑΓΓΕΛΙΕΣ', 0, 0, '-', '2021-01-04 18:22:42', 'POST /updateOrder'),
(609, 'ΠΑΡΑΓΓΕΛΙΕΣ', 0, 0, '-', '2021-01-04 18:22:50', 'POST /updateOrder'),
(610, 'ΠΑΡΑΓΓΕΛΙΕΣ', 0, 0, '-', '2021-01-04 18:22:52', 'POST /updateOrder'),
(611, 'ΠΑΡΑΓΓΕΛΙΕΣ', 0, 0, '-', '2021-01-04 18:23:40', 'POST /updateOrder'),
(612, 'ΠΑΡΑΓΓΕΛΙΕΣ', 0, 0, '-', '2021-01-04 18:23:42', 'POST /updateOrder'),
(613, 'ΠΑΡΑΓΓΕΛΙΕΣ', 0, 0, '-', '2021-01-04 18:23:45', 'POST /updateOrder'),
(614, 'ΠΑΡΑΓΓΕΛΙΕΣ', 0, 0, '-', '2021-01-04 18:23:50', 'POST /updateOrder'),
(615, 'ΠΑΡΑΓΓΕΛΙΕΣ', 0, 0, '-', '2021-01-04 18:23:54', 'POST /updateOrder'),
(616, 'ΠΑΡΑΓΓΕΛΙΕΣ', 0, 0, '-', '2021-01-04 18:23:56', 'POST /updateOrder'),
(617, 'ΠΑΡΑΓΓΕΛΙΕΣ', 0, 0, '-', '2021-01-04 18:23:59', 'POST /updateOrder'),
(618, 'ΠΑΡΑΓΓΕΛΙΕΣ', 0, 0, '-', '2021-01-04 18:25:56', 'POST /updateOrder'),
(619, 'ΠΑΡΑΓΓΕΛΙΕΣ', 0, 0, '-', '2021-01-04 18:25:58', 'POST /updateOrder'),
(620, 'ΠΑΡΑΓΓΕΛΙΕΣ', 0, 0, '-', '2021-01-04 18:26:05', 'POST /updateOrder'),
(621, 'ΠΑΡΑΓΓΕΛΙΕΣ', 0, 0, '-', '2021-01-04 18:26:46', 'POST /updateOrder'),
(622, 'Προσφορές', 93, 95, '-', '2021-01-04 19:36:15', 'POST /updateOffer'),
(623, 'Προσφορές', 93, 95, '-', '2021-01-04 20:01:41', 'POST /updateOffer'),
(624, '', 0, 0, '-', '2021-01-04 20:15:42', 'POST /addScheduleMeasureUnit'),
(625, '', 0, 0, '-', '2021-01-04 20:19:39', 'POST /addScheduleMeasureUnit'),
(626, '', 0, 0, '-', '2021-01-04 20:19:50', 'POST /addScheduleMeasureUnit'),
(627, '', 0, 0, '-', '2021-01-04 20:21:32', 'POST /addScheduleMeasureUnit'),
(628, '', 0, 0, '-', '2021-01-04 20:24:25', 'POST /addScheduleMeasureUnit'),
(629, '', 0, 0, '-', '2021-01-04 20:24:38', 'POST /updateScheduleMeasureUnit'),
(630, '', 0, 0, '-', '2021-01-04 20:26:04', 'POST /addScheduleMeasureUnit'),
(631, '', 0, 0, '-', '2021-01-04 20:26:31', 'POST /addScheduleMeasureUnit'),
(632, '', 0, 0, '-', '2021-01-04 20:31:17', 'POST /addScheduleMeasureUnit'),
(633, '', 0, 0, '-', '2021-01-04 20:31:29', 'POST /updateScheduleMeasureUnit'),
(634, 'ΠΑΡΑΓΓΕΛΙΕΣ', 0, 0, '-', '2021-01-04 23:58:02', 'POST /updateOrder'),
(635, 'ΠΑΡΑΓΓΕΛΙΕΣ', 0, 0, '-', '2021-01-05 00:05:13', 'POST /updateOrder'),
(636, 'ΠΑΡΑΓΓΕΛΙΕΣ', 0, 0, '-', '2021-01-05 00:06:24', 'POST /updateOrder'),
(637, 'ΠΑΡΑΓΓΕΛΙΕΣ', 0, 0, '-', '2021-01-05 00:53:20', 'POST /updateOrder'),
(638, 'ΠΑΡΑΓΓΕΛΙΕΣ', 0, 0, '-', '2021-01-05 00:54:37', 'POST /updateOrder'),
(639, 'ΠΑΡΑΓΓΕΛΙΕΣ', 0, 0, '-', '2021-01-05 01:02:04', 'POST /updateOrder'),
(640, 'ΠΑΡΑΓΓΕΛΙΕΣ', 0, 0, '-', '2021-01-05 01:13:50', 'POST /updateOrder'),
(641, 'ΠΑΡΑΓΓΕΛΙΕΣ', 0, 0, '-', '2021-01-05 01:14:16', 'POST /updateOrder'),
(642, 'ΠΑΡΑΓΓΕΛΙΕΣ', 0, 0, '-', '2021-01-05 01:22:16', 'POST /updateOrder'),
(643, 'ΠΑΡΑΓΓΕΛΙΕΣ', 0, 0, '-', '2021-01-05 01:22:27', 'POST /updateOrder'),
(644, 'ΠΑΡΑΓΓΕΛΙΕΣ', 0, 0, '-', '2021-01-05 01:22:30', 'POST /updateOrder'),
(645, 'ΠΑΡΑΓΓΕΛΙΕΣ', 0, 0, '-', '2021-01-05 01:23:17', 'POST /updateOrder'),
(646, 'ΠΑΡΑΓΓΕΛΙΕΣ', 0, 0, '-', '2021-01-05 01:23:31', 'POST /updateOrder'),
(647, 'ΠΑΡΑΓΓΕΛΙΕΣ', 0, 0, '-', '2021-01-05 01:25:28', 'POST /updateOrder'),
(648, 'ΠΑΡΑΓΓΕΛΙΕΣ', 0, 0, '-', '2021-01-05 01:26:03', 'POST /updateOrder'),
(649, 'ΠΑΡΑΓΓΕΛΙΕΣ', 0, 0, '-', '2021-01-05 01:26:15', 'POST /updateOrder'),
(650, 'ΠΑΡΑΓΓΕΛΙΕΣ', 0, 0, '-', '2021-01-05 01:27:48', 'POST /updateOrder'),
(651, 'ΠΑΡΑΓΓΕΛΙΕΣ', 0, 0, '-', '2021-01-05 01:27:55', 'POST /updateOrder'),
(652, 'ΠΑΡΑΓΓΕΛΙΕΣ', 0, 0, '-', '2021-01-05 01:28:48', 'POST /updateOrder'),
(653, 'ΠΑΡΑΓΓΕΛΙΕΣ', 0, 0, '-', '2021-01-05 01:28:53', 'POST /updateOrder'),
(654, 'ΠΑΡΑΓΓΕΛΙΕΣ', 0, 0, '-', '2021-01-05 01:35:04', 'POST /updateOrder'),
(655, 'ΠΑΡΑΓΓΕΛΙΕΣ', 0, 0, '-', '2021-01-05 01:35:10', 'POST /updateOrderFactory'),
(656, 'ΠΑΡΑΓΓΕΛΙΕΣ', 0, 0, '-', '2021-01-05 01:35:23', 'POST /updateOrderFactory'),
(657, 'Προσφορές', 93, 95, '-', '2021-01-05 01:37:29', 'POST /updateOffer'),
(658, 'ΠΑΡΑΓΓΕΛΙΕΣ', 93, 144, '-', '2021-01-05 01:38:32', 'POST /createOrder'),
(659, 'ΠΑΡΑΓΓΕΛΙΕΣ', 0, 0, '-', '2021-01-05 01:40:02', 'POST /updateOrder'),
(660, 'ΠΑΡΑΓΓΕΛΙΕΣ', 0, 0, '-', '2021-01-05 01:40:19', 'POST /updateOrder'),
(661, 'ΠΑΡΑΓΓΕΛΙΕΣ', 0, 0, '-', '2021-01-05 01:40:25', 'POST /updateOrder'),
(662, 'ΠΑΡΑΓΓΕΛΙΕΣ', 0, 0, '-', '2021-01-05 01:40:30', 'POST /updateOrder'),
(663, 'ΠΑΡΑΓΓΕΛΙΕΣ', 0, 0, '-', '2021-01-05 01:40:34', 'POST /updateOrder'),
(664, 'ΠΑΡΑΓΓΕΛΙΕΣ', 0, 0, '-', '2021-01-05 01:41:06', 'POST /updateOrder'),
(665, 'ΠΑΡΑΓΓΕΛΙΕΣ', 0, 0, '-', '2021-01-05 01:43:47', 'POST /updateOrderFactory'),
(666, 'ΠΑΡΑΓΓΕΛΙΕΣ', 0, 0, '-', '2021-01-05 01:47:29', 'POST /updateOrderFactory'),
(667, 'Προσφορές', 93, 50, '-', '2021-01-05 01:47:48', 'POST /updateOffer'),
(668, 'ΠΑΡΑΓΓΕΛΙΕΣ', 93, 145, '-', '2021-01-05 01:47:56', 'POST /createOrder'),
(669, 'ΠΑΡΑΓΓΕΛΙΕΣ', 0, 0, '-', '2021-01-05 01:48:59', 'POST /updateOrderFactory'),
(670, 'ΠΑΡΑΓΓΕΛΙΕΣ', 0, 0, '-', '2021-01-05 01:49:45', 'POST /updateOrderFactory'),
(671, 'ΠΑΡΑΓΓΕΛΙΕΣ', 0, 0, '-', '2021-01-05 01:53:02', 'POST /updateOrderFactory'),
(672, 'ΠΑΡΑΓΓΕΛΙΕΣ', 0, 0, '-', '2021-01-05 01:55:55', 'POST /updateOrderFactory'),
(673, 'ΠΑΡΑΓΓΕΛΙΕΣ', 0, 0, '-', '2021-01-05 01:56:09', 'POST /updateOrderFactory'),
(674, 'ΠΑΡΑΓΓΕΛΙΕΣ', 0, 0, '-', '2021-01-05 01:56:46', 'POST /updateOrder'),
(675, 'ΠΑΡΑΓΓΕΛΙΕΣ', 0, 0, '-', '2021-01-05 01:58:12', 'POST /updateOrderFactory'),
(676, 'ΠΑΡΑΓΓΕΛΙΕΣ', 0, 0, '-', '2021-01-05 01:58:15', 'POST /updateOrder'),
(677, 'ΠΑΡΑΓΓΕΛΙΕΣ', 0, 0, '-', '2021-01-05 01:59:03', 'POST /updateOrder'),
(678, 'ΠΑΡΑΓΓΕΛΙΕΣ', 0, 0, '-', '2021-01-05 01:59:44', 'POST /updateOrderWaypoint'),
(679, 'ΠΑΡΑΓΓΕΛΙΕΣ', 0, 0, '-', '2021-01-05 02:00:41', 'POST /updateOrderFactory'),
(680, 'ΠΑΡΑΓΓΕΛΙΕΣ', 0, 0, '-', '2021-01-05 02:00:50', 'POST /updateOrderFactory'),
(681, 'ΠΑΡΑΓΓΕΛΙΕΣ', 0, 0, '-', '2021-01-05 02:01:39', 'POST /updateOrderFactory'),
(682, 'ΠΑΡΑΓΓΕΛΙΕΣ', 0, 0, '-', '2021-01-05 02:01:55', 'POST /updateOrder'),
(683, 'ΠΑΡΑΓΓΕΛΙΕΣ', 0, 0, '-', '2021-01-05 02:10:29', 'POST /updateOrderWaypoint'),
(684, 'ΠΑΡΑΓΓΕΛΙΕΣ', 0, 0, '-', '2021-01-05 02:13:09', 'POST /updateOrderWaypoint'),
(685, 'ΠΑΡΑΓΓΕΛΙΕΣ', 0, 0, '-', '2021-01-05 02:17:10', 'POST /updateOrderWaypoint'),
(686, 'ΠΑΡΑΓΓΕΛΙΕΣ', 0, 0, '-', '2021-01-05 02:18:28', 'POST /updateOrderWaypoint'),
(687, 'ΠΑΡΑΓΓΕΛΙΕΣ', 0, 0, '-', '2021-01-05 02:18:47', 'POST /updateOrderWaypoint'),
(688, 'ΠΑΡΑΓΓΕΛΙΕΣ', 0, 0, '-', '2021-01-05 02:18:48', 'POST /updateOrderWaypoint'),
(689, 'ΠΑΡΑΓΓΕΛΙΕΣ', 0, 0, '-', '2021-01-05 02:18:48', 'POST /updateOrderWaypoint'),
(690, 'ΠΑΡΑΓΓΕΛΙΕΣ', 0, 0, '-', '2021-01-05 02:18:48', 'POST /updateOrderWaypoint'),
(691, 'ΠΑΡΑΓΓΕΛΙΕΣ', 0, 0, '-', '2021-01-05 02:22:45', 'POST /updateOrderWaypoint'),
(692, 'ΠΑΡΑΓΓΕΛΙΕΣ', 0, 0, '-', '2021-01-05 02:29:34', 'POST /updateOrderWaypoint'),
(693, 'ΠΑΡΑΓΓΕΛΙΕΣ', 0, 0, '-', '2021-01-05 02:31:09', 'POST /updateOrderWaypoint'),
(694, 'ΠΑΡΑΓΓΕΛΙΕΣ', 0, 0, '-', '2021-01-05 02:33:23', 'POST /updateOrderWaypoint'),
(695, 'ΠΑΡΑΓΓΕΛΙΕΣ', 0, 0, '-', '2021-01-05 04:15:39', 'POST /updateOrderWaypoint'),
(696, 'ΠΑΡΑΓΓΕΛΙΕΣ', 0, 0, '-', '2021-01-05 04:15:55', 'POST /updateOrderWaypoint'),
(697, 'ΠΑΡΑΓΓΕΛΙΕΣ', 0, 0, '-', '2021-01-05 04:16:10', 'POST /updateOrder'),
(698, 'ΠΑΡΑΓΓΕΛΙΕΣ', 0, 0, '-', '2021-01-05 04:32:13', 'POST /updateOrder'),
(699, 'ΠΑΡΑΓΓΕΛΙΕΣ', 0, 0, '-', '2021-01-05 04:32:36', 'POST /updateOrder'),
(700, 'ΠΑΡΑΓΓΕΛΙΕΣ', 0, 0, '-', '2021-01-05 04:33:04', 'POST /updateOrder'),
(701, 'login', 93, 93, '-', '2021-01-05 04:34:51', 'POST /login'),
(702, 'login', 93, 93, '-', '2021-01-05 04:56:23', 'POST /login'),
(703, 'login', 93, 93, '-', '2021-01-05 05:02:01', 'POST /login'),
(704, 'login', 93, 93, '-', '2021-01-05 05:04:23', 'POST /login'),
(705, 'login', 93, 93, '-', '2021-01-05 05:07:55', 'POST /login'),
(706, 'login', 93, 93, '-', '2021-01-05 05:10:08', 'POST /login'),
(707, 'login', 93, 93, '-', '2021-01-05 05:12:39', 'POST /login'),
(708, 'login', 93, 93, '-', '2021-01-05 05:13:44', 'POST /login'),
(709, 'login', 93, 93, '-', '2021-01-05 05:15:59', 'POST /login'),
(710, 'login', 93, 93, '-', '2021-01-05 05:20:05', 'POST /login'),
(711, 'login', 93, 93, '-', '2021-01-05 05:21:39', 'POST /login'),
(712, 'login', 93, 93, '-', '2021-01-05 05:25:55', 'POST /login'),
(713, 'login', 93, 93, '-', '2021-01-05 05:28:06', 'POST /login'),
(714, 'login', 93, 93, '-', '2021-01-05 05:35:35', 'POST /login'),
(715, 'login', 93, 93, '-', '2021-01-05 05:36:52', 'POST /login'),
(716, 'login', 93, 93, '-', '2021-01-05 05:39:06', 'POST /login'),
(717, 'login', 93, 93, '-', '2021-01-05 05:49:43', 'POST /login'),
(718, 'Προσφορές', 93, 60, '-', '2021-01-05 05:50:22', 'POST /updateOffer'),
(719, 'Προσφορές', 93, 60, '-', '2021-01-05 05:51:08', 'POST /updateOffer'),
(720, 'ΠΑΡΑΓΓΕΛΙΕΣ', 93, 146, '-', '2021-01-05 05:51:12', 'POST /createOrder'),
(721, 'ΠΑΡΑΓΓΕΛΙΕΣ', 0, 0, '-', '2021-01-05 05:51:35', 'POST /updateOrderFactory'),
(722, 'ΠΑΡΑΓΓΕΛΙΕΣ', 0, 0, '-', '2021-01-05 05:52:33', 'POST /updateOrder'),
(723, 'login', 93, 93, '-', '2021-01-05 06:00:59', 'POST /login'),
(724, 'login', 93, 93, '-', '2021-01-05 06:03:23', 'POST /login'),
(725, 'login', 93, 93, '-', '2021-01-05 06:08:38', 'POST /login'),
(726, 'login', 93, 93, '-', '2021-01-05 06:11:11', 'POST /login'),
(727, 'login', 93, 93, '-', '2021-01-05 06:21:23', 'POST /login'),
(728, 'login', 93, 93, '-', '2021-01-05 06:26:40', 'POST /login'),
(729, 'login', 93, 93, '-', '2021-01-05 06:35:21', 'POST /login'),
(730, 'ΠΑΡΑΓΓΕΛΙΕΣ', 0, 0, '-', '2021-01-05 06:38:25', 'POST /updateOrder'),
(731, 'login', 93, 93, '-', '2021-01-05 11:24:59', 'POST /login'),
(732, 'Προσφορές', 93, 48, '-', '2021-01-05 11:25:19', 'POST /updateOffer'),
(733, 'Προσφορές', 93, 48, '-', '2021-01-05 11:25:23', 'POST /updateOffer'),
(734, 'login', 93, 93, '-', '2021-01-05 11:32:51', 'POST /login'),
(735, 'Προσφορές', 93, 69, '-', '2021-01-05 11:33:13', 'POST /updateOffer'),
(736, 'ΠΑΡΑΓΓΕΛΙΕΣ', 93, 147, '-', '2021-01-05 11:33:17', 'POST /createOrder'),
(737, 'Προσφορές', 93, 67, '-', '2021-01-05 11:35:00', 'POST /updateOffer'),
(738, 'Προσφορές', 93, 67, '-', '2021-01-05 11:35:03', 'POST /updateOffer'),
(739, 'Προσφορές', 93, 67, '-', '2021-01-05 11:35:06', 'POST /updateOffer'),
(740, 'Προσφορές', 93, 67, '-', '2021-01-05 11:35:22', 'POST /updateOffer');
INSERT INTO `audit_logs` (`id`, `system`, `user_id`, `object_id`, `message`, `creation_date`, `method`) VALUES
(741, 'Προσφορές', 93, 67, '-', '2021-01-05 11:35:49', 'POST /updateOffer'),
(742, 'login', 93, 93, '-', '2021-01-05 11:39:29', 'POST /login'),
(743, 'Προσφορές', 93, 47, '-', '2021-01-05 11:39:52', 'POST /updateOffer'),
(744, 'Προσφορές', 93, 47, '-', '2021-01-05 11:39:59', 'POST /updateOffer'),
(745, 'ΠΑΡΑΓΓΕΛΙΕΣ', 93, 148, '-', '2021-01-05 11:40:02', 'POST /createOrder'),
(746, 'ΠΑΡΑΓΓΕΛΙΕΣ', 0, 0, '-', '2021-01-05 11:40:05', 'POST /updateOrder'),
(747, 'Προσφορές', 93, 58, '-', '2021-01-05 11:45:25', 'POST /updateOffer'),
(748, 'ΠΑΡΑΓΓΕΛΙΕΣ', 93, 149, '-', '2021-01-05 11:45:28', 'POST /createOrder'),
(749, 'ΠΑΡΑΓΓΕΛΙΕΣ', 0, 0, '-', '2021-01-05 11:45:32', 'POST /updateOrder'),
(750, 'login', 93, 93, '-', '2021-01-05 11:46:16', 'POST /login'),
(751, 'login', 93, 93, '-', '2021-01-05 11:47:04', 'POST /login'),
(752, 'ΠΑΡΑΓΓΕΛΙΕΣ', 93, 150, '-', '2021-01-05 11:47:18', 'POST /createOrder'),
(753, 'ΠΑΡΑΓΓΕΛΙΕΣ', 0, 0, '-', '2021-01-05 11:47:21', 'POST /updateOrder'),
(754, 'ΠΑΡΑΓΓΕΛΙΕΣ', 0, 0, '-', '2021-01-05 11:47:25', 'POST /updateOrder'),
(755, 'ΠΑΡΑΓΓΕΛΙΕΣ', 0, 0, '-', '2021-01-05 11:47:36', 'POST /updateOrder'),
(756, 'ΠΑΡΑΓΓΕΛΙΕΣ', 0, 0, '-', '2021-01-05 11:47:38', 'POST /updateOrder'),
(757, 'login', 93, 93, '-', '2021-01-05 11:49:39', 'POST /login'),
(758, 'Προσφορές', 93, 55, '-', '2021-01-05 11:50:08', 'POST /updateOffer'),
(759, 'ΠΑΡΑΓΓΕΛΙΕΣ', 93, 151, '-', '2021-01-05 11:50:11', 'POST /createOrder'),
(760, 'ΠΑΡΑΓΓΕΛΙΕΣ', 0, 0, '-', '2021-01-05 11:50:19', 'POST /updateOrder'),
(761, 'login', 93, 93, '-', '2021-01-05 11:51:28', 'POST /login'),
(762, 'ΠΑΡΑΓΓΕΛΙΕΣ', 93, 152, '-', '2021-01-05 11:51:41', 'POST /createOrder'),
(763, 'ΠΑΡΑΓΓΕΛΙΕΣ', 0, 0, '-', '2021-01-05 11:51:48', 'POST /updateOrder'),
(764, 'login', 93, 93, '-', '2021-01-05 12:00:27', 'POST /login'),
(765, 'login', 93, 93, '-', '2021-01-05 12:02:11', 'POST /login'),
(766, 'login', 93, 93, '-', '2021-01-05 12:08:28', 'POST /login'),
(767, 'login', 93, 93, '-', '2021-01-05 12:08:52', 'POST /login'),
(768, 'login', 93, 93, '-', '2021-01-05 12:14:55', 'POST /login'),
(769, 'login', 93, 93, '-', '2021-01-05 12:20:57', 'POST /login'),
(770, 'login', 93, 93, '-', '2021-01-05 12:27:47', 'POST /login'),
(771, 'ΠΑΡΑΓΓΕΛΙΕΣ', 0, 0, '-', '2021-01-05 14:03:01', 'POST /updateOrderFactory'),
(772, 'ΠΑΡΑΓΓΕΛΙΕΣ', 0, 0, '-', '2021-01-05 14:03:43', 'POST /updateOrder'),
(773, 'ΠΑΡΑΓΓΕΛΙΕΣ', 0, 0, '-', '2021-01-05 14:05:04', 'POST /updateOrder'),
(774, 'ΠΑΡΑΓΓΕΛΙΕΣ', 0, 0, '-', '2021-01-05 14:05:13', 'POST /updateOrder'),
(775, 'login', 93, 93, '-', '2021-01-14 17:03:15', 'POST /login'),
(776, 'login', 93, 93, '-', '2021-01-22 12:20:13', 'POST /login');

-- --------------------------------------------------------

--
-- Δομή πίνακα για τον πίνακα `billings`
--

CREATE TABLE `billings` (
  `id` bigint(20) NOT NULL,
  `name` varchar(255) DEFAULT NULL,
  `description` varchar(255) DEFAULT NULL,
  `creation_date` datetime DEFAULT NULL,
  `update_date` datetime DEFAULT NULL
) ENGINE=InnoDB DEFAULT CHARSET=utf8;

--
-- Άδειασμα δεδομένων του πίνακα `billings`
--

INSERT INTO `billings` (`id`, `name`, `description`, `creation_date`, `update_date`) VALUES
(1, 'BILLING-1', '-', '2020-11-16 01:23:55', NULL),
(2, 'BILLING-2', '-', '2020-11-16 01:23:55', NULL),
(3, 'BILLING-3', '-', '2020-11-16 01:23:55', NULL),
(4, 'BILLING-4', '-', '2020-11-16 01:23:55', NULL),
(5, 'BILLING-5', '-', '2020-11-16 01:23:55', '2020-11-16 20:02:11'),
(19, 'BILLING-6', '-', '2020-11-16 13:29:02', NULL),
(23, 'BILLING-7', '-', '2020-11-16 18:20:35', '2020-11-16 18:32:25'),
(24, 'BILLING-77', '-', '2020-11-16 18:20:45', '2020-11-19 18:01:17'),
(25, 'BILLING-88', '-', '2020-11-16 18:26:31', '2020-11-16 18:32:22'),
(27, 'BILLING-99', '-', '2020-11-16 18:32:44', NULL),
(30, 'BILLING-44', '-', '2020-11-19 18:01:03', NULL),
(34, 'fwwef', 'wefw', '2020-12-11 23:56:25', NULL);

-- --------------------------------------------------------

--
-- Δομή πίνακα για τον πίνακα `core_position`
--

CREATE TABLE `core_position` (
  `id` int(11) NOT NULL,
  `position` varchar(255) DEFAULT NULL,
  `creation_date` datetime DEFAULT NULL,
  `update_date` datetime DEFAULT NULL,
  `role_id` bigint(20) DEFAULT NULL
) ENGINE=InnoDB DEFAULT CHARSET=utf8;

-- --------------------------------------------------------

--
-- Δομή πίνακα για τον πίνακα `customers_suppliers`
--

CREATE TABLE `customers_suppliers` (
  `id` bigint(20) NOT NULL,
  `brand_name` varchar(255) DEFAULT NULL,
  `customer_type` varchar(45) DEFAULT NULL,
  `internova_seller_id` bigint(20) DEFAULT NULL,
  `afm` varchar(255) DEFAULT NULL,
  `doy` varchar(255) DEFAULT NULL,
  `job` varchar(255) DEFAULT NULL,
  `billing_id` bigint(20) DEFAULT NULL,
  `address` varchar(255) DEFAULT NULL,
  `region` varchar(255) DEFAULT NULL,
  `country` varchar(255) DEFAULT NULL,
  `city` varchar(255) DEFAULT NULL,
  `postal_code` varchar(255) DEFAULT NULL,
  `telephone` varchar(255) DEFAULT NULL,
  `email` varchar(255) DEFAULT NULL,
  `website` varchar(255) DEFAULT NULL,
  `comments` mediumtext DEFAULT NULL,
  `creation_date` datetime DEFAULT NULL,
  `update_date` datetime DEFAULT NULL
) ENGINE=InnoDB DEFAULT CHARSET=utf8;

--
-- Άδειασμα δεδομένων του πίνακα `customers_suppliers`
--

INSERT INTO `customers_suppliers` (`id`, `brand_name`, `customer_type`, `internova_seller_id`, `afm`, `doy`, `job`, `billing_id`, `address`, `region`, `country`, `city`, `postal_code`, `telephone`, `email`, `website`, `comments`, `creation_date`, `update_date`) VALUES
(5, 'CUST-SUPPL-II', 'Προμηθευτής', 2, 'AFM-4334544', 'DOY4', '-', 3, 'Κατεχάκη 12,Αθήνα Ελλάδα', 'Κεντρικός Τομέας Αθηνών', 'Ελλάδα', 'Αθήνα', '115 25', '+3069044783', 'custom21@synergic.com', 'eee.com', '-', '2020-10-16 11:13:53', '2020-11-14 22:35:50'),
(6, 'CUST-SUPPL-III', 'Πελάτης', 3, 'AFM-4345', 'DOY6', '-', 3, 'Καραολή και Δημητρίου 2,Εύοσμος Ελλάδα', 'Θεσσαλονίκη', 'Ελλάδα', 'Εύοσμος', '562 24', '+3069044783', 'my-email@gmail.com', 'φεφεεφφε', '-', '2020-10-17 11:15:19', '2020-11-14 22:35:54'),
(7, 'CUST-SUPPL-V', 'Πελάτης & Προμηθευτής', 2, 'AFM-4334-234', 'DOY7', '-', 2, 'Κατεχάκη 12,Αθήνα Ελλάδα', 'Κεντρικός Τομέας Αθηνών', 'Ελλάδα', 'Αθήνα', '115 25', '+3069044783', 'yahoo@synergic.com', 'ewrewewfwef', '-', '2020-10-18 11:16:40', NULL),
(8, 'CUST-SUPPL-VI', 'Πελάτης', 3, 'AFM-4334-435', 'DOY8', '-', 2, 'Δίστρια Δώρας 23,Αθήνα Ελλάδα', 'Κεντρικός Τομέας Αθηνών', 'Ελλάδα', 'Αθήνα', '106 76', '+3069044783', 'ibebis@gmail.com', 'ewq.com', '-', '2020-10-19 11:22:14', NULL),
(9, 'CUST-SUPPL-VII', 'Πελάτης', 2, 'AFM-4334-435', 'DOY9', '-', 2, 'Διστόμου 45,Αθήνα Ελλάδα', 'Κεντρικός Τομέας Αθηνών', 'Ελλάδα', 'Αθήνα', '104 44', '+3069044783', 'manos_pap@mail.com', 'fwe.com', '-', '2020-10-20 11:28:16', NULL),
(10, 'CUST-SUPPL-VIII', 'Προμηθευτής', 1, 'AFM-4334-45', 'DOY10', '-', 2, 'Texas 8 Beltway,Pasadena Ηνωμένες Πολιτείες', 'fewfw', 'Ηνωμένες Πολιτείες', 'Pasadena', '32423', '+3069044783', 'manos2_pap@mail.com', 'eew', '-', '2020-10-21 11:31:25', '2020-11-04 15:05:51'),
(11, 'CUST-SUPPL-IX', 'Πελάτης & Προμηθευτής', 2, 'AFM-534', 'DOY11', '-', 2, 'Skyline Drive,Front Royal Ηνωμένες Πολιτείες', '-', 'Ηνωμένες Πολιτείες', 'Front Royal', '3423', '+3069044783', 'pad_pap@mail.com', 'efwef', '-', '2020-10-22 11:33:40', NULL),
(14, 'CUST-SUPPL-X', 'Πελάτης', 2, 'AFM-23', 'DOY12', '-', 2, 'Διστόμου,Θεσσαλονίκη Ελλάδα', 'Θεσσαλονίκη', 'Ελλάδα', 'Θεσσαλονίκη', '123242', '+3069044783', 'nikos199@s.com', 'www.solarioum.gr', '-', '2020-11-12 16:24:32', NULL),
(16, 'CUST-SUPPL-XI', 'Πελάτης', 5, 'AFM-43', 'DOY13', '-', 2, 'Αλεξάνδρου Παπαναστασίου,Θεσσαλονίκη Ελλάδα', 'Θεσσαλονίκη', 'Ελλάδα', 'Θεσσαλονίκη', '43242', '+3069044783', 'welcome@syn.com', 'WDQW', '-', '2020-11-12 17:08:57', '2020-11-16 17:41:27'),
(17, 'CUST-SUPPL-XII', 'Πελάτης', 7, 'AFM-24334', 'DOY14', '-', 25, 'Διστόμου 48,Πειραιάς Ελλάδα', 'Περιφερειακή Ενότητα Πειραιώς', 'Ελλάδα', 'Πειραιάς', '185 32', '+3069044783', 'internova@mail.com', 'qww.gr', '-', '2020-11-16 20:18:51', NULL),
(18, 'CUST-SUPPL-XIII', 'Προμηθευτής', 10, 'AF3-4334', 'DOY15', '-', 25, 'Διονυσίου Αρεοπαγίτου,Αθήνα Ελλάδα', 'Κεντρικός Τομέας Αθηνών', 'Ελλάδα', 'Αθήνα', '3242342', '+3069044783', 'internovasystems@gmail.com', 'wqqwfq', '-', '2020-11-18 02:37:21', NULL),
(19, 'CUST-SUPPL-VIX', 'Πελάτης', 10, 'AFM-434534', 'DOY16', '-', 25, 'Δελφών,Θεσσαλονίκη Ελλάδα', 'Θεσσαλονίκη', 'Ελλάδα', 'Θεσσαλονίκη', '324234', '+3069044783', 'angula@mail.com', 'wqdwq', '-', '2020-11-18 03:03:53', '2020-11-18 03:04:07'),
(20, 'CUST-SUPPL-VIX-3', 'Πελάτης', 10, 'AFM-4334', 'DOY17', '-', 25, 'Durham Place Ηνωμένο Βασίλειο', 'ww', 'Ηνωμένο Βασίλειο', 'ww', 'ww', '2342342342', 'javaplay@synergic.com', 'ww', '-', '2020-11-18 03:04:40', '2020-12-11 21:34:53'),
(21, 'CUST-SUPPL-VIX-6', 'Πελάτης', 9, 'AFM-4334', 'DOY18', '-', 25, 'Διστόμου 30,Θεσσαλονίκη Ελλάδα', 'Θεσσαλονίκη', 'Ελλάδα', 'Θεσσαλονίκη', '544 53', '3242342342', 'joomla@hotmail.com', 'eee', '-', '2020-11-18 03:09:06', NULL),
(22, 'CUST-SUPPL-VIX-9', 'Πελάτης', 10, 'POIK-634', 'DOY19', '-', 24, 'Frankfurter Allee,Berlin Γερμανία', 'w', 'Γερμανία', 'Berlin', 'w', '244232', 'jpa@java.com', 'w', '-', '2020-11-18 03:10:11', NULL),
(23, 'CUST-SUPPL-VIX-10', 'Πελάτης & Προμηθευτής', 9, 'POIK-6523', 'DOY20', '-', 23, '3ου Ορειβατικού,Πάτρα Ελλάδα', 'Αχαΐα', 'Ελλάδα', 'Πάτρα', '324234', '32323232', 'customer_service@mail.com', 'eee.gw', '-', '2020-11-18 03:14:45', '2020-11-21 19:44:49'),
(24, 'CUST-SUPPL-VIX-209', 'Πελάτης & Προμηθευτής', 5, 'AK-6523', 'DOY21', '-', 30, 'Διστόμου 67,Πειραιάς Ελλάδα', 'Περιφερειακή Ενότητα Πειραιώς', 'Ελλάδα', 'Πειραιάς', '185 33', '21212331', 'info_support@mail.com', 'tyn.com', '-', '2020-11-21 19:59:02', '2021-01-03 06:01:40'),
(39, 'brtbrtb', 'Πελάτης', 13, 'tbrtbr', 'tbrtbtr', 'tbrtb', 30, 'Aeropuerto Barajas t4,Madrid Ισπανία', 'gerge', 'Ισπανία', 'Madrid', '28042', 'rgerge', 'trbtrbrtbr@er', '', '<p>btrrr</p>', '2020-12-12 01:15:23', '2020-12-12 01:27:23'),
(40, 'vfvfv', 'Πελάτης', 12, 'fvfvf', 'fvf', 'vfvf', 27, 'Σαρανταπόρου,Περιστέρι Ελλάδα', 'Περιφερειακή Ενότητα Δυτικού Τομέα Αθηνών', 'Ελλάδα', 'Περιστέρι', '43543534', 'ΦΦΦ', 'm@r', '453453', '<p>ΓΓΓ</p>', '2020-12-12 01:28:06', NULL);

-- --------------------------------------------------------

--
-- Δομή πίνακα για τον πίνακα `departments`
--

CREATE TABLE `departments` (
  `id` bigint(200) NOT NULL,
  `department` varchar(255) DEFAULT NULL,
  `creation_date` datetime DEFAULT NULL,
  `update_date` datetime DEFAULT NULL,
  `status` int(11) DEFAULT NULL
) ENGINE=InnoDB DEFAULT CHARSET=utf8;

--
-- Άδειασμα δεδομένων του πίνακα `departments`
--

INSERT INTO `departments` (`id`, `department`, `creation_date`, `update_date`, `status`) VALUES
(4, 'Τμημα Λογιστηριου', '2020-10-20 11:36:48', NULL, 0),
(5, 'Τμημα Προμηθειων', '2020-10-20 11:37:02', NULL, 0),
(6, 'Τμημα Αγροτικης Αναπτυξης', '2020-10-20 11:37:14', NULL, 0),
(7, 'Τμημα εδαφικων καλλιεργειων', '2020-10-20 11:37:25', NULL, 0),
(8, 'Τμημα αλλοδαπωνs', '2020-10-20 11:37:33', '2020-11-12 18:58:16', 0),
(13, 'ΑΑΑΑΑΑΑ', '2020-11-19 15:04:32', NULL, 0),
(14, 'ΒΒΒΒΒΒΒ', '2020-11-19 15:04:36', NULL, 0),
(15, 'ΓΓΓΓΓΓΓΓΓ', '2020-11-19 15:04:39', NULL, 0),
(16, 'ΔΔΔΔΔΔΔΔ', '2020-11-19 15:04:42', NULL, 0),
(17, 'ΕΕΕΕΕΕΕΕΕΕ', '2020-11-19 15:04:44', NULL, 0),
(18, 'ΘΘΘΘΘΘΘ', '2020-11-19 15:04:47', NULL, 0),
(19, 'ΙΙΙΙΙΙΙΙΙΙΙΙ', '2020-11-19 15:04:50', NULL, 0),
(24, 'r22', '2020-12-11 23:38:18', '2020-12-11 23:45:52', 0),
(28, 'ujjujuju', '2020-12-11 23:46:01', '2020-12-12 01:36:03', 0),
(29, 'efe', '2020-12-11 23:46:53', '2020-12-12 01:01:07', 0);

-- --------------------------------------------------------

--
-- Δομή πίνακα για τον πίνακα `documents`
--

CREATE TABLE `documents` (
  `id` int(100) NOT NULL,
  `name` varchar(255) DEFAULT NULL,
  `extension` varchar(255) DEFAULT NULL,
  `upload_date` datetime DEFAULT NULL,
  `full_path` varchar(255) DEFAULT NULL,
  `user_id` bigint(200) DEFAULT NULL,
  `original_filename` varchar(255) DEFAULT NULL,
  `system` varchar(255) DEFAULT NULL,
  `sub_folder_id` bigint(200) DEFAULT NULL
) ENGINE=InnoDB DEFAULT CHARSET=utf8mb4;

--
-- Άδειασμα δεδομένων του πίνακα `documents`
--

INSERT INTO `documents` (`id`, `name`, `extension`, `upload_date`, `full_path`, `user_id`, `original_filename`, `system`, `sub_folder_id`) VALUES
(254, 'idpoualaxthkancorefids_163', 'txt', '2020-10-26 18:54:55', 'users/91/idpoualaxthkancorefids_163.txt', NULL, 'idpoualaxthkancorefids', 'users', 91),
(256, 'idpoualaxthkancorefids_141', 'txt', '2020-10-26 18:55:14', 'users/91/idpoualaxthkancorefids_141.txt', NULL, 'idpoualaxthkancorefids', 'users', 91),
(261, 'profile_896', 'png', '2020-10-26 18:58:29', 'warehouses/7/profile_896.png', NULL, 'profile', 'warehouses', 7),
(265, 'prosodyctluser_626', 'txt', '2020-10-26 19:04:45', 'warehouses/8/prosodyctluser_626.txt', NULL, 'prosodyctluser', 'warehouses', 8),
(266, 'prosodyctluser_581', 'txt', '2020-10-26 19:25:49', 'warehouses/13/prosodyctluser_581.txt', NULL, 'prosodyctluser', 'warehouses', 13),
(267, 'roadscriteriaview_2', 'txt', '2020-10-26 19:25:49', 'warehouses/13/roadscriteriaview_2.txt', NULL, 'roadscriteriaview', 'warehouses', 13),
(268, 'prosodyctluser_883', 'txt', '2020-10-26 19:38:03', 'warehouses/13/prosodyctluser_883.txt', NULL, 'prosodyctluser', 'warehouses', 13),
(270, 'prosodyctluser_212', 'txt', '2020-10-26 19:38:16', 'warehouses/12/prosodyctluser_212.txt', NULL, 'prosodyctluser', 'warehouses', 12),
(271, 'roadscriteriaview_513', 'txt', '2020-10-26 19:38:16', 'warehouses/12/roadscriteriaview_513.txt', NULL, 'roadscriteriaview', 'warehouses', 12),
(272, 'prosodyctluser_234', 'txt', '2020-10-26 19:41:33', 'users/91/prosodyctluser_234.txt', NULL, 'prosodyctluser', 'users', 91),
(274, 'prosodyctluser_225', 'txt', '2020-10-26 20:07:08', 'warehouses/13/prosodyctluser_225.txt', NULL, 'prosodyctluser', 'warehouses', 13),
(276, 'prosodyctluser_501', 'txt', '2020-10-26 20:07:16', 'warehouses/13/prosodyctluser_501.txt', NULL, 'prosodyctluser', 'warehouses', 13),
(277, 'roadscriteriaview_779', 'txt', '2020-10-26 20:07:16', 'warehouses/13/roadscriteriaview_779.txt', NULL, 'roadscriteriaview', 'warehouses', 13),
(278, 'prosodyctluser_536', 'txt', '2020-10-26 20:11:11', 'warehouses/13/prosodyctluser_536.txt', NULL, 'prosodyctluser', 'warehouses', 13),
(279, 'roadscriteriaview_544', 'txt', '2020-10-26 20:11:11', 'warehouses/13/roadscriteriaview_544.txt', NULL, 'roadscriteriaview', 'warehouses', 13),
(281, 'roadscriteriaview_847', 'txt', '2020-10-26 20:16:56', 'users/91/roadscriteriaview_847.txt', NULL, 'roadscriteriaview', 'users', 91),
(282, 'prosodyctluser_911', 'txt', '2020-10-27 13:06:53', 'factories/4/prosodyctluser_911.txt', NULL, 'prosodyctluser', 'factories', 4),
(284, 'prosodyctluser_212_289', 'txt', '2020-10-27 22:48:54', 'factories/4/prosodyctluser_212_289.txt', NULL, 'prosodyctluser_212', 'factories', 4),
(285, 'roadscriteriaview_491_88', 'txt', '2020-10-27 22:48:59', 'factories/4/roadscriteriaview_491_88.txt', NULL, 'roadscriteriaview_491', 'factories', 4),
(286, 'warehouses (8)_896', 'xls', '2020-10-27 22:49:02', 'factories/4/warehouses (8)_896.xls', NULL, 'warehouses (8)', 'factories', 4),
(287, 'warehouses (1)_845', 'xls', '2020-10-27 22:49:05', 'factories/4/warehouses (1)_845.xls', NULL, 'warehouses (1)', 'factories', 4),
(288, 'prosodyctluser_212_625', 'txt', '2020-10-27 22:49:13', 'factories/4/prosodyctluser_212_625.txt', NULL, 'prosodyctluser_212', 'factories', 4),
(289, 'roadscriteriaview_491_645', 'txt', '2020-10-29 20:10:02', 'factories/12/roadscriteriaview_491_645.txt', NULL, 'roadscriteriaview_491', 'factories', 12),
(290, 'roadscriteriaview_491_645_469', 'txt', '2020-10-30 10:51:12', 'factories/18/roadscriteriaview_491_645_469.txt', NULL, 'roadscriteriaview_491_645', 'factories', 18),
(291, 'warehouses (14)_420', 'xls', '2020-10-30 10:51:12', 'factories/18/warehouses (14)_420.xls', NULL, 'warehouses (14)', 'factories', 18),
(292, 'factories (3)_77', 'xls', '2020-10-30 10:51:12', 'factories/18/factories (3)_77.xls', NULL, 'factories (3)', 'factories', 18),
(293, 'factories (3)_63', 'xls', '2020-10-30 10:51:23', 'factories/18/factories (3)_63.xls', NULL, 'factories (3)', 'factories', 18),
(294, 'roadscriteriaview_491_645_81', 'txt', '2020-10-30 10:51:23', 'factories/18/roadscriteriaview_491_645_81.txt', NULL, 'roadscriteriaview_491_645', 'factories', 18),
(295, 'warehouses (13)_495', 'xls', '2020-10-30 10:51:23', 'factories/18/warehouses (13)_495.xls', NULL, 'warehouses (13)', 'factories', 18),
(296, 'factories_451', 'xls', '2020-10-30 10:51:23', 'factories/18/factories_451.xls', NULL, 'factories', 'factories', 18),
(297, 'warehouses (14)_232', 'xls', '2020-10-30 10:51:23', 'factories/18/warehouses (14)_232.xls', NULL, 'warehouses (14)', 'factories', 18),
(298, 'roadscriteriaview_491_645_228', 'txt', '2020-10-30 11:09:10', 'factories/18/roadscriteriaview_491_645_228.txt', NULL, 'roadscriteriaview_491_645', 'factories', 18),
(299, 'backlinks2_582', 'csv', '2020-10-30 16:32:15', 'factories/20/backlinks2_582.csv', NULL, 'backlinks2', 'factories', 20),
(300, 'backlinks1_598', 'csv', '2020-10-30 16:32:15', 'factories/20/backlinks1_598.csv', NULL, 'backlinks1', 'factories', 20),
(301, 'backlinks2_78', 'xlsx', '2020-10-30 16:32:15', 'factories/20/backlinks2_78.xlsx', NULL, 'backlinks2', 'factories', 20),
(302, 'roadscriteriaview_491_645_228_802', 'txt', '2020-11-03 02:32:58', 'factories/20/roadscriteriaview_491_645_228_802.txt', NULL, 'roadscriteriaview_491_645_228', 'factories', 20),
(303, 'roadscriteriaview_491_645_228_858', 'txt', '2020-11-03 02:36:24', 'factories/20/roadscriteriaview_491_645_228_858.txt', NULL, 'roadscriteriaview_491_645_228', 'factories', 20),
(304, 'roadscriteriaview_491_645_228_775', 'txt', '2020-11-03 02:36:45', 'factories/20/roadscriteriaview_491_645_228_775.txt', NULL, 'roadscriteriaview_491_645_228', 'factories', 20),
(305, 'roadscriteriaview_491_645_228_402', 'txt', '2020-11-03 02:37:47', 'factories/20/roadscriteriaview_491_645_228_402.txt', NULL, 'roadscriteriaview_491_645_228', 'factories', 20),
(306, 'roadscriteriaview_491_645_228_401', 'txt', '2020-11-03 02:38:01', 'factories/20/roadscriteriaview_491_645_228_401.txt', NULL, 'roadscriteriaview_491_645_228', 'factories', 20),
(307, 'roadscriteriaview_491_645_228_158', 'txt', '2020-11-03 02:59:44', 'warehouses/15/roadscriteriaview_491_645_228_158.txt', NULL, 'roadscriteriaview_491_645_228', 'warehouses', 15),
(309, 'backlinks1 (1)_999', 'xls', '2020-11-03 02:59:58', 'warehouses/15/backlinks1 (1)_999.xls', NULL, 'backlinks1 (1)', 'warehouses', 15),
(310, 'roadscriteriaview_491_645_619', 'txt', '2020-11-03 03:00:02', 'warehouses/15/roadscriteriaview_491_645_619.txt', NULL, 'roadscriteriaview_491_645', 'warehouses', 15),
(311, 'roadscriteriaview_491_645_963', 'txt', '2020-11-03 03:17:28', 'users/91/roadscriteriaview_491_645_963.txt', NULL, 'roadscriteriaview_491_645', 'users', 91),
(312, 'roadscriteriaview_491_645_700', 'txt', '2020-11-03 03:40:34', 'users/92/roadscriteriaview_491_645_700.txt', NULL, 'roadscriteriaview_491_645', 'users', 92),
(313, 'roadscriteriaview_491_645_318', 'txt', '2020-11-03 16:22:49', 'warehouses/16/roadscriteriaview_491_645_318.txt', NULL, 'roadscriteriaview_491_645', 'warehouses', 16),
(314, 'prosodyctluser_581_244', 'txt', '2020-11-03 16:22:58', 'warehouses/16/prosodyctluser_581_244.txt', NULL, 'prosodyctluser_581', 'warehouses', 16),
(315, 'roadscriteriaview_491_645_622', 'txt', '2020-11-04 12:12:12', 'customersSuppliers/11/roadscriteriaview_491_645_622.txt', NULL, 'roadscriteriaview_491_645', 'customersSuppliers', 11),
(316, 'factories (1)_716', 'xls', '2020-11-04 12:12:47', 'customersSuppliers/11/factories (1)_716.xls', NULL, 'factories (1)', 'customersSuppliers', 11),
(317, 'factories (2)_320', 'xls', '2020-11-04 12:12:47', 'customersSuppliers/11/factories (2)_320.xls', NULL, 'factories (2)', 'customersSuppliers', 11),
(318, 'factories (3)_642', 'xls', '2020-11-04 12:12:47', 'customersSuppliers/11/factories (3)_642.xls', NULL, 'factories (3)', 'customersSuppliers', 11),
(319, 'roadscriteriaview_491_645_228_503', 'txt', '2020-11-04 12:12:47', 'customersSuppliers/11/roadscriteriaview_491_645_228_503.txt', NULL, 'roadscriteriaview_491_645_228', 'customersSuppliers', 11),
(320, 'roadscriteriaview_491_645_354', 'txt', '2020-11-04 12:12:47', 'customersSuppliers/11/roadscriteriaview_491_645_354.txt', NULL, 'roadscriteriaview_491_645', 'customersSuppliers', 11),
(321, 'factories (3)_949', 'xls', '2020-11-04 12:13:23', 'customersSuppliers/11/factories (3)_949.xls', NULL, 'factories (3)', 'customersSuppliers', 11),
(322, 'factories (2)_973', 'xls', '2020-11-04 12:13:23', 'customersSuppliers/11/factories (2)_973.xls', NULL, 'factories (2)', 'customersSuppliers', 11),
(324, 'roadscriteriaview_491_645_669', 'txt', '2020-11-04 12:13:23', 'customersSuppliers/11/roadscriteriaview_491_645_669.txt', NULL, 'roadscriteriaview_491_645', 'customersSuppliers', 11),
(326, 'factories (3)_142', 'xls', '2020-11-04 12:16:49', 'warehouses/16/factories (3)_142.xls', NULL, 'factories (3)', 'warehouses', 16),
(327, 'factories (2)_634', 'xls', '2020-11-04 12:16:49', 'warehouses/16/factories (2)_634.xls', NULL, 'factories (2)', 'warehouses', 16),
(328, 'roadscriteriaview_491_645_228_482', 'txt', '2020-11-04 12:16:49', 'warehouses/16/roadscriteriaview_491_645_228_482.txt', NULL, 'roadscriteriaview_491_645_228', 'warehouses', 16),
(329, 'factories (1)_985', 'xls', '2020-11-04 12:16:49', 'warehouses/16/factories (1)_985.xls', NULL, 'factories (1)', 'warehouses', 16),
(330, 'factories (2)_339', 'xls', '2020-11-04 12:26:37', 'customersSuppliers/2/factories (2)_339.xls', NULL, 'factories (2)', 'customersSuppliers', 2),
(331, 'factories (2)_69', 'xls', '2020-11-04 12:28:42', 'customersSuppliers/11/factories (2)_69.xls', NULL, 'factories (2)', 'customersSuppliers', 11),
(332, 'factories (3)_522', 'xls', '2020-11-04 13:43:09', 'customersSuppliers/3/factories (3)_522.xls', NULL, 'factories (3)', 'customersSuppliers', 3),
(333, 'roadscriteriaview_491_645_228_79', 'txt', '2020-11-04 13:43:09', 'customersSuppliers/3/roadscriteriaview_491_645_228_79.txt', NULL, 'roadscriteriaview_491_645_228', 'customersSuppliers', 3),
(334, 'warehouses (15)_135', 'xls', '2020-11-04 13:43:09', 'customersSuppliers/3/warehouses (15)_135.xls', NULL, 'warehouses (15)', 'customersSuppliers', 3),
(335, 'factories (4)_519', 'xls', '2020-11-04 13:43:09', 'customersSuppliers/3/factories (4)_519.xls', NULL, 'factories (4)', 'customersSuppliers', 3),
(336, 'backlinks1 (1)_334', 'xls', '2020-11-04 13:43:10', 'customersSuppliers/3/backlinks1 (1)_334.xls', NULL, 'backlinks1 (1)', 'customersSuppliers', 3),
(337, 'factories (5)_732', 'xls', '2020-11-04 13:43:10', 'customersSuppliers/3/factories (5)_732.xls', NULL, 'factories (5)', 'customersSuppliers', 3),
(338, 'factories_643', 'xls', '2020-11-04 13:43:10', 'customersSuppliers/3/factories_643.xls', NULL, 'factories', 'customersSuppliers', 3),
(339, 'factories (2)_159', 'xls', '2020-11-04 13:43:10', 'customersSuppliers/3/factories (2)_159.xls', NULL, 'factories (2)', 'customersSuppliers', 3),
(340, 'factories (3)_732', 'xls', '2020-11-04 13:44:58', 'customersSuppliers/3/factories (3)_732.xls', NULL, 'factories (3)', 'customersSuppliers', 3),
(341, 'factories (5)_428', 'xls', '2020-11-04 13:45:11', 'customersSuppliers/3/factories (5)_428.xls', NULL, 'factories (5)', 'customersSuppliers', 3),
(342, 'factories (5)_881', 'xls', '2020-11-04 13:45:16', 'customersSuppliers/3/factories (5)_881.xls', NULL, 'factories (5)', 'customersSuppliers', 3),
(343, 'backlinks1 (1)_622', 'xls', '2020-11-04 13:45:23', 'customersSuppliers/3/backlinks1 (1)_622.xls', NULL, 'backlinks1 (1)', 'customersSuppliers', 3),
(344, 'backlinks1 (1)_205', 'xls', '2020-11-04 13:45:27', 'customersSuppliers/3/backlinks1 (1)_205.xls', NULL, 'backlinks1 (1)', 'customersSuppliers', 3),
(345, 'factories (4)_671', 'xls', '2020-11-04 13:45:27', 'customersSuppliers/3/factories (4)_671.xls', NULL, 'factories (4)', 'customersSuppliers', 3),
(346, 'factories (1)_6', 'xls', '2020-11-04 13:45:32', 'customersSuppliers/3/factories (1)_6.xls', NULL, 'factories (1)', 'customersSuppliers', 3),
(347, 'factories (2)_244', 'xls', '2020-11-04 13:45:32', 'customersSuppliers/3/factories (2)_244.xls', NULL, 'factories (2)', 'customersSuppliers', 3),
(348, 'factories (3)_993', 'xls', '2020-11-04 13:45:32', 'customersSuppliers/3/factories (3)_993.xls', NULL, 'factories (3)', 'customersSuppliers', 3),
(349, 'factories (4)_355', 'xls', '2020-11-04 13:45:32', 'customersSuppliers/3/factories (4)_355.xls', NULL, 'factories (4)', 'customersSuppliers', 3),
(350, 'backlinks1 (1)_13', 'xls', '2020-11-04 13:45:32', 'customersSuppliers/3/backlinks1 (1)_13.xls', NULL, 'backlinks1 (1)', 'customersSuppliers', 3),
(351, 'factories (3)_576', 'xls', '2020-11-04 14:29:55', 'customersSuppliers/9/factories (3)_576.xls', NULL, 'factories (3)', 'customersSuppliers', 9),
(352, 'factories (2)_679', 'xls', '2020-11-04 14:29:55', 'customersSuppliers/9/factories (2)_679.xls', NULL, 'factories (2)', 'customersSuppliers', 9),
(353, 'factories (4)_322', 'xls', '2020-11-04 14:29:55', 'customersSuppliers/9/factories (4)_322.xls', NULL, 'factories (4)', 'customersSuppliers', 9),
(354, 'backlinks1 (1)_462', 'xls', '2020-11-04 14:29:55', 'customersSuppliers/9/backlinks1 (1)_462.xls', NULL, 'backlinks1 (1)', 'customersSuppliers', 9),
(355, 'factories (1)_251', 'xls', '2020-11-04 14:29:55', 'customersSuppliers/9/factories (1)_251.xls', NULL, 'factories (1)', 'customersSuppliers', 9),
(356, 'factories (2)_561', 'xls', '2020-11-04 14:58:03', 'customersSuppliers/10/factories (2)_561.xls', NULL, 'factories (2)', 'customersSuppliers', 10),
(357, 'factories (2)_98', 'xls', '2020-11-04 14:59:02', 'customersSuppliers/10/factories (2)_98.xls', NULL, 'factories (2)', 'customersSuppliers', 10),
(358, 'factories (3)_17', 'xls', '2020-11-04 14:59:04', 'customersSuppliers/10/factories (3)_17.xls', NULL, 'factories (3)', 'customersSuppliers', 10),
(359, 'factories (3)_449', 'xls', '2020-11-04 14:59:05', 'customersSuppliers/10/factories (3)_449.xls', NULL, 'factories (3)', 'customersSuppliers', 10),
(360, 'factories (3)_579', 'xls', '2020-11-04 15:00:36', 'customersSuppliers/10/factories (3)_579.xls', NULL, 'factories (3)', 'customersSuppliers', 10),
(361, 'Ολοκληρωμένο Σενάριο με πολλαπλά ακχ_823', 'txt', '2020-11-05 11:42:23', 'warehouses/16/Ολοκληρωμένο Σενάριο με πολλαπλά ακχ_823.txt', NULL, 'Ολοκληρωμένο Σενάριο με πολλαπλά ακχ', 'warehouses', 16),
(363, 'roadscriteriaview_889', 'txt', '2020-11-05 17:35:20', 'customersSuppliers/13/roadscriteriaview_889.txt', NULL, 'roadscriteriaview', 'customersSuppliers', 13),
(365, 'prosodyctluser_7', 'txt', '2020-11-05 17:35:20', 'customersSuppliers/13/prosodyctluser_7.txt', NULL, 'prosodyctluser', 'customersSuppliers', 13),
(366, 'profile_571', 'png', '2020-11-05 17:35:47', 'customersSuppliers/13/profile_571.png', NULL, 'profile', 'customersSuppliers', 13),
(367, 'prof_701', 'png', '2020-11-05 17:35:53', 'customersSuppliers/13/prof_701.png', NULL, 'prof', 'customersSuppliers', 13),
(368, 'New-Text-Document_453', 'txt', '2020-11-05 18:24:52', 'factories/21/New-Text-Document_453.txt', NULL, 'New-Text-Document', 'factories', 21),
(369, 'afggis_db_611', 'sql', '2020-11-05 18:24:52', 'factories/21/afggis_db_611.sql', NULL, 'afggis_db', 'factories', 21),
(370, 'profile_824', 'png', '2020-11-12 17:09:07', 'customersSuppliers/16/profile_824.png', NULL, 'profile', 'customersSuppliers', 16),
(371, '83107848_489676441947991_2544066879274614784_o_939', 'jpg', '2020-11-14 00:15:53', 'users/92/83107848_489676441947991_2544066879274614784_o_939.jpg', NULL, '83107848_489676441947991_2544066879274614784_o', 'users', 92),
(372, '83107848_489676441947991_2544066879274614784_o_619', 'jpg', '2020-11-14 00:17:12', 'users/92/83107848_489676441947991_2544066879274614784_o_619.jpg', NULL, '83107848_489676441947991_2544066879274614784_o', 'users', 92),
(373, '83107848_489676441947991_2544066879274614784_o (1)_304', 'jpg', '2020-11-14 00:17:18', 'users/92/83107848_489676441947991_2544066879274614784_o (1)_304.jpg', NULL, '83107848_489676441947991_2544066879274614784_o (1)', 'users', 92),
(374, 'teleio_40', 'png', '2020-11-14 00:17:40', 'users/92/teleio_40.png', NULL, 'teleio', 'users', 92),
(375, '125429729_1023247761484175_7244399035047195743_n_333', 'jpg', '2020-11-16 20:19:12', 'customersSuppliers/17/125429729_1023247761484175_7244399035047195743_n_333.jpg', NULL, '125429729_1023247761484175_7244399035047195743_n', 'customersSuppliers', 17),
(376, '83107848_489676441947991_2544066879274614784_o (1)_607', 'jpg', '2020-11-16 20:19:12', 'customersSuppliers/17/83107848_489676441947991_2544066879274614784_o (1)_607.jpg', NULL, '83107848_489676441947991_2544066879274614784_o (1)', 'customersSuppliers', 17),
(377, '124147281_373921773942071_4762592770029127300_n (1)_857', 'jpg', '2020-11-16 20:19:12', 'customersSuppliers/17/124147281_373921773942071_4762592770029127300_n (1)_857.jpg', NULL, '124147281_373921773942071_4762592770029127300_n (1)', 'customersSuppliers', 17),
(378, '124147281_373921773942071_4762592770029127300_n_69', 'jpg', '2020-11-16 20:19:12', 'customersSuppliers/17/124147281_373921773942071_4762592770029127300_n_69.jpg', NULL, '124147281_373921773942071_4762592770029127300_n', 'customersSuppliers', 17),
(379, '83107848_489676441947991_2544066879274614784_o_297', 'jpg', '2020-11-16 20:19:12', 'customersSuppliers/17/83107848_489676441947991_2544066879274614784_o_297.jpg', NULL, '83107848_489676441947991_2544066879274614784_o', 'customersSuppliers', 17),
(380, '125498328_383586976215341_5462406594365357895_n_307', 'jpg', '2020-11-16 20:19:12', 'customersSuppliers/17/125498328_383586976215341_5462406594365357895_n_307.jpg', NULL, '125498328_383586976215341_5462406594365357895_n', 'customersSuppliers', 17),
(381, '124147281_373921773942071_4762592770029127300_n_199', 'jpg', '2020-11-18 03:15:05', 'customersSuppliers/23/124147281_373921773942071_4762592770029127300_n_199.jpg', NULL, '124147281_373921773942071_4762592770029127300_n', 'customersSuppliers', 23),
(382, '124147281_373921773942071_4762592770029127300_n_823', 'jpg', '2020-11-18 03:21:00', 'customersSuppliers/15/124147281_373921773942071_4762592770029127300_n_823.jpg', NULL, '124147281_373921773942071_4762592770029127300_n', 'customersSuppliers', 15),
(383, '83107848_489676441947991_2544066879274614784_o (1)_333', 'jpg', '2020-11-18 03:25:25', 'offers/15/83107848_489676441947991_2544066879274614784_o (1)_333.jpg', NULL, '83107848_489676441947991_2544066879274614784_o (1)', 'offers', 15),
(384, 'TAKEN_172', 'png', '2020-11-20 01:40:14', 'warehouses/12/TAKEN_172.png', NULL, 'TAKEN', 'warehouses', 12),
(385, '1920x1080-jetbrains2020_482_878', 'png', '2020-11-20 01:55:46', 'warehouses/12/1920x1080-jetbrains2020_482_878.png', NULL, '1920x1080-jetbrains2020_482', 'warehouses', 12),
(386, 'profile_824_84', 'png', '2020-11-20 01:56:11', 'warehouses/12/profile_824_84.png', NULL, 'profile_824', 'warehouses', 12),
(387, 'profile_824_278', 'png', '2020-11-20 01:57:22', 'warehouses/12/profile_824_278.png', NULL, 'profile_824', 'warehouses', 12),
(388, 'teleio_40_862', 'png', '2020-11-20 02:00:40', 'warehouses/12/teleio_40_862.png', NULL, 'teleio_40', 'warehouses', 12),
(389, 'teleio_40_956', 'png', '2020-11-20 04:25:08', 'users/99/teleio_40_956.png', NULL, 'teleio_40', 'users', 99),
(390, 'api_tasks_885', 'txt', '2020-11-20 04:25:13', 'users/99/api_tasks_885.txt', NULL, 'api_tasks', 'users', 99),
(391, 'offers (2)_187', 'xls', '2020-11-20 04:25:18', 'users/99/offers (2)_187.xls', NULL, 'offers (2)', 'users', 99),
(392, 'internova_sellers (1)_479', 'xls', '2020-11-20 04:25:20', 'users/99/internova_sellers (1)_479.xls', NULL, 'internova_sellers (1)', 'users', 99),
(393, 'users (17)_620', 'xls', '2020-11-20 04:25:22', 'users/99/users (17)_620.xls', NULL, 'users (17)', 'users', 99),
(394, 'users (17)_256', 'xls', '2020-11-20 04:26:20', 'factories/19/users (17)_256.xls', NULL, 'users (17)', 'factories', 19),
(395, '2 ΠΕΛΑΤΕΣ - ΠΡΟΜΗΘΕΥΤΕΣ_586', 'pdf', '2020-11-20 13:30:30', 'warehouses/15/2 ΠΕΛΑΤΕΣ - ΠΡΟΜΗΘΕΥΤΕΣ_586.pdf', NULL, '2 ΠΕΛΑΤΕΣ - ΠΡΟΜΗΘΕΥΤΕΣ', 'warehouses', 15),
(396, '124147281_373921773942071_4762592770029127300_n_199_830', 'jpg', '2020-11-20 18:40:55', 'warehouses/11/124147281_373921773942071_4762592770029127300_n_199_830.jpg', NULL, '124147281_373921773942071_4762592770029127300_n_199', 'warehouses', 11),
(397, '124147281_373921773942071_4762592770029127300_n_199_229', 'jpg', '2020-11-23 17:09:57', 'offers/16/124147281_373921773942071_4762592770029127300_n_199_229.jpg', NULL, '124147281_373921773942071_4762592770029127300_n_199', 'offers', 16),
(398, '83107848_489676441947991_2544066879274614784_o (1)_545', 'jpg', '2020-12-02 20:30:36', 'offers/21/83107848_489676441947991_2544066879274614784_o (1)_545.jpg', NULL, '83107848_489676441947991_2544066879274614784_o (1)', 'offers', 21),
(399, 'PROSFOREStext_249', 'txt', '2020-12-06 05:56:29', 'offers/61/PROSFOREStext_249.txt', NULL, 'PROSFOREStext', 'offers', 61),
(400, 'blank_496', 'pdf', '2020-12-09 01:19:53', 'warehouses/25/blank_496.pdf', NULL, 'blank', 'warehouses', 25),
(401, 'blank_342', 'pdf', '2020-12-09 01:20:16', 'warehouses/25/blank_342.pdf', NULL, 'blank', 'warehouses', 25),
(402, 'blank_531', 'pdf', '2020-12-09 01:20:18', 'warehouses/25/blank_531.pdf', NULL, 'blank', 'warehouses', 25),
(403, 'blank_883', 'pdf', '2020-12-09 01:20:20', 'warehouses/25/blank_883.pdf', NULL, 'blank', 'warehouses', 25),
(404, 'blank_779', 'pdf', '2020-12-09 01:20:21', 'warehouses/25/blank_779.pdf', NULL, 'blank', 'warehouses', 25),
(405, 'blank_131', 'pdf', '2020-12-09 01:20:23', 'warehouses/25/blank_131.pdf', NULL, 'blank', 'warehouses', 25),
(406, 'latestOffer', 'pdf', '2020-12-09 03:46:56', 'offersPdf/64/latestOffer.pdf', NULL, 'latestOffer', 'offersPdf', 64),
(407, 'latestOffer', 'pdf', '2020-12-09 03:58:12', 'offersPdf/64/latestOffer.pdf', NULL, 'latestOffer', 'offersPdf', 64),
(408, 'latestOffer', 'pdf', '2020-12-09 03:58:37', 'offersPdf/64/latestOffer.pdf', NULL, 'latestOffer', 'offersPdf', 64),
(409, 'latestOffer_907', 'pdf', '2020-12-09 03:59:28', 'offers/64/latestOffer_907.pdf', NULL, 'latestOffer', 'offers', 64),
(410, 'latestOffer', 'pdf', '2020-12-09 18:17:48', 'offersPdf/63/latestOffer.pdf', NULL, 'latestOffer', 'offersPdf', 63),
(411, 'latestOffer', 'pdf', '2020-12-10 03:42:17', 'offersPdf/64/latestOffer.pdf', NULL, 'latestOffer', 'offersPdf', 64),
(412, 'latestOffer', 'pdf', '2020-12-10 03:42:34', 'offersPdf/64/latestOffer.pdf', NULL, 'latestOffer', 'offersPdf', 64),
(413, 'latestOffer', 'pdf', '2020-12-10 13:31:02', 'offersPdf/64/latestOffer.pdf', NULL, 'latestOffer', 'offersPdf', 64),
(414, 'latestOffer', 'pdf', '2020-12-10 13:31:54', 'offersPdf/64/latestOffer.pdf', NULL, 'latestOffer', 'offersPdf', 64),
(415, 'latestOffer', 'pdf', '2020-12-11 16:59:05', 'offersPdf/63/latestOffer.pdf', NULL, 'latestOffer', 'offersPdf', 63),
(416, 'latestOffer', 'pdf', '2020-12-11 18:29:22', 'offersPdf/64/latestOffer.pdf', NULL, 'latestOffer', 'offersPdf', 64),
(417, 'latestOffer', 'pdf', '2020-12-11 18:29:25', 'offersPdf/64/latestOffer.pdf', NULL, 'latestOffer', 'offersPdf', 64),
(418, 'latestOffer', 'pdf', '2020-12-11 18:29:26', 'offersPdf/64/latestOffer.pdf', NULL, 'latestOffer', 'offersPdf', 64),
(419, 'latestOffer', 'pdf', '2020-12-11 18:29:47', 'offersPdf/64/latestOffer.pdf', NULL, 'latestOffer', 'offersPdf', 64),
(420, 'latestOffer', 'pdf', '2020-12-11 18:33:56', 'offersPdf/64/latestOffer.pdf', NULL, 'latestOffer', 'offersPdf', 64),
(421, 'latestOffer', 'pdf', '2020-12-11 18:33:59', 'offersPdf/64/latestOffer.pdf', NULL, 'latestOffer', 'offersPdf', 64),
(422, 'latestOffer', 'pdf', '2020-12-11 22:55:07', 'offersPdf/65/latestOffer.pdf', NULL, 'latestOffer', 'offersPdf', 65),
(423, 'latestOffer', 'pdf', '2020-12-12 00:11:11', 'offersPdf/64/latestOffer.pdf', NULL, 'latestOffer', 'offersPdf', 64),
(424, 'latestOffer', 'pdf', '2020-12-12 00:15:58', 'offersPdf/64/latestOffer.pdf', NULL, 'latestOffer', 'offersPdf', 64),
(425, 'latestOffer', 'pdf', '2020-12-12 00:18:38', 'offersPdf/64/latestOffer.pdf', NULL, 'latestOffer', 'offersPdf', 64),
(426, 'latestOffer', 'pdf', '2020-12-12 00:56:01', 'offersPdf/64/latestOffer.pdf', NULL, 'latestOffer', 'offersPdf', 64),
(427, 'latestOffer', 'pdf', '2020-12-12 00:59:06', 'offersPdf/64/latestOffer.pdf', NULL, 'latestOffer', 'offersPdf', 64),
(428, 'latestOffer', 'pdf', '2020-12-14 00:18:02', 'offersPdf/64/latestOffer.pdf', NULL, 'latestOffer', 'offersPdf', 64),
(429, 'latestOffer', 'pdf', '2020-12-14 00:19:09', 'offersPdf/64/latestOffer.pdf', NULL, 'latestOffer', 'offersPdf', 64),
(430, 'latestOffer', 'pdf', '2020-12-14 00:23:20', 'offersPdf/67/latestOffer.pdf', NULL, 'latestOffer', 'offersPdf', 67),
(431, 'latestOffer', 'pdf', '2020-12-28 02:49:59', 'offersPdf/68/latestOffer.pdf', NULL, 'latestOffer', 'offersPdf', 68),
(432, 'latestOffer', 'pdf', '2020-12-29 11:32:58', 'offersPdf/68/latestOffer.pdf', NULL, 'latestOffer', 'offersPdf', 68),
(433, 'latestOffer', 'pdf', '2020-12-29 11:33:18', 'offersPdf/68/latestOffer.pdf', NULL, 'latestOffer', 'offersPdf', 68),
(434, 'latestOffer', 'pdf', '2020-12-30 04:13:11', 'offersPdf/71/latestOffer.pdf', NULL, 'latestOffer', 'offersPdf', 71),
(435, 'latestOffer', 'pdf', '2020-12-30 04:15:35', 'offersPdf/71/latestOffer.pdf', NULL, 'latestOffer', 'offersPdf', 71),
(436, 'latestOffer', 'pdf', '2020-12-30 04:19:47', 'offersPdf/71/latestOffer.pdf', NULL, 'latestOffer', 'offersPdf', 71);

-- --------------------------------------------------------

--
-- Δομή πίνακα για τον πίνακα `factories`
--

CREATE TABLE `factories` (
  `id` bigint(20) NOT NULL,
  `brand_name` varchar(255) DEFAULT NULL,
  `address` varchar(255) DEFAULT NULL,
  `telephone` varchar(255) DEFAULT NULL,
  `email` varchar(255) DEFAULT NULL,
  `postal_code` varchar(255) DEFAULT NULL,
  `city` varchar(255) DEFAULT NULL,
  `region` varchar(255) DEFAULT NULL,
  `creation_date` datetime DEFAULT NULL,
  `update_date` datetime DEFAULT NULL,
  `manager` varchar(255) DEFAULT NULL,
  `comments` longtext DEFAULT NULL,
  `unloading_loading_code` varchar(255) DEFAULT NULL,
  `site` varchar(255) DEFAULT NULL,
  `coordinates` varchar(255) DEFAULT NULL,
  `schedule` varchar(255) DEFAULT NULL,
  `appointment_days` int(11) DEFAULT NULL,
  `country` varchar(255) DEFAULT NULL,
  `longtitude` double DEFAULT NULL,
  `lattitude` double DEFAULT NULL,
  `appointment_required` tinyint(4) DEFAULT NULL
) ENGINE=InnoDB DEFAULT CHARSET=utf8;

--
-- Άδειασμα δεδομένων του πίνακα `factories`
--

INSERT INTO `factories` (`id`, `brand_name`, `address`, `telephone`, `email`, `postal_code`, `city`, `region`, `creation_date`, `update_date`, `manager`, `comments`, `unloading_loading_code`, `site`, `coordinates`, `schedule`, `appointment_days`, `country`, `longtitude`, `lattitude`, `appointment_required`) VALUES
(12, 'Εργοστασιο ΙΟΝΙΝΚΟ', 'Τσαμαδού 32,Πειραιάς Ελλάδα', '210273286', 'manolis.papaspyropoulos@gmail.com', '18533', 'Πειραιάς', 'Περιφερειακή Ενότητα Πειραιώς', '2020-10-29 20:50:11', NULL, 'ΚΑΛΑΤΖΟΓΛΟΥ ', '<p>ddww</p>', 'LK/33/33', 'ΘΙΟ.ΓΡ', '', 'νονε', 7, 'Ελλάδα', 23.6470453, 37.9441202, 1),
(13, 'manos company', 'Πειραιώς 45,Χανιά Ελλάδα', '2101378624', 'test@gmail.comw', '18533', 'Πειραιάς', 'Χανιά', '2020-10-29 21:36:52', NULL, 'kostas giatsouglou', '<p>Καθημερινα 10:00-8:00</p>', 'KL/31/33', 'GIATSINOGLOU', '', 'Καθημερινα 10:00-8:00', 4, 'Ελλάδα', 24.0147062, 35.5158014, 1),
(14, 'νεοσπερατης', 'Δίστρια Δώρας,Αθήνα Ελλάδα', 'νεοσ περατης', 'test@gmail.comw', '18533', 'Πειραιάς', 'Κεντρικός Τομέας Αθηνών', '2020-10-29 22:29:22', NULL, 'νεοσ περατης', '<p>νεοσ περατης</p>', 'NB/33/33', 'νεοσ περατης', '', 'νεοσ περατης', 3, 'Ελλάδα', 23.7448726, 37.9808101, 0),
(15, 'disney', 'Disneyland Drive,Anaheim Ηνωμένες Πολιτείες', 'disney', 'disney@disney', '18533', 'Πειραιάς', '-', '2020-10-29 23:24:28', NULL, 'disney', '<p>disney</p>', 'AS/33/33', 'V', '', 'disney', 2, 'Ελλάδα', -117.9242449, 33.8136287, 0),
(16, 'address', 'Simi Road Address,Amraha Ινδία', 'address', 'address@saddress', '18533', 'Πειραιάς', 'address', '2020-10-30 00:12:54', NULL, 'address', '', 'CC/34/HJ', 'address', '', 'address', 0, 'Ελλάδα', 84.9730615, 24.8754479, 1),
(17, 'wdw', 'Τυμφρηστού,Χαλάνδρι Ελλάδα', 'wd', 'dw@wdd', '18533', 'Πειραιάς', 'Περιφερειακή ενότητα Βορείου Τομέα Αθηνών', '2020-12-10 03:46:27', NULL, 'ddw', '<p>wwww<strong>wwwww</strong></p>', 'AS/33/33', 'wdww', '', 'd', 3, 'Ελλάδα', 23.8189838, 38.0259337, 1),
(18, 'factoriesEntity', 'New York 112,Medford Ηνωμένες Πολιτείες', 'factoriesEntity', 'factoriesEntity@factoriesEntity', '18533', 'Πειραιάς', 'Brookhaven', '2020-12-08 19:59:02', NULL, 'factoriesEntity', '<p>factoriesEntityfactoriesEntity</p>', 'AS/52/33', 'factoriesEntity', '', 'factoriesEntity', 2, 'Ελλάδα', -72.9980982, 40.8212771, 0),
(19, 'factoriesEntity', 'Μάνης,Χαϊδάρι Ελλάδα', 'factoriesEntity', 'factoriesEntity@factoriesEntity', '124 62', 'Πειραιάς', 'Περιφερειακή Ενότητα Δυτικού Τομέα Αθηνών', '2020-12-12 00:09:40', NULL, 'factoriesEntity', '<p>factoriesEntityfactoriesEntity</p>', 'AQ/33/54', 'factoriesEntity', '', 'factoriesEntity', 2, 'Ελλάδα', 23.6463126, 38.0196908, 1),
(20, 'factoriesEntity', 'Διστόμου 12,Πειραιάς Ελλάδα', 'factoriesEntity', 'factoriesEntity@factoriesEntity', '185 32', 'Πειραιάς', 'Περιφερειακή Ενότητα Πειραιώς', '2020-10-31 02:11:21', NULL, 'factoriesEntity', '<p>factoriesEntityfactoriesEntity</p>', 'AQ/33/GV', 'factoriesEntity', '', 'factoriesEntity', 2, 'Ελλάδα', 23.6517489, 37.9477353, 1),
(21, 'dw', 'Παρνασσού,Αθήνα Ελλάδα', 'wd', 'wdw@q', '105 61', 'Αθήνα', 'Κεντρικός Τομέας Αθηνών', '2020-11-13 18:23:54', NULL, 'dw', '<figure class=\"table\"><table><tbody><tr><td>&nbsp;</td><td>&nbsp;</td><td>&nbsp;</td><td>&nbsp;</td><td>&nbsp;</td><td>&nbsp;</td></tr><tr><td>&nbsp;</td><td>h</td><td>&nbsp;</td><td>h</td><td>h</td><td>&nbsp;</td></tr><tr><td>&nbsp;</td><td>&nbsp;</td><td>h</td><td>&nbsp;</td><td>&nbsp;</td><td>h</td></tr><tr><td>&nbsp;</td><td>&nbsp;</td><td>&nbsp;</td><td>&nbsp;</td><td>&nbsp;</td><td>&nbsp;</td></tr></tbody></table></figure>', 'AQ/33/GV', 'wqd', '', '-', 5, 'Ελλάδα', 23.731099, 37.9783927, 1),
(22, 'εργοστασιο', 'Διστόμου,Λειβαδιά Ελλάδα', 'σ', 'manolis.papaspyropoulos@gmail.com', '321 00', 'Λειβαδιά', 'Βοιωτία', '2020-12-08 18:16:26', NULL, 'σ', '', 'AQ/33/GV', 'ςς', '', '', 3, 'Ελλάδα', 22.8690221, 38.4412286, 1),
(26, 'FACTORY I-09', 'Σαλαμινίας 2,Αθήνα Ελλάδα', '210312431', 'manolis.papaspyropoulos@gmail.com', '118 55', 'Αθήνα', 'Κεντρικός Τομέας Αθηνών', '2020-12-09 19:56:57', NULL, '-', '', 'QA/23/25', '-', '', '-', 0, 'Ελλάδα', 23.6959731, 37.9761878, 0),
(30, ';ςφ;ςφ', 'Ασκληπιού,Αθήνα Ελλάδα', ';ςφ;ςφ;', 'test@gmail.comw', '54645645', 'Αθήνα', 'Κεντρικός Τομέας Αθηνών', '2020-12-12 00:10:07', NULL, ';ςφ;ςφ', '', 'vv/65/45', 'regregerger', '', 'γρεγεργερ', 0, 'Ελλάδα', 23.7411498, 37.9850006, 0),
(31, 'fwfwq', 'Lane 66, Dongyuan Street 4 Ταϊβάν', 'fqwfqwf', 'f@e', '108', '-', 'Wanhua District', '2020-12-14 00:07:57', NULL, 'fwqfqw', '', 'qw/34/54', 'e', '', '-', 0, 'Ταϊβάν', 121.4962361, 25.0257002, 0),
(32, 'qwdqwdqwd', 'Σαπφούς 98,Καλλιθέα Ελλάδα', 'qwdqwdqw', 'manolis.papaspyropoulos@gmail.com', '176 76', 'Καλλιθέα', 'Νότιος Τομέας Αθηνών', '2020-12-14 00:10:30', NULL, 'qwdqwd', '', 'dq/34/23', '-', '', '-', 0, 'Ελλάδα', 23.7022106, 37.9580669, 0),
(33, 'factoriesEntity', 'New York 112,Medford Ηνωμένες Πολιτείες', 'factoriesEntity', 'factoriesEntity@factoriesEntity', NULL, NULL, 'Brookhaven', NULL, NULL, NULL, NULL, NULL, NULL, NULL, NULL, 0, 'Ελλάδα', -72.9980982, 40.8212771, 0),
(34, ';ςφ;ςφ', 'Ασκληπιού,Αθήνα Ελλάδα', ';ςφ;ςφ;', 'test@gmail.comw', NULL, NULL, 'Κεντρικός Τομέας Αθηνών', NULL, NULL, NULL, NULL, NULL, NULL, NULL, NULL, 0, 'Ελλάδα', 23.7411498, 37.9850006, 0),
(35, ';ςφ;ςφ', 'Ασκληπιού,Αθήνα Ελλάδα', ';ςφ;ςφ;', 'test@gmail.comw', NULL, NULL, 'Κεντρικός Τομέας Αθηνών', NULL, NULL, NULL, NULL, NULL, NULL, NULL, NULL, 0, 'Ελλάδα', 23.7411498, 37.9850006, 0),
(36, 'dw', 'Παρνασσού,Αθήνα Ελλάδα', 'wd', 'wdw@q', NULL, NULL, 'Κεντρικός Τομέας Αθηνών', NULL, NULL, NULL, NULL, NULL, NULL, NULL, NULL, 0, 'Ελλάδα', 23.731099, 37.9783927, 0),
(37, 'FACTORY I-09', 'Σαλαμινίας 2,Αθήνα Ελλάδα', '210312431', 'manolis.papaspyropoulos@gmail.com', NULL, NULL, 'Κεντρικός Τομέας Αθηνών', NULL, NULL, NULL, NULL, NULL, NULL, NULL, NULL, 0, 'Ελλάδα', 23.6959731, 37.9761878, 0),
(39, 'ψςς', 'δ', '43242342342', 'efw@wef', '18533', 'Πειραιάς', '', NULL, NULL, NULL, NULL, NULL, NULL, NULL, NULL, 0, 'Ελλάδα', 23.7433792, 37.9622444, 0),
(40, 'eree', 'δ', '342345232', 'eree@eree.com', '18533', 'Πειραιάς', '', NULL, NULL, NULL, NULL, NULL, NULL, NULL, NULL, 0, 'Ελλάδα', 23.7433792, 37.9622444, 0),
(41, 'ΙΟΝ', 'ιον', '34253524', 'ion@mail.com', '54645645', 'Αθήνα', '', NULL, NULL, NULL, NULL, NULL, NULL, NULL, NULL, 0, 'Ελλάδα', 23.7525475, 37.9508346, 0),
(42, 'testepon', 'sa', '54364', 'manolis.papaspyropoulos@gmail.com', '54645645', 'Αθήνα', '', NULL, NULL, NULL, NULL, NULL, NULL, NULL, NULL, 0, 'Ελλάδα', 105.7652441, 21.0203036, 0),
(43, 'Αιλικο', 'Αι', '345674356465768', 'manolis.papaspyropoulos@gmail.com', '54645645', 'Αθήνα', '', NULL, NULL, NULL, NULL, NULL, NULL, NULL, NULL, 0, 'Ελλάδα', 23.7282562, 37.97950160000001, 0),
(44, '436gggg', 'ς', '4536543543', 'manolis.papaspyropoulos@gmail.com', '54645645', 'Αθήνα', '', NULL, NULL, NULL, NULL, NULL, NULL, NULL, NULL, 0, 'Ελλάδα', 23.6312007, 37.95675, 0),
(45, 'Fashion Shoes', 'Διστόμου 34, Αθήνα 104 44, Ελλάδα', '23423423', 'b0b0s_666@hotmail.com', '54645645', 'Αθήνα', '', NULL, NULL, NULL, NULL, NULL, NULL, NULL, NULL, 0, 'Ελλάδα', 23.7156498, 37.9938386, 0),
(46, 'Pull n Bear', 'Φολεγάνδρου, Αθήνα, Ελλάδα', '23675765765', 'pullNbear@mail.com', '54645645', 'Αθήνα', '', NULL, NULL, NULL, NULL, NULL, NULL, NULL, NULL, 0, 'Ελλάδα', 23.7299857, 38.0068834, 0),
(47, 'Breska', 'Τυλίσσου, Ηράκλειο 712 01, Ελλάδα', '123945676543', 'test@gmail.comw', '243423', 'Ζιλίνα', '', NULL, NULL, NULL, NULL, NULL, NULL, NULL, NULL, 0, 'Σλοβακία', 25.1281968, 35.33746000000001, 0),
(48, 'Perfect souvlaki', 'Azaleastraat, 5922 Venlo, Ολλανδία', '21234567876543', 'test@gmail.comw', '8866', 'Γλυφάδα', '', NULL, NULL, NULL, NULL, NULL, NULL, NULL, NULL, 0, 'Ελλάδα', 6.1357292, 51.3762178, 0),
(49, 'Socer Club', 'Ασκληπιού, Αθήνα, Ελλάδα', '210349534', 'manolis.papaspyropoulos@gmail.com', '35634', '-', '', NULL, NULL, NULL, NULL, NULL, NULL, NULL, NULL, 0, 'Ηνωμένο Βασίλειο', 23.7411498, 37.9850006, 0),
(50, 'ιον', 'Ηλία Βενέζη 32, Χαϊδάρι 124 61, Ελλάδα', '21453546435', 'manolis.papaspyropoulos@gmail.com', '8866', 'Γλυφάδα', '', NULL, NULL, NULL, NULL, NULL, NULL, NULL, NULL, 0, 'Ελλάδα', 23.6625131, 38.00496649999999, 0),
(51, 'Ξυλα', 'Αετοράχης, Θεσσαλονίκη, Ελλάδα', '2345364', 'manolis.papaspyropoulos@gmail.com', '8866', 'Γλυφάδα', '', NULL, NULL, NULL, NULL, NULL, NULL, NULL, NULL, 0, 'Ελλάδα', 22.9581625, 40.6190585, 0),
(52, 'Βολτομετρικα', 'Γρ. Λαμπράκη, Κερατσίνι, Ελλάδα', '234252', 'b0b0s_666@hotmail.com', '8866', 'Γλυφάδα', '', NULL, NULL, NULL, NULL, NULL, NULL, NULL, NULL, 0, 'Ελλάδα', 23.62085, 37.9707778, 0),
(53, 'Εργοστασιο 2', 'Μυτιλήνης, Κρωπία 194 00, Ελλάδα', '2134536', 'test@gmail.comw', '345345345', 'Βάρνα', '', NULL, NULL, NULL, NULL, NULL, NULL, NULL, NULL, 0, 'Βουλγαρία', 23.8526907, 37.9358908, 0),
(54, 'Wertolio', 'Via del Corso, Roma RM, Ιταλία', '3212425325', 'b0b0s_666@hotmail.com', '8866', 'Γλυφάδα', '', NULL, NULL, NULL, NULL, NULL, NULL, NULL, NULL, 0, 'Ελλάδα', 12.4792941, 41.9037397, 0),
(55, 'Teroilko', 'Jl. Malioboro, Sosromenduran, Gedong Tengen, Kota Yogyakarta, Daerah Istimewa Yogyakarta, Ινδονησία', '21324543456', 'tol@cw.com', '8866', 'Γλυφάδα', '', NULL, NULL, NULL, NULL, NULL, NULL, NULL, NULL, 0, 'Ελλάδα', 110.3658743, -7.7926359, 0),
(56, 'Teroilko', 'Jl. Malioboro, Sosromenduran, Gedong Tengen, Kota Yogyakarta, Daerah Istimewa Yogyakarta, Ινδονησία', '21324543456', 'tol@cw.com', '8866', 'Γλυφάδα', '', NULL, NULL, NULL, NULL, NULL, NULL, NULL, NULL, 0, 'Ελλάδα', 110.3658743, -7.7926359, 0),
(57, 'Teroilko', 'Jl. Malioboro, Sosromenduran, Gedong Tengen, Kota Yogyakarta, Daerah Istimewa Yogyakarta, Ινδονησία', '21324543456', 'tol@cw.com', '8866', 'Γλυφάδα', '', NULL, NULL, NULL, NULL, NULL, NULL, NULL, NULL, 0, 'Ελλάδα', 110.3658743, -7.7926359, 0),
(58, 'wqfqwf', 'Fergusson College Rd, Shivajinagar, Pune, Maharashtra, Ινδία', 'qwqfqwf', 'qwfqwf@qwfwq.com', '8866', 'Γλυφάδα', '', NULL, NULL, NULL, NULL, NULL, NULL, NULL, NULL, 0, 'Ελλάδα', 73.8409089, 18.5226523, 0),
(59, 'wqfqwf', 'Fergusson College Rd, Shivajinagar, Pune, Maharashtra, Ινδία', 'qwqfqwf', 'qwfqwf@qwfwq.com', '8866', 'Γλυφάδα', '', NULL, NULL, NULL, NULL, NULL, NULL, NULL, NULL, 0, 'Ελλάδα', 73.8409089, 18.5226523, 0),
(60, 'wqfqwf', 'Fergusson College Rd, Shivajinagar, Pune, Maharashtra, Ινδία', 'qwqfqwf', 'qwfqwf@qwfwq.com', '8866', 'Γλυφάδα', '', NULL, NULL, NULL, NULL, NULL, NULL, NULL, NULL, 0, 'Ελλάδα', 73.8409089, 18.5226523, 0),
(61, 'wqfqwf', 'Fergusson College Rd, Shivajinagar, Pune, Maharashtra, Ινδία', 'qwqfqwf', 'qwfqwf@qwfwq.com', '8866', 'Γλυφάδα', '', NULL, NULL, NULL, NULL, NULL, NULL, NULL, NULL, 0, 'Ελλάδα', 73.8409089, 18.5226523, 0),
(62, 'wqfqwf', 'Fergusson College Rd, Shivajinagar, Pune, Maharashtra, Ινδία', 'qwqfqwf', 'qwfqwf@qwfwq.com', '8866', 'Γλυφάδα', '', NULL, NULL, NULL, NULL, NULL, NULL, NULL, NULL, 0, 'Ελλάδα', 73.8409089, 18.5226523, 0),
(63, 'wqfqwf', 'Fergusson College Rd, Shivajinagar, Pune, Maharashtra, Ινδία', 'qwqfqwf', 'qwfqwf@qwfwq.com', '8866', 'Γλυφάδα', '', NULL, NULL, NULL, NULL, NULL, NULL, NULL, NULL, 0, 'Ελλάδα', 73.8409089, 18.5226523, 0),
(64, 'wqfqwf', 'Fergusson College Rd, Shivajinagar, Pune, Maharashtra, Ινδία', 'qwqfqwf', 'qwfqwf@qwfwq.com', '8866', 'Γλυφάδα', '', NULL, NULL, NULL, NULL, NULL, NULL, NULL, NULL, 0, 'Ελλάδα', 73.8409089, 18.5226523, 0),
(65, 'ιον', 'Γολγοθά, Αχαρνές 136 75, Ελλάδα', '23423542', 'manolis.papaspyropoulos@gmail.com', '18533', 'Γλυφάδα', '', NULL, NULL, NULL, NULL, NULL, NULL, NULL, NULL, 0, 'Ελλάδα', 23.7273712, 38.0699087, 0),
(66, 'Ωραιόκαστρο', 'ΤατοΪου, Κηφισιά, Ελλάδα', '3244223442', 'k@c.com', '3123123', 'Αθήνα', '', NULL, NULL, NULL, NULL, NULL, NULL, NULL, NULL, 0, 'Greece', 23.8090534, 38.090346, 0),
(67, 'Φορτωση σημειου εργοστασιου', 'Παρ. ΔΘ63, Πάτρα 263 31, Ελλάδα', '213043242', 'test@gmail.comw', '2342342', 'Amsterdam', '', NULL, NULL, NULL, NULL, NULL, NULL, NULL, NULL, 0, 'Ολλανδία', 21.7677162, 38.2306145, 0),
(68, 'Ε.Ε.Ε', 'Γεωρ. Μπάκου 21, Αθήνα 115 24, Ελλάδα', '213413243242', 'test@gmail.comw', '63363', 'Πειραιάς', '', NULL, NULL, NULL, NULL, NULL, NULL, NULL, NULL, 0, 'Ελλάδα', 23.7660994, 37.9991535, 0),
(69, 'wqed', 'Wall St, New York, NY, Ηνωμένες Πολιτείες', 'we', 'wdwdw@w', '18533', 'Μαρούσι', '', NULL, NULL, NULL, NULL, NULL, NULL, NULL, NULL, 0, 'Ελλάδα', -74.0088256, 40.7060361, 0),
(70, 'yt', 'Via del Corso, Roma RM, Ιταλία', 'yt', 'manolis.papaspyropoulos@gmail.com', '18533', 'Gurugram', '', NULL, NULL, NULL, NULL, NULL, NULL, NULL, NULL, 0, 'Ινδία', 12.4792941, 41.9037397, 0),
(71, 'ες', 'Ασκληπιού, Αθήνα, Ελλάδα', 'ςε', 'manolis.papaspyropoulos@gmail.com', '2342342', 'Αθήνα', '', NULL, NULL, NULL, NULL, NULL, NULL, NULL, NULL, 0, 'Ελλάδα', 23.7411498, 37.9850006, 0),
(72, 'Ion', 'Δίστρια Δώρας, Αθήνα 106 76, Ελλάδα', '334235324', 'manolis.papaspyropoulos@gmail.com', '2342342', '20', '', NULL, NULL, NULL, NULL, 'ff4543', NULL, NULL, NULL, 0, '20', 23.7448726, 37.9808101, 0);

-- --------------------------------------------------------

--
-- Δομή πίνακα για τον πίνακα `internova_sellers`
--

CREATE TABLE `internova_sellers` (
  `id` bigint(20) NOT NULL,
  `name` varchar(255) DEFAULT NULL,
  `description` varchar(255) DEFAULT NULL,
  `creation_date` datetime DEFAULT NULL,
  `update_date` datetime DEFAULT NULL
) ENGINE=InnoDB DEFAULT CHARSET=utf8;

--
-- Άδειασμα δεδομένων του πίνακα `internova_sellers`
--

INSERT INTO `internova_sellers` (`id`, `name`, `description`, `creation_date`, `update_date`) VALUES
(1, 'INTERNOVA SELLER', '-', '2020-10-26 18:54:55', '2020-10-26 18:54:55'),
(2, 'INTERNOVA SELLER I', '-', '2020-10-26 18:54:55', '2020-10-26 18:54:55'),
(3, 'IV-223', '-', '2020-10-26 18:54:55', '2020-10-26 18:54:55'),
(4, 'IU-0993-23', '-', '2020-10-26 18:54:55', '2020-10-26 18:54:55'),
(5, 'SELLER-NAME', '-', '2020-11-16 14:30:08', NULL),
(6, '8UY90-SYSTEM', '-', '2020-11-16 19:58:48', '2020-11-16 21:05:57'),
(7, 'ORACLE-JDBC', '-', '2020-11-16 20:03:27', '2020-11-16 21:04:40'),
(8, 'SELLER NAME II', '-', '2020-11-16 21:06:02', NULL),
(9, 'SELLER CUSTOMMERN', '--', '2020-11-16 21:06:09', '2020-12-09 02:20:20'),
(10, '98IOO', '-', '2020-11-16 21:06:12', NULL),
(12, 'ΤΥ-ΟΠΙ-2199', '-', '2020-12-10 03:13:53', NULL),
(13, 'UYTS-098-Y3YY', '-', '2020-12-10 03:17:03', '2020-12-11 23:59:33');

-- --------------------------------------------------------

--
-- Δομή πίνακα για τον πίνακα `managers`
--

CREATE TABLE `managers` (
  `id` bigint(20) NOT NULL,
  `gender` varchar(255) DEFAULT NULL,
  `last_name` varchar(255) DEFAULT NULL,
  `first_name` varchar(255) DEFAULT NULL,
  `position` varchar(255) DEFAULT NULL,
  `telephone` varchar(255) DEFAULT NULL,
  `email` varchar(255) DEFAULT NULL,
  `system` varchar(255) DEFAULT NULL,
  `system_id` bigint(20) DEFAULT NULL,
  `creation_date` datetime DEFAULT NULL,
  `update_date` datetime DEFAULT NULL
) ENGINE=InnoDB DEFAULT CHARSET=utf8;

--
-- Άδειασμα δεδομένων του πίνακα `managers`
--

INSERT INTO `managers` (`id`, `gender`, `last_name`, `first_name`, `position`, `telephone`, `email`, `system`, `system_id`, `creation_date`, `update_date`) VALUES
(55, 'Mr', 'Καραθανασόπουλος AB', 'Μανώλης', 'Γενικός Γραμματέας', '21089324', 'mkarathanasopoulos@helloworld.com', '', 0, '2020-11-25 18:47:44', '2020-12-08 23:23:45'),
(57, 'Mrs', 'Κοστοπουλου', 'Μαρια', 'Μαρκετινγκ', '23254252', 'imauro@gmail.comw', '', 0, '2020-11-25 18:53:19', '2020-12-08 23:23:51'),
(58, 'Mrs', 'Πετρίδης', 'Κώστας', 'Γενικός Εκπόσοπος', '21314321', 'petridhs1923@oldman.com', '', 0, '2020-11-25 18:54:06', '2020-12-09 01:52:43'),
(60, 'Mrs', 'Μαρια', 'Δημοστενης', 'Διαφημιση', '21314321', 'email@gyo.com', '', 0, '2020-11-25 18:56:06', '2020-12-08 23:24:32'),
(63, 'Mr', 'Βλαχοπουλος', 'Βαγγελης', 'Διαφημιση', '21200012', 'manager1@manager.com', '', 0, '2020-11-25 22:03:22', '2020-12-08 23:24:05'),
(64, 'Mr', 'Παπαβασιλειου', 'Θανασης', 'Λογιστης', '21013232', 'manager@manager.com', '', 0, '2020-11-26 02:15:59', '2020-12-08 23:24:10'),
(65, 'Mrs', 'Μανος', 'Κωστας', 'Λογιστης', '21023232', 'manager2@manager.com', '', 0, '2020-12-02 03:20:31', '2020-12-08 23:24:18'),
(66, 'Mr', 'Μανος', 'Βασιλης', 'Λογιστης', '21032322', 'manager4@manager.com', '', 0, '2020-12-02 03:20:58', '2020-12-09 01:52:38'),
(67, 'Mr', 'Μανος', 'Γιωργος', 'Λογιστης', '2128742342', 'manager5@manager.com', '', 0, '2020-12-02 03:21:12', '2020-12-08 23:25:52'),
(68, 'Mrs', 'Τζωρτζατου', 'Γιαννα', 'Νοσοκομειο', '214334234', 'paidwn.papaspyropoulos@gmail.com', '', 0, '2020-12-08 22:55:51', '2020-12-09 02:23:18'),
(69, 'Mrs', 'csssc', 'scscsc', 'scscsc', 'cscsc', 'scs@ccs', '', 0, '2020-12-08 23:07:43', '2020-12-09 02:23:35'),
(71, 'Mr', 'Παπασιμακοπουλος', 'Γιαννης', 'Θηροτηλεφωνο', '213214234', 'manolis.papaspyropoulos@gmail.com', '', 0, '2020-12-10 03:07:06', '2020-12-11 23:48:54'),
(73, 'Mrs', 'dwdw', 'wwdw', 'dwd', 'dwdw', 'ww@www', NULL, NULL, '2020-12-11 23:51:12', NULL);

-- --------------------------------------------------------

--
-- Δομή πίνακα για τον πίνακα `managers_system`
--

CREATE TABLE `managers_system` (
  `id` bigint(20) NOT NULL,
  `manager_id` bigint(20) DEFAULT NULL,
  `system` varchar(255) DEFAULT NULL,
  `system_id` bigint(20) DEFAULT NULL,
  `creation_date` datetime DEFAULT NULL,
  `update_date` datetime DEFAULT NULL
) ENGINE=InnoDB DEFAULT CHARSET=utf8mb4;

--
-- Άδειασμα δεδομένων του πίνακα `managers_system`
--

INSERT INTO `managers_system` (`id`, `manager_id`, `system`, `system_id`, `creation_date`, `update_date`) VALUES
(9, 55, 'Πελάτες-Προμηθευτές', 24, '2020-11-26 00:00:09', NULL),
(10, 58, 'Πελάτες-Προμηθευτές', 24, '2020-11-26 00:00:42', NULL),
(11, 55, 'Αποθήκη', 25, '2020-11-26 00:00:54', NULL),
(12, 57, 'Αποθήκη', 25, '2020-11-26 00:00:57', NULL),
(13, 58, 'Αποθήκη', 25, '2020-11-26 00:01:00', NULL),
(14, 55, 'Εργοστάσιο', 22, '2020-11-26 00:01:20', NULL),
(15, 57, 'Εργοστάσιο', 22, '2020-11-26 00:01:24', NULL),
(16, 55, 'Πελάτες-Προμηθευτές', 23, '2020-11-28 05:55:59', NULL),
(17, 57, 'Πελάτες-Προμηθευτές', 23, '2020-11-28 05:56:04', NULL),
(18, 64, 'Πελάτες-Προμηθευτές', 23, '2020-11-28 05:56:09', NULL),
(19, 67, 'Πελάτες-Προμηθευτές', 40, '2020-12-28 02:08:34', NULL);

-- --------------------------------------------------------

--
-- Δομή πίνακα για τον πίνακα `measurement_unit`
--

CREATE TABLE `measurement_unit` (
  `id` bigint(200) NOT NULL,
  `title` varchar(245) DEFAULT NULL,
  `comments` varchar(245) DEFAULT NULL,
  `x_index` double DEFAULT NULL,
  `y_index` double DEFAULT NULL,
  `z_index` double DEFAULT NULL,
  `volume` double DEFAULT NULL,
  `creation_date` datetime DEFAULT NULL,
  `update_date` datetime DEFAULT NULL
) ENGINE=InnoDB DEFAULT CHARSET=utf8mb4;

--
-- Άδειασμα δεδομένων του πίνακα `measurement_unit`
--

INSERT INTO `measurement_unit` (`id`, `title`, `comments`, `x_index`, `y_index`, `z_index`, `volume`, `creation_date`, `update_date`) VALUES
(2, 'ΒΟΧ ΙΙΧV-I567-099123', 'νο κομμεντσ', 0.8, 1.67, 0.67, 8, '2020-11-26 03:50:37', '2020-12-04 04:29:19'),
(3, 'ΒΟΧ ΙΙΧV-I567-099', 'νο κομμεντσ', 4.8, 1.67, 1.67, 2, '2020-11-26 03:50:54', '2020-12-04 04:29:15'),
(5, 'ΒΟΧ ΙΙΧV-I567', '-', 1.2, 4, 1.34, 6.432, '2020-11-26 16:35:31', '2020-12-04 04:29:08'),
(8, 'ΒΟΧ ΙΙΧV-I5', '-', 8, 7, 3, 144, '2020-11-26 16:49:41', '2020-12-04 04:29:00'),
(11, 'ΒΟΧ ΙΙΧV45', '-', 2, 8, 4, 64, '2020-11-26 16:53:56', '2020-12-04 04:28:49'),
(16, 'ΒΟΧ ΙΙΧV-', '--', 2, 3, 2, 6, '2020-11-26 17:49:23', '2020-12-04 04:28:45'),
(17, 'ΒΟΧ ΙΙΧV2', '-', 2, 2, 4, 8, '2020-11-26 17:49:36', '2020-12-04 04:28:38'),
(18, 'ΒΟΧ ΙΙΧV', '-', 3, 3, 3, 18, '2020-11-26 17:49:54', '2020-12-04 04:28:34'),
(19, 'ΒΟΧ ΙΙΧΩ', '--', 2, 3, 2, 8, '2020-11-26 17:50:08', '2020-12-04 04:28:29'),
(20, 'ΒΟΧ ΙΙΧ', '-', 2, 3, 3, 12, '2020-11-26 17:50:33', '2020-12-12 00:01:54'),
(21, 'ΒΟΧ ΙΙ', '', 10, 7, 8, 480, '2020-11-26 17:51:10', '2020-12-09 02:20:06'),
(22, 'ΒΟΧ Ι', '', 2, 1, 3, 6, '2020-11-26 17:51:33', '2020-12-04 04:27:50'),
(23, 'FULL TRACK LOAD (FTL)', '-', 1, 1, 1, 1, '2020-12-01 21:54:26', '2020-12-12 00:00:00'),
(24, 'v', '', 0, 0, 0, 0, '2020-12-12 00:02:07', NULL);

-- --------------------------------------------------------

--
-- Δομή πίνακα για τον πίνακα `offers`
--

CREATE TABLE `offers` (
  `id` bigint(200) NOT NULL,
  `aa` bigint(200) DEFAULT NULL,
  `customer_id` bigint(200) DEFAULT NULL,
  `seller_id` bigint(200) DEFAULT NULL,
  `status` varchar(245) DEFAULT NULL,
  `offer_date` datetime DEFAULT NULL,
  `creation_date` datetime DEFAULT NULL,
  `update_date` datetime DEFAULT NULL,
  `billing_id` bigint(200) DEFAULT NULL,
  `from_address` varchar(245) DEFAULT NULL,
  `from_city` varchar(245) DEFAULT NULL,
  `from_postal_code` varchar(245) DEFAULT NULL,
  `from_region` varchar(245) DEFAULT NULL,
  `from_country` varchar(245) DEFAULT NULL,
  `from_lattitude` double DEFAULT NULL,
  `from_longtitude` double DEFAULT NULL,
  `to_address` varchar(245) DEFAULT NULL,
  `to_city` varchar(245) DEFAULT NULL,
  `to_postal_code` varchar(245) DEFAULT NULL,
  `to_region` varchar(245) DEFAULT NULL,
  `to_country` varchar(245) DEFAULT NULL,
  `to_lattitude` double DEFAULT NULL,
  `to_longtitude` double DEFAULT NULL,
  `comments` varchar(245) DEFAULT NULL,
  `factory_id` bigint(200) DEFAULT NULL,
  `warehouse_id` bigint(200) DEFAULT NULL,
  `decline_reasons` varchar(245) DEFAULT NULL
) ENGINE=InnoDB DEFAULT CHARSET=utf8;

--
-- Άδειασμα δεδομένων του πίνακα `offers`
--

INSERT INTO `offers` (`id`, `aa`, `customer_id`, `seller_id`, `status`, `offer_date`, `creation_date`, `update_date`, `billing_id`, `from_address`, `from_city`, `from_postal_code`, `from_region`, `from_country`, `from_lattitude`, `from_longtitude`, `to_address`, `to_city`, `to_postal_code`, `to_region`, `to_country`, `to_lattitude`, `to_longtitude`, `comments`, `factory_id`, `warehouse_id`, `decline_reasons`) VALUES
(47, 778, 23, 9, 'ΑΠΟΔΟΧΗ', '2021-01-05 00:00:00', '2020-12-03 19:43:03', '2021-01-05 11:39:59', 23, '', '', '', '', '', 0, 0, '', '', '', '', '', 0, 0, '', NULL, NULL, ''),
(48, 793, 21, 9, 'ΑΠΟΔΟΧΗ', '2021-01-05 00:00:00', '2020-12-03 19:50:00', '2021-01-05 11:25:23', 25, '', '', '', '', '', 0, 0, '', '', '', '', '', 0, 0, '', NULL, NULL, ''),
(49, 615, 24, 5, 'ΝΕΑ', '2020-12-03 00:00:00', '2020-12-03 19:51:26', NULL, 30, '', '', '', '', '', 0, 0, '', '', '', '', '', 0, 0, '', NULL, NULL, ''),
(50, 276, 24, 5, 'ΑΠΟΔΟΧΗ', '2021-01-05 00:00:00', '2020-12-04 04:18:48', '2021-01-05 01:47:48', 30, '', '', '', '', '', 0, 0, '', '', '', '', '', 0, 0, '', NULL, NULL, ''),
(51, 647, 24, 5, 'ΝΕΑ', '2020-12-03 00:00:00', '2020-12-03 19:56:50', NULL, 30, '', '', '', '', '', 0, 0, '', '', '', '', '', 0, 0, '', NULL, NULL, ''),
(52, 174, 5, 2, 'ΑΠΟΔΟΧΗ', '2020-12-04 00:00:00', '2020-12-04 04:18:42', NULL, 3, '', '', '', '', '', 0, 0, '', '', '', '', '', 0, 0, '', NULL, NULL, ''),
(53, 570, 23, 9, 'ΜΗ ΑΠΟΔΟΧΗ', '2020-12-04 00:00:00', '2020-12-04 04:18:08', NULL, 23, '', '', '', '', '', 0, 0, '', '', '', '', '', 0, 0, '', NULL, NULL, '---'),
(54, 919, 23, 9, 'ΝΕΑ', '2020-12-03 00:00:00', '2020-12-03 20:25:16', NULL, 23, '', '', '', '', '', 0, 0, '', '', '', '', '', 0, 0, '', NULL, NULL, ''),
(55, 363, 23, 9, 'ΑΠΟΔΟΧΗ', '2021-01-05 00:00:00', '2020-12-03 20:27:19', '2021-01-05 11:50:08', 23, '', '', '', '', '', 0, 0, '', '', '', '', '', 0, 0, '', NULL, NULL, ''),
(56, 849, 23, 9, 'ΜΗ ΑΠΟΔΟΧΗ', '2020-12-04 00:00:00', '2020-12-04 04:17:33', NULL, 23, '', '', '', '', '', 0, 0, '', '', '', '', '', 0, 0, '', NULL, NULL, '-'),
(58, 828, 23, 9, 'ΑΠΟΔΟΧΗ', '2021-01-05 00:00:00', '2020-12-03 20:33:10', '2021-01-05 11:45:25', 23, '', '', '', '', '', 0, 0, '', '', '', '', '', 0, 0, '', NULL, NULL, ''),
(59, 651, 23, 9, 'ΜΗ ΑΠΟΔΟΧΗ', '2020-12-04 00:00:00', '2020-12-04 04:17:47', NULL, 23, '', '', '', '', '', 0, 0, '', '', '', '', '', 0, 0, '', NULL, NULL, ''),
(60, 197, 20, 10, 'ΑΠΟΔΟΧΗ', '2021-01-05 00:00:00', '2020-12-04 10:19:38', '2021-01-05 05:51:08', 25, '', '', '', '', '', 0, 0, '', '', '', '', '', 0, 0, '', NULL, NULL, ''),
(61, 947, 24, 5, 'ΝΕΑ', '2020-12-06 00:00:00', '2020-12-06 05:56:16', '2020-12-06 05:56:30', 30, '', '', '', '', '', 0, 0, '', '', '', '', '', 0, 0, '', NULL, NULL, ''),
(62, 475, 24, 5, 'ΑΠΟΔΟΧΗ', '2021-01-03 00:00:00', '2020-12-06 23:16:04', '2021-01-03 05:54:08', 30, '', '', '', '', '', 0, 0, '', '', '', '', '', 0, 0, '', NULL, NULL, ''),
(63, 952, 23, 9, 'ΑΠΟΔΟΧΗ', '2021-01-03 00:00:00', '2020-12-06 23:21:30', '2021-01-03 05:53:08', 23, '', '', '', '', '', 0, 0, '', '', '', '', '', 0, 0, '', NULL, NULL, ''),
(64, 831, 23, 9, 'ΑΠΟΔΟΧΗ', '2021-01-03 00:00:00', '2020-12-07 12:53:24', '2021-01-03 05:51:34', 23, '', '', '', '', '', 0, 0, '', '', '', '', '', 0, 0, '', NULL, NULL, ''),
(67, 835, 18, 10, 'ΝΕΑ', '2021-01-05 00:00:00', '2020-12-14 00:21:37', '2021-01-05 11:35:49', 25, '', '', '', '', '', 0, 0, '', '', '', '', '', 0, 0, '', NULL, NULL, ''),
(68, 743, 18, 10, 'ΑΠΟΔΟΧΗ', '2020-12-30 00:00:00', '2020-12-14 00:22:17', '2020-12-30 23:20:02', 25, '', '', '', '', '', 0, 0, '', '', '', '', '', 0, 0, '', NULL, NULL, ''),
(69, 960, 24, 5, 'ΑΠΟΔΟΧΗ', '2021-01-05 00:00:00', '2020-12-29 15:57:52', '2021-01-05 11:33:13', 30, '', '', '', '', '', 0, 0, '', '', '', '', '', 0, 0, '', NULL, NULL, ''),
(70, 901, 24, 5, 'ΑΠΟΔΟΧΗ', '2020-12-30 00:00:00', '2020-12-29 16:24:48', '2020-12-30 23:04:23', 30, '', '', '', '', '', 0, 0, '', '', '', '', '', 0, 0, '', NULL, NULL, ''),
(71, 722, 24, 5, 'ΑΠΟΔΟΧΗ', '2020-12-30 00:00:00', '2020-12-29 16:28:40', '2020-12-30 23:18:13', 30, '', '', '', '', '', 0, 0, '', '', '', '', '', 0, 0, '', NULL, NULL, ''),
(72, 568, 39, 13, 'ΑΠΟΔΟΧΗ', '2021-01-03 00:00:00', '2020-12-30 04:24:36', '2021-01-03 05:49:49', 30, '', '', '', '', '', 0, 0, '', '', '', '', '', 0, 0, '', NULL, NULL, ''),
(73, 765, 24, 5, 'ΑΠΟΔΟΧΗ', '2020-12-30 00:00:00', '2020-12-30 09:00:19', '2020-12-30 09:00:37', 30, '', '', '', '', '', 0, 0, '', '', '', '', '', 0, 0, '', NULL, NULL, ''),
(74, 205, 24, 5, 'ΑΠΟΔΟΧΗ', '2020-12-30 00:00:00', '2020-12-30 09:14:56', '2020-12-30 09:15:05', 30, '', '', '', '', '', 0, 0, '', '', '', '', '', 0, 0, '', NULL, NULL, ''),
(75, 854, 24, 5, 'ΑΠΟΔΟΧΗ', '2020-12-30 00:00:00', '2020-12-30 09:27:09', '2020-12-30 11:47:17', 30, '', '', '', '', '', 0, 0, '', '', '', '', '', 0, 0, '', NULL, NULL, ''),
(76, 763, 24, 5, 'ΑΠΟΔΟΧΗ', '2020-12-30 00:00:00', '2020-12-30 12:00:43', NULL, 30, '', '', '', '', '', 0, 0, '', '', '', '', '', 0, 0, '', NULL, NULL, ''),
(77, 366, 24, 5, 'ΑΠΟΔΟΧΗ', '2020-12-30 00:00:00', '2020-12-30 12:02:06', '2020-12-30 16:01:06', 30, '', '', '', '', '', 0, 0, '', '', '', '', '', 0, 0, '', NULL, NULL, ''),
(78, 753, 24, 5, 'ΑΠΟΔΟΧΗ', '2020-12-30 00:00:00', '2020-12-30 12:05:20', '2020-12-30 16:40:36', 30, '', '', '', '', '', 0, 0, '', '', '', '', '', 0, 0, '', NULL, NULL, ''),
(79, 940, 24, 5, 'ΑΠΟΔΟΧΗ', '2020-12-30 00:00:00', '2020-12-30 16:42:56', '2020-12-30 16:53:22', 30, '', '', '', '', '', 0, 0, '', '', '', '', '', 0, 0, '', NULL, NULL, ''),
(80, 142, 24, 5, 'ΑΠΟΔΟΧΗ', '2020-12-30 00:00:00', '2020-12-30 16:54:04', '2020-12-30 16:55:16', 30, '', '', '', '', '', 0, 0, '', '', '', '', '', 0, 0, '', NULL, NULL, ''),
(81, 372, 24, 5, 'ΑΠΟΔΟΧΗ', '2020-12-30 00:00:00', '2020-12-30 17:01:01', '2020-12-30 20:33:12', 30, '', '', '', '', '', 0, 0, '', '', '', '', '', 0, 0, '', NULL, NULL, ''),
(82, 814, 24, 5, 'ΑΠΟΔΟΧΗ', '2020-12-30 00:00:00', '2020-12-30 17:01:21', '2020-12-30 19:44:15', 30, '', '', '', '', '', 0, 0, '', '', '', '', '', 0, 0, '', NULL, NULL, ''),
(83, 241, 17, 7, 'ΑΠΟΔΟΧΗ', '2020-12-31 00:00:00', '2020-12-30 20:39:38', '2020-12-31 22:45:05', 25, '', '', '', '', '', 0, 0, '', '', '', '', '', 0, 0, '', NULL, NULL, ''),
(84, 571, 17, 7, 'ΑΠΟΔΟΧΗ', '2020-12-30 00:00:00', '2020-12-30 20:40:26', '2020-12-30 20:53:29', 25, '', '', '', '', '', 0, 0, '', '', '', '', '', 0, 0, '', NULL, NULL, ''),
(85, 993, 17, 7, 'ΑΠΟΔΟΧΗ', '2020-12-30 00:00:00', '2020-12-30 22:23:30', NULL, 25, '', '', '', '', '', 0, 0, '', '', '', '', '', 0, 0, '', NULL, NULL, ''),
(86, 896, 17, 7, 'ΑΠΟΔΟΧΗ', '2020-12-30 00:00:00', '2020-12-30 22:23:39', NULL, 25, '', '', '', '', '', 0, 0, '', '', '', '', '', 0, 0, '', NULL, NULL, ''),
(87, 639, 17, 7, 'ΑΠΟΔΟΧΗ', '2020-12-30 00:00:00', '2020-12-30 22:26:31', NULL, 25, '', '', '', '', '', 0, 0, '', '', '', '', '', 0, 0, '', NULL, NULL, ''),
(88, 104, 17, 7, 'ΑΠΟΔΟΧΗ', '2020-12-30 00:00:00', '2020-12-30 22:28:12', NULL, 25, '', '', '', '', '', 0, 0, '', '', '', '', '', 0, 0, '', NULL, NULL, ''),
(89, 530, 17, 7, 'ΑΠΟΔΟΧΗ', '2020-12-30 00:00:00', '2020-12-30 22:28:21', NULL, 25, '', '', '', '', '', 0, 0, '', '', '', '', '', 0, 0, '', NULL, NULL, ''),
(90, 283, 17, 7, 'ΑΠΟΔΟΧΗ', '2020-12-30 00:00:00', '2020-12-30 22:29:01', '2020-12-30 22:32:12', 25, '', '', '', '', '', 0, 0, '', '', '', '', '', 0, 0, '', NULL, NULL, ''),
(91, 513, 17, 7, 'ΑΠΟΔΟΧΗ', '2020-12-30 00:00:00', '2020-12-30 22:52:06', '2020-12-30 22:52:32', 25, '', '', '', '', '', 0, 0, '', '', '', '', '', 0, 0, '', NULL, NULL, ''),
(92, 431, 17, 7, 'ΑΠΟΔΟΧΗ', '2020-12-30 00:00:00', '2020-12-30 22:52:54', '2020-12-30 23:15:59', 25, '', '', '', '', '', 0, 0, '', '', '', '', '', 0, 0, '', NULL, NULL, ''),
(93, 323, 24, 5, 'ΑΠΟΔΟΧΗ', '2021-01-02 00:00:00', '2021-01-02 04:34:38', '2021-01-02 04:34:57', 30, '', '', '', '', '', 0, 0, '', '', '', '', '', 0, 0, '', NULL, NULL, ''),
(94, 483, 24, 5, 'ΑΠΟΔΟΧΗ', '2021-01-02 00:00:00', '2021-01-02 04:35:24', '2021-01-02 04:35:46', 30, '', '', '', '', '', 0, 0, '', '', '', '', '', 0, 0, '', NULL, NULL, ''),
(95, 678, 24, 5, 'ΑΠΟΔΟΧΗ', '2021-01-05 00:00:00', '2021-01-02 04:35:59', '2021-01-05 01:37:29', 30, '', '', '', '', '', 0, 0, '', '', '', '', '', 0, 0, '', NULL, NULL, '');

-- --------------------------------------------------------

--
-- Δομή πίνακα για τον πίνακα `offers_schedules`
--

CREATE TABLE `offers_schedules` (
  `id` bigint(20) NOT NULL,
  `offer_id` bigint(20) DEFAULT NULL,
  `from_address` varchar(245) DEFAULT NULL,
  `from_city` varchar(245) DEFAULT NULL,
  `from_country` varchar(245) DEFAULT NULL,
  `to_address` varchar(245) DEFAULT NULL,
  `from_postal_code` varchar(245) DEFAULT NULL,
  `from_lattitude` double DEFAULT NULL,
  `from_longtitude` double DEFAULT NULL,
  `to_city` varchar(245) DEFAULT NULL,
  `to_country` varchar(245) DEFAULT NULL,
  `to_postal_code` varchar(245) DEFAULT NULL,
  `to_lattitude` double DEFAULT NULL,
  `to_longtitude` double DEFAULT NULL,
  `creation_date` datetime DEFAULT NULL,
  `update_date` datetime DEFAULT NULL,
  `type` varchar(45) DEFAULT NULL,
  `token` varchar(555) DEFAULT NULL
) ENGINE=InnoDB DEFAULT CHARSET=utf8mb4;

--
-- Άδειασμα δεδομένων του πίνακα `offers_schedules`
--

INSERT INTO `offers_schedules` (`id`, `offer_id`, `from_address`, `from_city`, `from_country`, `to_address`, `from_postal_code`, `from_lattitude`, `from_longtitude`, `to_city`, `to_country`, `to_postal_code`, `to_lattitude`, `to_longtitude`, `creation_date`, `update_date`, `type`, `token`) VALUES
(43, 49, '----', 'Budapest', 'Ουγγαρία', '----', '2342342', NULL, NULL, 'Köln', 'Γερμανία', '2342342', 2342342, NULL, '2020-12-03 19:51:26', NULL, 'Εσωτερικού', NULL),
(44, 49, '-', 'Αθήνα', 'Greece', '-', '2342342', NULL, NULL, 'Λίβερπουλ', 'Ηνωμένο Βασίλειο', '2342342', 2342342, NULL, '2020-12-03 19:51:26', NULL, 'Εσωτερικού', NULL),
(48, 51, '-', 'Χώρα Σφακίων', 'Ελλάδα', '-', '2342342', NULL, NULL, 'Φυλή', 'Ελλάδα', '2342342', 2342342, NULL, '2020-12-03 19:56:50', NULL, 'Εσωτερικού', NULL),
(53, 54, 'polu', 'polu', 'polu', 'polu', '2342342', NULL, NULL, 'polu', 'polu', '2342342', 2342342, NULL, '2020-12-03 20:25:16', NULL, 'Εσωτερικού', NULL),
(56, 57, 'ωω', 'ωω', 'ωω', 'ωω', '2342342', NULL, NULL, 'ωω', 'ωω', '2342342', 2342342, NULL, '2020-12-03 20:30:52', NULL, 'Εσωτερικού', NULL),
(608, 56, 'Hermannplatz, Berlin, Γερμανία', 'Berlin', 'Γερμανία', 'C/ Gran Vía, Madrid, Ισπανία', '2342342', NULL, NULL, 'Madrid', 'Ισπανία', '2342342', 2342342, NULL, '2020-12-04 04:17:33', NULL, 'Εσωτερικού', NULL),
(609, 56, '-', 'Αθήνα', 'Ελλάδα', '-', '2342342', NULL, NULL, 'Πάτρα', 'Ελλάδα', '2342342', 2342342, NULL, '2020-12-04 04:17:33', NULL, 'Εσωτερικού', NULL),
(610, 56, '-', 'Ξυλόκαστρο', 'Ελλάδα', '-', '2342342', NULL, NULL, 'Καλαμάτα', 'Ελλάδα', '2342342', 2342342, NULL, '2020-12-04 04:17:33', NULL, 'Εσωτερικού', NULL),
(611, 56, 'd', 'd', 'd', 'd', '2342342', NULL, NULL, 'd', 'd', '2342342', 2342342, NULL, '2020-12-04 04:17:33', NULL, 'Εσωτερικού', NULL),
(612, 56, 'Γεωρ. Παπανδρέου, Ζωγράφου, Ελλάδα', 'Ζωγράφου', 'Ελλάδα', 'Φειδιππίδου, Αθήνα, Ελλάδα', '2342342', NULL, NULL, 'Αθήνα', 'Ελλάδα', '2342342', 2342342, NULL, '2020-12-04 04:17:33', NULL, 'Εσωτερικού', NULL),
(613, 56, 'Διστόμου 34, Θεσσαλονίκη 544 53, Ελλάδα', 'Θεσσαλονίκη', 'Ελλάδα', 'Δερβενακίων 3, Αχαρνές 136 71, Ελλάδα', '2342342', NULL, NULL, 'Αχαρνές', 'Ελλάδα', '2342342', 2342342, NULL, '2020-12-04 04:17:33', NULL, 'Εσωτερικού', NULL),
(614, 56, '-', 'Πειραιάς', 'Ελλάδα', '-', '2342342', NULL, NULL, 'Θεσσαλονίκη', 'Ελλάδα', '2342342', 2342342, NULL, '2020-12-04 04:17:33', NULL, 'Εσωτερικού', NULL),
(615, 59, 'n', 'n', 'n', 'n', '2342342', NULL, NULL, 'n', 'n', '2342342', 2342342, NULL, '2020-12-04 04:17:47', NULL, 'Εσωτερικού', NULL),
(616, 59, 'this.cancelMeasureUnitEdit(row);', 'this.cancelMeasureUnitEdit(row);', 'this.cancelMeasureUnitEdit(row);', 'this.cancelMeasureUnitEdit(row);', '2342342', NULL, NULL, 'this.cancelMeasureUnitEdit(row);', 'this.cancelMeasureUnitEdit(row);', '2342342', 2342342, NULL, '2020-12-04 04:17:47', NULL, 'Εσωτερικού', NULL),
(620, 53, 'polu', 'polu', 'polu', 'polu', '2342342', NULL, NULL, 'polu', 'polu', '2342342', 2342342, NULL, '2020-12-04 04:18:08', NULL, 'Εσωτερικού', NULL),
(622, 52, '-', 'Χώρα Σφακίων', 'Ελλάδα', '-', '2342342', NULL, NULL, 'Φυλή', 'Ελλάδα', '2342342', 2342342, NULL, '2020-12-04 04:18:42', NULL, 'Εσωτερικού', NULL),
(659, 61, 'Ψαρών, Αθήνα, Ελλάδα', 'Αθήνα', 'Ελλάδα', 'Σόλωνος, Αθήνα, Ελλάδα', '2342342', NULL, NULL, 'Αθήνα', 'Ελλάδα', '2342342', 2342342, NULL, NULL, '2020-12-06 05:56:31', 'Εσωτερικού', NULL),
(660, 61, 'Ασκληπιού, Αθήνα, Ελλάδα', 'Αθήνα', 'Ελλάδα', 'Ψαρών, Αθήνα, Ελλάδα', '2342342', NULL, NULL, 'Αθήνα', 'Ελλάδα', '2342342', 2342342, NULL, NULL, '2020-12-06 05:56:31', 'Εσωτερικού', NULL),
(1841, 65, '', 'Λαμία', 'Ελλάδα', '', '', NULL, NULL, 'Βέροια', 'Ελλάδα', '', NULL, NULL, NULL, '2020-12-11 22:55:07', 'Προσφορά απο άλλους', NULL),
(1872, 66, ',Ηνωμένες Πολιτείες', '-', 'Ηνωμένες Πολιτείες', 'Βερολίνο,Γερμανία', '', NULL, NULL, 'Βερολίνο', 'Γερμανία', '', NULL, NULL, '2020-12-12 00:19:18', NULL, '', NULL),
(1983, 73, '', 'Γλυφάδα', 'Ελλάδα', '', '435', NULL, NULL, 'Αθήνα', 'Ελλάδα', '634666', NULL, NULL, NULL, '2020-12-30 09:00:37', '634666', NULL),
(1984, 73, 'Χαϊδάρι,Ελλάδα', 'Χαϊδάρι', 'Ελλάδα', 'Πισσούρι,Κύπρος', '124 62', NULL, NULL, 'Πισσούρι', 'Κύπρος', '4607', NULL, NULL, NULL, '2020-12-30 09:00:37', '4607', NULL),
(1986, 74, ',Βιετνάμ', '3r3r2', 'Βιετνάμ', 'Singapore,Σιγκαπούρη', '324', NULL, NULL, 'Singapore', 'Σιγκαπούρη', '200031', NULL, NULL, NULL, '2020-12-30 09:15:05', 'Προώθηση', NULL),
(2009, 75, '', 'Αθήνα', 'Ελλάδα', '', '', NULL, NULL, 'Αθήνα', 'Ελλάδα', '', NULL, NULL, NULL, '2020-12-30 11:47:17', 'Εισαγωγή', NULL),
(2010, 75, 'Ηράκλειο,Ελλάδα', 'Ηράκλειο', 'Ελλάδα', 'Δάφνη Αττικής,Ελλάδα', '', NULL, NULL, 'Δάφνη Αττικής', 'Ελλάδα', '342242', NULL, NULL, NULL, '2020-12-30 11:47:17', 'Εισαγωγή', NULL),
(2011, 75, 'Χαϊδάρι,Ελλάδα', 'Χαϊδάρι', 'Ελλάδα', 'Καλαμάτα,Ελλάδα', '124 61', NULL, NULL, 'Καλαμάτα', 'Ελλάδα', '241 00', NULL, NULL, NULL, '2020-12-30 11:47:17', 'Εσωτερικού', NULL),
(2012, 76, '', 'Αθήνα', 'Ελλάδα', '', '', NULL, NULL, 'Αθήνα', 'Ελλάδα', '', NULL, NULL, '2020-12-30 12:00:43', NULL, '', NULL),
(2013, 76, 'Ηράκλειο,Ελλάδα', 'Ηράκλειο', 'Ελλάδα', 'Δάφνη Αττικής,Ελλάδα', '', NULL, NULL, 'Δάφνη Αττικής', 'Ελλάδα', '342242', NULL, NULL, '2020-12-30 12:00:43', NULL, '342242', NULL),
(2014, 76, 'Χαϊδάρι,Ελλάδα', 'Χαϊδάρι', 'Ελλάδα', 'Καλαμάτα,Ελλάδα', '124 61', NULL, NULL, 'Καλαμάτα', 'Ελλάδα', '241 00', NULL, NULL, '2020-12-30 12:00:43', NULL, '241 00', NULL),
(2060, 77, '', 'Αθήνα', 'Ελλάδα', '', '', NULL, NULL, 'Αθήνα', 'Ελλάδα', '', NULL, NULL, NULL, '2020-12-30 16:01:06', '', NULL),
(2061, 77, 'Ηράκλειο,Ελλάδα', 'Ηράκλειο', 'Ελλάδα', 'Δάφνη Αττικής,Ελλάδα', '', NULL, NULL, 'Δάφνη Αττικής', 'Ελλάδα', '342242', NULL, NULL, NULL, '2020-12-30 16:01:06', '342242', NULL),
(2062, 77, 'Χαϊδάρι,Ελλάδα', 'Χαϊδάρι', 'Ελλάδα', 'Καλαμάτα,Ελλάδα', '124 61', NULL, NULL, 'Καλαμάτα', 'Ελλάδα', '241 00', NULL, NULL, NULL, '2020-12-30 16:01:06', '241 00', NULL),
(2063, 78, '', 'Αθήνα', 'Ελλάδα', '', '', NULL, NULL, 'Αθήνα', 'Ελλάδα', '', NULL, NULL, NULL, '2020-12-30 16:40:36', '', NULL),
(2064, 78, 'Ηράκλειο,Ελλάδα', 'Ηράκλειο', 'Ελλάδα', 'Δάφνη Αττικής,Ελλάδα', '', NULL, NULL, 'Δάφνη Αττικής', 'Ελλάδα', '342242', NULL, NULL, NULL, '2020-12-30 16:40:36', '342242', NULL),
(2065, 78, 'Χαϊδάρι,Ελλάδα', 'Χαϊδάρι', 'Ελλάδα', 'Καλαμάτα,Ελλάδα', '124 61', NULL, NULL, 'Καλαμάτα', 'Ελλάδα', '241 00', NULL, NULL, NULL, '2020-12-30 16:40:36', '241 00', NULL),
(2068, 79, '', 'Αθήνα', 'Greece', '', '', NULL, NULL, 'Λίβερπουλ', 'Ηνωμένο Βασίλειο', '', NULL, NULL, NULL, '2020-12-30 16:53:22', '', NULL),
(2071, 80, '', '3r3r2', 'Βιετνάμ', '', '', NULL, NULL, 'Singapore', 'Σιγκαπούρη', '', NULL, NULL, NULL, '2020-12-30 16:55:16', '', NULL),
(2080, 82, '', 'Ηράκλειο', 'Ελλάδα', '', '', NULL, NULL, 'Δάφνη Αττικής', 'Ελλάδα', '', NULL, NULL, NULL, '2020-12-30 19:44:15', 'Εισαγωγή', 'WvnKx8naEoJCxtUMmyrMtxhmocqSlO9gpZh9OmkItBR1g8Jb6X05FRQz9lWW0M/V'),
(2083, 81, '', '3r3r2', 'Βιετνάμ', '', '5664', NULL, NULL, 'Singapore', 'Σιγκαπούρη', '75476757', NULL, NULL, NULL, '2020-12-30 20:33:12', 'Δρομολόγιο', ''),
(2084, 81, 'Κηφισιά,Ελλάδα', 'Κηφισιά', 'Ελλάδα', 'Douglas,Αυστραλία', '145 64', NULL, NULL, 'Douglas', 'Αυστραλία', '4814', NULL, NULL, NULL, '2020-12-30 20:33:12', 'Εξαγωγή', ''),
(2103, 84, 'Μαρούσι,Ελλάδα', 'Μαρούσι', 'Ελλάδα', '', '', NULL, NULL, 'Singapore', 'Σιγκαπούρη', '', NULL, NULL, NULL, '2020-12-30 20:53:29', 'Εξαγωγή', 'itqd7KJ0S/w/J0F0N229vbG1Ti1EFqmnAWc7qAXToaxxn80Q8LmvjdVxDKIOhPP2'),
(2104, 84, '', '-', 'Ηνωμένες Πολιτείες', '', '213', NULL, NULL, 'Βερολίνο', 'Γερμανία', '34', NULL, NULL, NULL, '2020-12-30 20:53:29', '34', 'itqd7KJ0S/w/J0F0N229vTKer/miD9gGgAhsOCHYUdc='),
(2105, 84, 'Gurugram,Ινδία', 'Gurugram', 'Ινδία', 'Αθήνα,Ελλάδα', '213', NULL, NULL, 'Αθήνα', 'Ελλάδα', '105 62', NULL, NULL, NULL, '2020-12-30 20:53:29', '105 62', 'itqd7KJ0S/w/J0F0N229vV6M+0i46FCalGtno4SS+rZ87ryhK8GhhXML2CBnWYL4'),
(2106, 85, 'Μαρούσι,Ελλάδα', 'Μαρούσι', 'Ελλάδα', '', '', NULL, NULL, 'Singapore', 'Σιγκαπούρη', '', NULL, NULL, '2020-12-30 22:23:30', NULL, '', 'X6Rx7/QitnObJedsMKB0VbqK/LGPX1Ywi6XUtmHrR3+/vckBX7UMK+84UAtmhngM'),
(2107, 85, '', '-', 'Ηνωμένες Πολιτείες', '', '213', NULL, NULL, 'Βερολίνο', 'Γερμανία', '34', NULL, NULL, '2020-12-30 22:23:30', NULL, '34', 'X6Rx7/QitnObJedsMKB0Vda7bqTUGrefGbDQfcLgIvM='),
(2108, 85, 'Gurugram,Ινδία', 'Gurugram', 'Ινδία', 'Αθήνα,Ελλάδα', '213', NULL, NULL, 'Αθήνα', 'Ελλάδα', '105 62', NULL, NULL, '2020-12-30 22:23:30', NULL, '105 62', 'X6Rx7/QitnObJedsMKB0VQNly5qn65tZ48P6DQ/20nd87ryhK8GhhXML2CBnWYL4'),
(2109, 86, 'Μαρούσι,Ελλάδα', 'Μαρούσι', 'Ελλάδα', '', '', NULL, NULL, 'Singapore', 'Σιγκαπούρη', '', NULL, NULL, '2020-12-30 22:23:39', NULL, '', 'X6Rx7/QitnObJedsMKB0VYVn4qXKpAELJ0a96mCIgn6/vckBX7UMK+84UAtmhngM'),
(2110, 86, '', '-', 'Ηνωμένες Πολιτείες', '', '213', NULL, NULL, 'Βερολίνο', 'Γερμανία', '34', NULL, NULL, '2020-12-30 22:23:39', NULL, '34', 'X6Rx7/QitnObJedsMKB0VR5N/K335wYQnc4cQl98tEs='),
(2111, 86, 'Gurugram,Ινδία', 'Gurugram', 'Ινδία', 'Αθήνα,Ελλάδα', '213', NULL, NULL, 'Αθήνα', 'Ελλάδα', '105 62', NULL, NULL, '2020-12-30 22:23:39', NULL, '105 62', 'X6Rx7/QitnObJedsMKB0VaE5sXC5ubxu1mwzhTu2Kw987ryhK8GhhXML2CBnWYL4'),
(2112, 87, 'Μαρούσι,Ελλάδα', 'Μαρούσι', 'Ελλάδα', '', '', NULL, NULL, 'Singapore', 'Σιγκαπούρη', '', NULL, NULL, '2020-12-30 22:26:31', NULL, '', '9kZpaqDwuqCw2rjSTAvdarulfzu+7d83S8w75f3KdTy/vckBX7UMK+84UAtmhngM'),
(2113, 87, '', '-', 'Ηνωμένες Πολιτείες', '', '213', NULL, NULL, 'Βερολίνο', 'Γερμανία', '34', NULL, NULL, '2020-12-30 22:26:31', NULL, '34', '9kZpaqDwuqCw2rjSTAvdao6Avfs3boCIiSBpcLTl+Zk='),
(2114, 87, 'Gurugram,Ινδία', 'Gurugram', 'Ινδία', 'Αθήνα,Ελλάδα', '213', NULL, NULL, 'Αθήνα', 'Ελλάδα', '105 62', NULL, NULL, '2020-12-30 22:26:31', NULL, '105 62', '9kZpaqDwuqCw2rjSTAvdal5K6C4l83MD7R66keMYuz987ryhK8GhhXML2CBnWYL4'),
(2115, 88, 'Μαρούσι,Ελλάδα', 'Μαρούσι', 'Ελλάδα', '', '', NULL, NULL, 'Singapore', 'Σιγκαπούρη', '', NULL, NULL, '2020-12-30 22:28:12', NULL, '', 'WEKM05AArwu2y4ZEbOcJ//LmOiBJVrde/GovaVOoMve/vckBX7UMK+84UAtmhngM'),
(2116, 88, '', '-', 'Ηνωμένες Πολιτείες', '', '213', NULL, NULL, 'Βερολίνο', 'Γερμανία', '34', NULL, NULL, '2020-12-30 22:28:12', NULL, '34', 'WEKM05AArwu2y4ZEbOcJ//OK6nfOa6xncwObvKS8wV8='),
(2117, 88, 'Gurugram,Ινδία', 'Gurugram', 'Ινδία', 'Αθήνα,Ελλάδα', '213', NULL, NULL, 'Αθήνα', 'Ελλάδα', '105 62', NULL, NULL, '2020-12-30 22:28:12', NULL, '105 62', 'WEKM05AArwu2y4ZEbOcJ/66ZiDVPSEZCv++CYUNHCcF87ryhK8GhhXML2CBnWYL4'),
(2118, 89, 'Μαρούσι,Ελλάδα', 'Μαρούσι', 'Ελλάδα', '', '', NULL, NULL, 'Singapore', 'Σιγκαπούρη', '', NULL, NULL, '2020-12-30 22:28:21', NULL, '', 'WEKM05AArwu2y4ZEbOcJ/3n2ozbb9HnblRCXuweTQ9S/vckBX7UMK+84UAtmhngM'),
(2119, 89, '', '-', 'Ηνωμένες Πολιτείες', '', '213', NULL, NULL, 'Βερολίνο', 'Γερμανία', '34', NULL, NULL, '2020-12-30 22:28:21', NULL, '34', 'WEKM05AArwu2y4ZEbOcJ/+6hCx3OFqq7LR5/mi6wKtk='),
(2120, 89, 'Gurugram,Ινδία', 'Gurugram', 'Ινδία', 'Αθήνα,Ελλάδα', '213', NULL, NULL, 'Αθήνα', 'Ελλάδα', '105 62', NULL, NULL, '2020-12-30 22:28:21', NULL, '105 62', 'WEKM05AArwu2y4ZEbOcJ/y+BOVt2tfJyb4B6rqyhmAJ87ryhK8GhhXML2CBnWYL4'),
(2124, 90, 'Μαρούσι,Ελλάδα', 'Μαρούσι', 'Ελλάδα', '', '', NULL, NULL, 'Singapore', 'Σιγκαπούρη', '', NULL, NULL, NULL, '2020-12-30 22:32:12', '', 'KupDaz1LsBiM47vZhlaC9MudYKmY+xMIIbxogA8Dvne/vckBX7UMK+84UAtmhngM'),
(2125, 90, '', '-', 'Ηνωμένες Πολιτείες', '', '213', NULL, NULL, 'Βερολίνο', 'Γερμανία', '34', NULL, NULL, NULL, '2020-12-30 22:32:12', '34', 'KupDaz1LsBiM47vZhlaC9JPCBYc0cQL3VFEMUMrmQOc='),
(2126, 90, 'Gurugram,Ινδία', 'Gurugram', 'Ινδία', 'Αθήνα,Ελλάδα', '213', NULL, NULL, 'Αθήνα', 'Ελλάδα', '105 62', NULL, NULL, NULL, '2020-12-30 22:32:12', '105 62', 'KupDaz1LsBiM47vZhlaC9OX8rsK2Yh9mpCnhkCmK4GB87ryhK8GhhXML2CBnWYL4'),
(2133, 91, 'Μαρούσι,Ελλάδα', 'Μαρούσι', 'Ελλάδα', '', '', NULL, NULL, 'Singapore', 'Σιγκαπούρη', '', NULL, NULL, NULL, '2020-12-30 22:52:32', '', 'la0Wie7ShipySJ7zCq6P06z/bTaxoHIhUZpRo24klHG/vckBX7UMK+84UAtmhngM'),
(2134, 91, '', '-', 'Ηνωμένες Πολιτείες', '', '213', NULL, NULL, 'Βερολίνο', 'Γερμανία', '34', NULL, NULL, NULL, '2020-12-30 22:52:32', '34', 'la0Wie7ShipySJ7zCq6P0yweOEACURjzFvs2/0gyWTE='),
(2135, 91, 'Gurugram,Ινδία', 'Gurugram', 'Ινδία', 'Αθήνα,Ελλάδα', '213', NULL, NULL, 'Αθήνα', 'Ελλάδα', '105 62', NULL, NULL, NULL, '2020-12-30 22:52:32', '105 62', 'la0Wie7ShipySJ7zCq6P0yX0vvb512+EzLvSPZqhVox87ryhK8GhhXML2CBnWYL4'),
(2147, 70, '', 'Γλυφάδα', 'Ελλάδα', '', '42242', NULL, NULL, 'Αθήνα', 'Ελλάδα', '342342', NULL, NULL, NULL, '2020-12-30 23:04:23', 'Προσφορά', ''),
(2148, 70, ',Ηνωμένο Βασίλειο', '-', 'Ηνωμένο Βασίλειο', ',Ταϊλάνδη', 'WD25 7LR', NULL, NULL, '-', 'Ταϊλάνδη', '10330', NULL, NULL, NULL, '2020-12-30 23:04:23', 'Εισαγωγή', 'null'),
(2149, 92, 'Μαρούσι,Ελλάδα', 'Μαρούσι', 'Ελλάδα', '', '', NULL, NULL, 'Singapore', 'Σιγκαπούρη', '', NULL, NULL, NULL, '2020-12-30 23:15:59', '', 'la0Wie7ShipySJ7zCq6P05jrg15PLR7GjARZKLbkBsC/vckBX7UMK+84UAtmhngM'),
(2150, 92, '', '-', 'Ηνωμένες Πολιτείες', '', '213', NULL, NULL, 'Βερολίνο', 'Γερμανία', '34', NULL, NULL, NULL, '2020-12-30 23:15:59', '34', 'la0Wie7ShipySJ7zCq6P03vdUzwniFkfGJyY8mLQHNE='),
(2151, 92, 'Gurugram,Ινδία', 'Gurugram', 'Ινδία', 'Αθήνα,Ελλάδα', '213', NULL, NULL, 'Αθήνα', 'Ελλάδα', '105 62', NULL, NULL, NULL, '2020-12-30 23:15:59', '105 62', 'la0Wie7ShipySJ7zCq6P0+qWAZxGR5TRjTlYDuecsgh87ryhK8GhhXML2CBnWYL4'),
(2152, 71, '', 'wefwefw', 'ewfwe', '', 'efwef', NULL, NULL, 'fewf', 'wfw', 'wfwefw', NULL, NULL, NULL, '2020-12-30 23:18:13', 'Προώθηση', 'null'),
(2153, 71, 'Φλώρινα,Ελλάδα', 'Φλώρινα', 'Ελλάδα', 'Hillerød,Δανία', '531 00', NULL, NULL, 'Hillerød', 'Δανία', '3400', NULL, NULL, NULL, '2020-12-30 23:18:13', 'Εξαγωγή', 'null'),
(2154, 71, 'Χώρα Σφακίων,Ελλάδα', 'Χώρα Σφακίων', 'Ελλάδα', 'Αθήνα,Ελλάδα', '', NULL, NULL, 'Αθήνα', 'Ελλάδα', '', NULL, NULL, NULL, '2020-12-30 23:18:13', 'Εσωτερικού', 'null'),
(2155, 71, 'Ντάλας,Ηνωμένες Πολιτείες', 'Ντάλας', 'Ηνωμένες Πολιτείες', 'Edmonton,Καναδάς', '231123', NULL, NULL, 'Edmonton', 'Καναδάς', 'T5T 4J2', NULL, NULL, NULL, '2020-12-30 23:18:13', 'Προώθηση', 'null'),
(2156, 71, 'Σαντιάγο ντε Κερέταρο,Μεξικό', 'Σαντιάγο ντε Κερέταρο', 'Μεξικό', 'Φρανκφούρτη,Γερμανία', 'r3r3', NULL, NULL, 'Φρανκφούρτη', 'Γερμανία', '3r3r3', NULL, NULL, NULL, '2020-12-30 23:18:13', 'Εισαγωγή', 'null'),
(2159, 68, '', 'Λαμία', 'Ελλάδα', '', '', NULL, NULL, 'Βέροια', 'Ελλάδα', '', NULL, NULL, NULL, '2020-12-30 23:20:02', 'Δρομολόγιο', 'null'),
(2160, 68, '', 'Μαϊάμι', 'Ηνωμένες Πολιτείες', '', '', NULL, NULL, 'Ελάτη', 'Ελλάδα', '', NULL, NULL, NULL, '2020-12-30 23:20:02', 'Εισαγωγή', 'null'),
(2161, 83, '', '3r3r2', 'Βιετνάμ', '', '', NULL, NULL, 'Singapore', 'Σιγκαπούρη', '', NULL, NULL, NULL, '2020-12-31 22:45:05', '', 'v+0mQrW55xxkSorPjy/IIIzYbXua2/fxA/aFWpHhZy5xn80Q8LmvjdVxDKIOhPP2'),
(2162, 83, '', '-', 'Ηνωμένες Πολιτείες', '', '213', NULL, NULL, 'Βερολίνο', 'Γερμανία', '34', NULL, NULL, NULL, '2020-12-31 22:45:06', '34', 'v+0mQrW55xxkSorPjy/IIAgsrRcOW2z0XFMzIPtKVjU='),
(2163, 83, 'Gurugram,Ινδία', 'Gurugram', 'Ινδία', 'Αθήνα,Ελλάδα', '213', NULL, NULL, 'Αθήνα', 'Ελλάδα', '105 62', NULL, NULL, NULL, '2020-12-31 22:45:06', '105 62', 'v+0mQrW55xxkSorPjy/IIOEMx4iN+bN8ObpXpmU46Sp87ryhK8GhhXML2CBnWYL4'),
(2165, 93, '', 'Αθήνα', 'Greece', '', '', NULL, NULL, 'Λίβερπουλ', 'Ηνωμένο Βασίλειο', '', NULL, NULL, NULL, '2021-01-02 04:34:57', '', 'Ucg9lK98Qn1DhH7mAKNhvNs/EHrV9kOPyasPMBuV4pf7KH4weMN2Y0/1HoF2LbIr'),
(2168, 94, '', 'Αθήνα', 'Greece', '', '', NULL, NULL, 'Λίβερπουλ', 'Ηνωμένο Βασίλειο', '', NULL, NULL, NULL, '2021-01-02 04:35:46', '', '3AwOkOcMpkc0X9PBCZ3qUvUin0aeucCY2azDiLJWv2D7KH4weMN2Y0/1HoF2LbIr'),
(2171, 72, 'Edmonton,Καναδάς', 'Edmonton', 'Καναδάς', 'Αθήνα,Ελλάδα', '45365645', NULL, NULL, 'Αθήνα', 'Ελλάδα', '45365645', NULL, NULL, NULL, '2021-01-03 05:49:49', 'Εισαγωγή', 'null'),
(2174, 64, 'Βάρνα,Βουλγαρία', 'Βάρνα', 'Βουλγαρία', 'Θεσσαλονίκη,Ελλάδα', '345345345', NULL, NULL, 'Θεσσαλονίκη', 'Ελλάδα', '345353543', NULL, NULL, NULL, '2021-01-03 05:51:34', 'Εξαγωγή', 'null'),
(2175, 63, 'Ζιλίνα,Σλοβακία', 'Ζιλίνα', 'Σλοβακία', 'Κόνιτσα,Ελλάδα', '243423', NULL, NULL, 'Κόνιτσα', 'Ελλάδα', '441 00', NULL, NULL, NULL, '2021-01-03 05:53:08', 'Εισαγωγή', 'null'),
(2178, 62, '', 'Γλυφάδα', 'Ελλάδα', '', '8866', NULL, NULL, 'Αθήνα', 'Ελλάδα', 'τρηρτηρ', NULL, NULL, NULL, '2021-01-03 05:54:08', 'Εσωτερικού', 'null'),
(2182, 95, '', 'Αθήνα', 'Greece', '', '3123123', NULL, NULL, 'Λίβερπουλ', 'Ηνωμένο Βασίλειο', '1231231', NULL, NULL, NULL, '2021-01-05 01:37:29', 'Εισαγωγή', '3AwOkOcMpkc0X9PBCZ3qUvv5pS6EXn2jP009ZfuXYJn7KH4weMN2Y0/1HoF2LbIr'),
(2183, 50, '-', 'Μαϊάμι', 'Ηνωμένες Πολιτείες', '-', '2342342', NULL, NULL, 'Ελάτη', 'Ελλάδα', '2342342', NULL, NULL, NULL, '2021-01-05 01:47:48', 'Εσωτερικού', 'null'),
(2184, 50, 'Distelweg, 1031 Amsterdam, Ολλανδία', 'Amsterdam', 'Ολλανδία', 'Zapallal, Puente Piedra 15122, Περού', '2342342', NULL, NULL, 'Puente Piedra', 'Περού', '2342342', NULL, NULL, NULL, '2021-01-05 01:47:48', 'Εσωτερικού', 'null'),
(2185, 50, '-', 'Σμύρνη', 'Τουρκία', '-', '2342342', NULL, NULL, 'Δράμα', 'Ελλάδα', '2342342', NULL, NULL, NULL, '2021-01-05 01:47:48', 'Εσωτερικού', 'null'),
(2194, 60, '', 'Αθήνα', 'Ελλάδα', '', '2342342', NULL, NULL, 'Πάτρα', 'Ελλάδα', '2342342', NULL, NULL, NULL, '2021-01-05 05:51:08', 'Εσωτερικού', 'null'),
(2195, 60, '', 'Αθήνα', 'Ελλάδα', '', '2342342', NULL, NULL, 'Πάτρα', 'Ελλάδα', '2342342', NULL, NULL, NULL, '2021-01-05 05:51:08', 'Εσωτερικού', 'null'),
(2196, 60, 'Αργυροκάστρου 3, Ζωγράφου 157 73, Ελλάδα', 'Ζωγράφου', 'Ελλάδα', 'Πεντέλης 3, Αθήνα 105 57, Ελλάδα', '2342342', NULL, NULL, 'Αθήνα', 'Ελλάδα', '2342342', NULL, NULL, NULL, '2021-01-05 05:51:08', 'Εσωτερικού', 'null'),
(2197, 60, 'Αργυροκάστρου 3, Ζωγράφου 157 73, Ελλάδα', 'Ζωγράφου', 'Ελλάδα', 'Πεντέλης 3, Αθήνα 105 57, Ελλάδα', '2342342', NULL, NULL, 'Αθήνα', 'Ελλάδα', '2342342', NULL, NULL, NULL, '2021-01-05 05:51:08', 'Εσωτερικού', 'null'),
(2198, 60, 'Αργυροκάστρου 3, Ζωγράφου 157 73, Ελλάδα', 'Ζωγράφου', 'Ελλάδα', 'Πεντέλης 3, Αθήνα 105 57, Ελλάδα', '2342342', NULL, NULL, 'Αθήνα', 'Ελλάδα', '2342342', NULL, NULL, NULL, '2021-01-05 05:51:08', 'Εσωτερικού', 'null'),
(2199, 60, 'Αργυροκάστρου 3, Ζωγράφου 157 73, Ελλάδα', 'Ζωγράφου', 'Ελλάδα', 'Πεντέλης 3, Αθήνα 105 57, Ελλάδα', '2342342', NULL, NULL, 'Αθήνα', 'Ελλάδα', '2342342', NULL, NULL, NULL, '2021-01-05 05:51:08', 'Εσωτερικού', 'null'),
(2200, 60, 'Calz. Vallejo, Santa Rosa, Ciudad de México, CDMX, Μεξικό', 'Ciudad de México', 'Μεξικό', 'Vũ Tông Phan, Khương Đình, Thanh Xuân, Hà Nội, Βιετνάμ', '2342342', NULL, NULL, '', 'Βιετνάμ', '2342342', NULL, NULL, NULL, '2021-01-05 05:51:08', 'Εσωτερικού', 'null'),
(2201, 60, 'Calz. Vallejo, Santa Rosa, Ciudad de México, CDMX, Μεξικό', 'Ciudad de México', 'Μεξικό', 'Vũ Tông Phan, Khương Đình, Thanh Xuân, Hà Nội, Βιετνάμ', '2342342', NULL, NULL, '', 'Βιετνάμ', '2342342', NULL, NULL, NULL, '2021-01-05 05:51:08', 'Εσωτερικού', 'null'),
(2203, 48, '-', 'Ουάσινγκτον', 'Ηνωμένες Πολιτείες', '-', '2342342', NULL, NULL, 'Cupertino', 'Ηνωμένες Πολιτείες', '2342342', NULL, NULL, NULL, '2021-01-05 11:25:23', 'Εσωτερικού', 'null'),
(2204, 69, '', 'χχχ', 'χχχ', '', 'χχ', NULL, NULL, 'χχ', 'χχ', 'χχχ', NULL, NULL, NULL, '2021-01-05 11:33:13', 'χχχ', 'null'),
(2213, 67, '', 'Λαμία', 'Ελλάδα', '', '', NULL, NULL, 'Βέροια', 'Ελλάδα', '', NULL, NULL, NULL, '2021-01-05 11:35:49', '', 'null'),
(2214, 67, '', 'Πειραιάς', 'Ελλάδα', '', '', NULL, NULL, 'Θεσσαλονίκη', 'Ελλάδα', '', NULL, NULL, NULL, '2021-01-05 11:35:49', 'Δρομολόγιο', 'null'),
(2216, 47, '-', 'Ουάσινγκτον', 'Ηνωμένες Πολιτείες', '-', '2342342', NULL, NULL, 'Cupertino', 'Ηνωμένες Πολιτείες', '2342342', NULL, NULL, NULL, '2021-01-05 11:39:59', 'Εσωτερικού', 'null'),
(2217, 58, '92', '92', '92', '92', '2342342', NULL, NULL, '92', '92', '2342342', NULL, NULL, NULL, '2021-01-05 11:45:25', 'Εσωτερικού', 'null'),
(2218, 55, '20', '20', '20', '20', '2342342', NULL, NULL, '20', '20', '2342342', NULL, NULL, NULL, '2021-01-05 11:50:08', 'Εσωτερικού', 'null');

-- --------------------------------------------------------

--
-- Δομή πίνακα για τον πίνακα `offer_schedule_between_waypoints`
--

CREATE TABLE `offer_schedule_between_waypoints` (
  `id` bigint(100) NOT NULL,
  `offer_id` bigint(100) DEFAULT NULL,
  `offer_schedule_id` bigint(100) DEFAULT NULL,
  `address` varchar(255) DEFAULT NULL,
  `city` varchar(255) DEFAULT NULL,
  `country` varchar(255) DEFAULT NULL,
  `postal_code` varchar(255) DEFAULT NULL,
  `creation_date` datetime DEFAULT NULL,
  `update_date` datetime DEFAULT NULL
) ENGINE=InnoDB DEFAULT CHARSET=utf8mb4;

--
-- Άδειασμα δεδομένων του πίνακα `offer_schedule_between_waypoints`
--

INSERT INTO `offer_schedule_between_waypoints` (`id`, `offer_id`, `offer_schedule_id`, `address`, `city`, `country`, `postal_code`, `creation_date`, `update_date`) VALUES
(81, 73, 1983, NULL, 'Hillerød', 'Δανία', '3400', '2020-12-30 09:00:37', NULL),
(82, 73, 1983, NULL, 'Edwards', 'Ηνωμένες Πολιτείες', '81632', '2020-12-30 09:00:37', NULL),
(83, 73, 1984, NULL, 'Αθήνα', 'Ελλάδα', '32425', '2020-12-30 09:00:37', NULL),
(84, 73, 1984, NULL, 'Γλυφάδα', 'Ελλάδα', '235634', '2020-12-30 09:00:37', NULL),
(85, 73, 1984, NULL, 'Θεσσαλονίκη', 'Ελλάδα', '235252', '2020-12-30 09:00:37', NULL),
(86, 73, 1984, NULL, 'Riverside', 'Ηνωμένες Πολιτείες', '92503', '2020-12-30 09:00:37', NULL),
(87, 73, 1984, NULL, 'Αθήνα', 'Ελλάδα', '2341352335', '2020-12-30 09:00:37', NULL),
(89, 74, 1986, NULL, '-', 'Ινδονησία', '15810', '2020-12-30 09:15:05', NULL),
(172, 75, 2009, NULL, 'Γλυφάδα', 'Ελλάδα', '165 62', '2020-12-30 11:47:17', NULL),
(173, 75, 2009, NULL, 'Κερατσίνι', 'Ελλάδα', '187 57', '2020-12-30 11:47:17', NULL),
(174, 75, 2009, NULL, 'Πειραιάς', 'Ελλάδα', '', '2020-12-30 11:47:17', NULL),
(175, 75, 2010, NULL, 'Σταυρούπολη', 'Ελλάδα', '', '2020-12-30 11:47:17', NULL),
(176, 75, 2010, NULL, 'Αθήνα', 'Ελλάδα', '117 43', '2020-12-30 11:47:17', NULL),
(177, 75, 2010, NULL, 'Ίλιον', 'Ελλάδα', '131 23', '2020-12-30 11:47:17', NULL),
(178, 75, 2010, NULL, 'Χαλάνδρι', 'Ελλάδα', '43422', '2020-12-30 11:47:17', NULL),
(179, 75, 2010, NULL, 'Χολαργός', 'Ελλάδα', '155 62', '2020-12-30 11:47:17', NULL),
(180, 75, 2011, NULL, 'Καλλιθέα', 'Ελλάδα', '43242', '2020-12-30 11:47:17', NULL),
(181, 76, 2012, NULL, 'Γλυφάδα', 'Ελλάδα', '165 62', '2020-12-30 12:00:43', NULL),
(182, 76, 2012, NULL, 'Κερατσίνι', 'Ελλάδα', '187 57', '2020-12-30 12:00:43', NULL),
(183, 76, 2012, NULL, 'Πειραιάς', 'Ελλάδα', '', '2020-12-30 12:00:43', NULL),
(184, 76, 2013, NULL, 'Σταυρούπολη', 'Ελλάδα', '', '2020-12-30 12:00:43', NULL),
(185, 76, 2013, NULL, 'Αθήνα', 'Ελλάδα', '117 43', '2020-12-30 12:00:43', NULL),
(186, 76, 2013, NULL, 'Ίλιον', 'Ελλάδα', '131 23', '2020-12-30 12:00:43', NULL),
(187, 76, 2013, NULL, 'Χαλάνδρι', 'Ελλάδα', '43422', '2020-12-30 12:00:43', NULL),
(188, 76, 2013, NULL, 'Χολαργός', 'Ελλάδα', '155 62', '2020-12-30 12:00:43', NULL),
(189, 76, 2014, NULL, 'Καλλιθέα', 'Ελλάδα', '43242', '2020-12-30 12:00:43', NULL),
(325, 77, 2060, NULL, 'Γλυφάδα', 'Ελλάδα', '165 62', '2020-12-30 16:01:06', NULL),
(326, 77, 2060, NULL, 'Κερατσίνι', 'Ελλάδα', '187 57', '2020-12-30 16:01:06', NULL),
(327, 77, 2060, NULL, 'Πειραιάς', 'Ελλάδα', '', '2020-12-30 16:01:06', NULL),
(328, 77, 2061, NULL, 'Σταυρούπολη', 'Ελλάδα', '', '2020-12-30 16:01:06', NULL),
(329, 77, 2061, NULL, 'Αθήνα', 'Ελλάδα', '117 43', '2020-12-30 16:01:06', NULL),
(330, 77, 2061, NULL, 'Ίλιον', 'Ελλάδα', '131 23', '2020-12-30 16:01:06', NULL),
(331, 77, 2061, NULL, 'Χαλάνδρι', 'Ελλάδα', '43422', '2020-12-30 16:01:06', NULL),
(332, 77, 2061, NULL, 'Χολαργός', 'Ελλάδα', '155 62', '2020-12-30 16:01:06', NULL),
(333, 77, 2062, NULL, 'Καλλιθέα', 'Ελλάδα', '43242', '2020-12-30 16:01:06', NULL),
(334, 78, 2063, NULL, 'Γλυφάδα', 'Ελλάδα', '165 62', '2020-12-30 16:40:36', NULL),
(335, 78, 2063, NULL, 'Κερατσίνι', 'Ελλάδα', '187 57', '2020-12-30 16:40:36', NULL),
(336, 78, 2063, NULL, 'Πειραιάς', 'Ελλάδα', '', '2020-12-30 16:40:36', NULL),
(337, 78, 2064, NULL, 'Σταυρούπολη', 'Ελλάδα', '', '2020-12-30 16:40:36', NULL),
(338, 78, 2064, NULL, 'Αθήνα', 'Ελλάδα', '117 43', '2020-12-30 16:40:36', NULL),
(339, 78, 2064, NULL, 'Ίλιον', 'Ελλάδα', '131 23', '2020-12-30 16:40:36', NULL),
(340, 78, 2064, NULL, 'Χαλάνδρι', 'Ελλάδα', '43422', '2020-12-30 16:40:36', NULL),
(341, 78, 2064, NULL, 'Χολαργός', 'Ελλάδα', '155 62', '2020-12-30 16:40:36', NULL),
(342, 78, 2065, NULL, 'Καλλιθέα', 'Ελλάδα', '43242', '2020-12-30 16:40:36', NULL),
(345, 82, 2080, NULL, '3', 'Βιετνάμ', '2', '2020-12-30 19:44:15', NULL),
(349, 81, 2083, NULL, 'Μεταμόρφωση', 'Ελλάδα', '144 51', '2020-12-30 20:33:12', NULL),
(350, 81, 2084, NULL, 'Πειραιάς', 'Ελλάδα', '-', '2020-12-30 20:33:12', NULL),
(351, 81, 2084, NULL, 'Πειραιάς', 'Ελλάδα', '4', '2020-12-30 20:33:12', NULL),
(382, 84, 2103, NULL, 'Θεσσαλονίκη', 'Ελλάδα', '546 33', '2020-12-30 20:53:29', NULL),
(383, 84, 2104, NULL, 'Γλυφάδα', 'Ελλάδα', '165 62', '2020-12-30 20:53:29', NULL),
(384, 84, 2105, NULL, 'Αθήνα', 'Ελλάδα', '21344132', '2020-12-30 20:53:29', NULL),
(385, 84, 2105, NULL, 'Πειραιάς', 'Ελλάδα', '432423', '2020-12-30 20:53:29', NULL),
(386, 84, 2105, NULL, 'Πειραιάς', 'Ελλάδα', '1321231', '2020-12-30 20:53:29', NULL),
(387, 85, 2106, NULL, 'Θεσσαλονίκη', 'Ελλάδα', '546 33', '2020-12-30 22:23:30', NULL),
(388, 85, 2107, NULL, 'Γλυφάδα', 'Ελλάδα', '165 62', '2020-12-30 22:23:30', NULL),
(389, 85, 2108, NULL, 'Αθήνα', 'Ελλάδα', '21344132', '2020-12-30 22:23:30', NULL),
(390, 85, 2108, NULL, 'Πειραιάς', 'Ελλάδα', '432423', '2020-12-30 22:23:30', NULL),
(391, 85, 2108, NULL, 'Πειραιάς', 'Ελλάδα', '1321231', '2020-12-30 22:23:30', NULL),
(392, 86, 2109, NULL, 'Θεσσαλονίκη', 'Ελλάδα', '546 33', '2020-12-30 22:23:39', NULL),
(393, 86, 2110, NULL, 'Γλυφάδα', 'Ελλάδα', '165 62', '2020-12-30 22:23:39', NULL),
(394, 86, 2111, NULL, 'Αθήνα', 'Ελλάδα', '21344132', '2020-12-30 22:23:39', NULL),
(395, 86, 2111, NULL, 'Πειραιάς', 'Ελλάδα', '432423', '2020-12-30 22:23:39', NULL),
(396, 86, 2111, NULL, 'Πειραιάς', 'Ελλάδα', '1321231', '2020-12-30 22:23:39', NULL),
(397, 87, 2112, NULL, 'Θεσσαλονίκη', 'Ελλάδα', '546 33', '2020-12-30 22:26:31', NULL),
(398, 87, 2113, NULL, 'Γλυφάδα', 'Ελλάδα', '165 62', '2020-12-30 22:26:31', NULL),
(399, 87, 2114, NULL, 'Αθήνα', 'Ελλάδα', '21344132', '2020-12-30 22:26:31', NULL),
(400, 87, 2114, NULL, 'Πειραιάς', 'Ελλάδα', '432423', '2020-12-30 22:26:31', NULL),
(401, 87, 2114, NULL, 'Πειραιάς', 'Ελλάδα', '1321231', '2020-12-30 22:26:31', NULL),
(402, 88, 2115, NULL, 'Θεσσαλονίκη', 'Ελλάδα', '546 33', '2020-12-30 22:28:12', NULL),
(403, 88, 2116, NULL, 'Γλυφάδα', 'Ελλάδα', '165 62', '2020-12-30 22:28:12', NULL),
(404, 88, 2117, NULL, 'Αθήνα', 'Ελλάδα', '21344132', '2020-12-30 22:28:12', NULL),
(405, 88, 2117, NULL, 'Πειραιάς', 'Ελλάδα', '432423', '2020-12-30 22:28:12', NULL),
(406, 88, 2117, NULL, 'Πειραιάς', 'Ελλάδα', '1321231', '2020-12-30 22:28:12', NULL),
(407, 89, 2118, NULL, 'Θεσσαλονίκη', 'Ελλάδα', '546 33', '2020-12-30 22:28:21', NULL),
(408, 89, 2119, NULL, 'Γλυφάδα', 'Ελλάδα', '165 62', '2020-12-30 22:28:21', NULL),
(409, 89, 2120, NULL, 'Αθήνα', 'Ελλάδα', '21344132', '2020-12-30 22:28:21', NULL),
(410, 89, 2120, NULL, 'Πειραιάς', 'Ελλάδα', '432423', '2020-12-30 22:28:21', NULL),
(411, 89, 2120, NULL, 'Πειραιάς', 'Ελλάδα', '1321231', '2020-12-30 22:28:21', NULL),
(417, 90, 2124, NULL, 'Θεσσαλονίκη', 'Ελλάδα', '546 33', '2020-12-30 22:32:12', NULL),
(418, 90, 2125, NULL, 'Γλυφάδα', 'Ελλάδα', '165 62', '2020-12-30 22:32:12', NULL),
(419, 90, 2126, NULL, 'Αθήνα', 'Ελλάδα', '21344132', '2020-12-30 22:32:12', NULL),
(420, 90, 2126, NULL, 'Πειραιάς', 'Ελλάδα', '432423', '2020-12-30 22:32:12', NULL),
(421, 90, 2126, NULL, 'Πειραιάς', 'Ελλάδα', '1321231', '2020-12-30 22:32:12', NULL),
(432, 91, 2133, NULL, 'Θεσσαλονίκη', 'Ελλάδα', '546 33', '2020-12-30 22:52:32', NULL),
(433, 91, 2134, NULL, 'Γλυφάδα', 'Ελλάδα', '165 62', '2020-12-30 22:52:32', NULL),
(434, 91, 2135, NULL, 'Αθήνα', 'Ελλάδα', '21344132', '2020-12-30 22:52:32', NULL),
(435, 91, 2135, NULL, 'Πειραιάς', 'Ελλάδα', '432423', '2020-12-30 22:52:32', NULL),
(436, 91, 2135, NULL, 'Πειραιάς', 'Ελλάδα', '1321231', '2020-12-30 22:52:32', NULL),
(464, 70, 2147, NULL, 'Αθήνα', 'Ελλάδα', '21331', '2020-12-30 23:04:23', NULL),
(465, 70, 2147, NULL, 'Μαρούσι', 'Ελλάδα', '342', '2020-12-30 23:04:23', NULL),
(466, 70, 2147, NULL, 'Ρόδος', 'Ελλάδα', '851 00', '2020-12-30 23:04:23', NULL),
(467, 70, 2148, NULL, 'Αθήνα', 'Ελλάδα', '3242', '2020-12-30 23:04:23', NULL),
(468, 70, 2148, NULL, 'Περιστέρι', 'Ελλάδα', '4324', '2020-12-30 23:04:23', NULL),
(469, 70, 2148, NULL, 'Ρωμανός', 'Ελλάδα', '265 00', '2020-12-30 23:04:23', NULL),
(470, 70, 2148, NULL, 'Αθήνα', 'Ελλάδα', '106 74', '2020-12-30 23:04:23', NULL),
(471, 70, 2148, NULL, 'Γλυφάδα', 'Ελλάδα', '165 62', '2020-12-30 23:04:23', NULL),
(472, 70, 2148, NULL, 'Αθήνα', 'Ελλάδα', '453', '2020-12-30 23:04:23', NULL),
(473, 70, 2148, NULL, 'Νέα Ιωνία', 'Ελλάδα', '23543534', '2020-12-30 23:04:23', NULL),
(474, 70, 2148, NULL, 'Νέα Ιωνία', 'Ελλάδα', '189 00', '2020-12-30 23:04:23', NULL),
(475, 70, 2148, NULL, 'Ίλιον', 'Ελλάδα', '23423', '2020-12-30 23:04:23', NULL),
(476, 92, 2149, NULL, 'Θεσσαλονίκη', 'Ελλάδα', '546 33', '2020-12-30 23:15:59', NULL),
(477, 92, 2150, NULL, 'Γλυφάδα', 'Ελλάδα', '165 62', '2020-12-30 23:15:59', NULL),
(478, 92, 2151, NULL, 'Αθήνα', 'Ελλάδα', '21344132', '2020-12-30 23:16:00', NULL),
(479, 92, 2151, NULL, 'Πειραιάς', 'Ελλάδα', '432423', '2020-12-30 23:16:00', NULL),
(480, 92, 2151, NULL, 'Πειραιάς', 'Ελλάδα', '1321231', '2020-12-30 23:16:00', NULL),
(481, 71, 2152, NULL, 'Αθήνα', 'Ελλάδα', '745637', '2020-12-30 23:18:13', NULL),
(482, 71, 2152, NULL, 'Αθήνα', 'Ελλάδα', '23114', '2020-12-30 23:18:13', NULL),
(483, 71, 2152, NULL, 'Γλαφυρά', 'Ελλάδα', '385 00', '2020-12-30 23:18:13', NULL),
(484, 71, 2153, NULL, '324', 'Βιετνάμ', '24234', '2020-12-30 23:18:13', NULL),
(485, 71, 2155, NULL, 'Riyadh', 'Σαουδική Αραβία', '11564', '2020-12-30 23:18:13', NULL),
(486, 71, 2155, NULL, 'Mumbai', 'Ινδία', '3424243', '2020-12-30 23:18:13', NULL),
(487, 71, 2155, NULL, 'Budapest', 'Ουγγαρία', '1087', '2020-12-30 23:18:13', NULL),
(488, 71, 2155, NULL, 'Nuuk', 'Γροιλανδία', '3905', '2020-12-30 23:18:13', NULL),
(489, 71, 2156, NULL, 'Tultepec', 'Μεξικό', '54960', '2020-12-30 23:18:13', NULL),
(490, 71, 2156, NULL, 'Alappuzha', 'Ινδία', '-', '2020-12-30 23:18:13', NULL),
(491, 71, 2156, NULL, 'Warszawa', 'Πολωνία', '-', '2020-12-30 23:18:13', NULL),
(492, 68, 2159, NULL, 'Εύοσμος', 'Ελλάδα', '562 24', '2020-12-30 23:20:02', NULL),
(493, 68, 2159, NULL, 'Περιστέρι', 'Ελλάδα', '121 36', '2020-12-30 23:20:02', NULL),
(494, 68, 2159, NULL, 'Ρέθυμνο', 'Ελλάδα', '21314', '2020-12-30 23:20:02', NULL),
(495, 68, 2159, NULL, 'Χαλάνδρι', 'Ελλάδα', '321452345', '2020-12-30 23:20:02', NULL),
(496, 68, 2160, NULL, 'Αθήνα', 'Ελλάδα', '423424', '2020-12-30 23:20:02', NULL),
(497, 83, 2161, NULL, 'Θεσσαλονίκη', 'Ελλάδα', '546 33', '2020-12-31 22:45:06', NULL),
(498, 83, 2162, NULL, 'Γλυφάδα', 'Ελλάδα', '165 62', '2020-12-31 22:45:06', NULL),
(499, 83, 2163, NULL, 'Αθήνα', 'Ελλάδα', '21344132', '2020-12-31 22:45:06', NULL),
(500, 83, 2163, NULL, 'Πειραιάς', 'Ελλάδα', '432423', '2020-12-31 22:45:06', NULL),
(501, 83, 2163, NULL, 'Πειραιάς', 'Ελλάδα', '1321231', '2020-12-31 22:45:06', NULL),
(507, 72, 2171, NULL, 'New York', 'Ηνωμένες Πολιτείες', '-', '2021-01-03 05:49:49', NULL),
(508, 72, 2171, NULL, 'Πειραιάς', 'Ελλάδα', '185 32', '2021-01-03 05:49:49', NULL),
(509, 72, 2171, NULL, 'Αθήνα', 'Ελλάδα', '115 26', '2021-01-03 05:49:49', NULL),
(510, 72, 2171, NULL, 'Βόλος', 'Ελλάδα', '354353', '2021-01-03 05:49:49', NULL),
(511, 72, 2171, NULL, 'Θεσσαλονίκη', 'Ελλάδα', '546 36', '2021-01-03 05:49:49', NULL),
(518, 64, 2174, NULL, 'Χαλάνδρι', 'Ελλάδα', '3242342342', '2021-01-03 05:51:34', NULL),
(519, 64, 2174, NULL, 'Γλαφυρά', 'Ελλάδα', '385 00', '2021-01-03 05:51:34', NULL),
(520, 64, 2174, NULL, 'Αθήνα', 'Ελλάδα', '324234', '2021-01-03 05:51:34', NULL),
(521, 63, 2175, NULL, 'Αθήνα', 'Ελλάδα', '54353453', '2021-01-03 05:53:08', NULL),
(523, 62, 2178, NULL, 'Αθήνα', 'Ελλάδα', '4353', '2021-01-03 05:54:08', NULL),
(524, 95, 2182, NULL, 'Χαλάνδρι', 'Ελλάδα', '152 34', '2021-01-05 01:37:29', NULL),
(525, 95, 2182, NULL, 'Αθήνα', 'Ελλάδα', '106 82', '2021-01-05 01:37:29', NULL),
(526, 60, 2194, NULL, 'Περιστέρι', 'Ελλάδα', '3242342', '2021-01-05 05:51:08', NULL),
(527, 60, 2194, NULL, 'Χαλάνδρι', 'Ελλάδα', '13231231', '2021-01-05 05:51:08', NULL),
(528, 60, 2194, NULL, 'Καλαμαριά', 'Ελλάδα', '551 32', '2021-01-05 05:51:08', NULL),
(529, 60, 2194, NULL, 'Γλυφάδα', 'Ελλάδα', '165 62', '2021-01-05 05:51:08', NULL);

-- --------------------------------------------------------

--
-- Δομή πίνακα για τον πίνακα `orders`
--

CREATE TABLE `orders` (
  `id` bigint(200) NOT NULL,
  `aa` varchar(245) DEFAULT NULL,
  `seller_id` bigint(200) DEFAULT NULL,
  `factory_id` bigint(200) DEFAULT NULL,
  `billing_id` bigint(200) DEFAULT NULL,
  `offer_id` bigint(200) DEFAULT NULL,
  `offer_schedule_id` bigint(200) DEFAULT NULL,
  `customer_id` bigint(200) DEFAULT NULL,
  `from_address` varchar(245) DEFAULT NULL,
  `from_city` varchar(245) DEFAULT NULL,
  `from_country` varchar(245) DEFAULT NULL,
  `from_postal_code` varchar(245) DEFAULT NULL,
  `from_lattitude` varchar(245) DEFAULT NULL,
  `from_longtitude` varchar(245) DEFAULT NULL,
  `to_address` varchar(245) DEFAULT NULL,
  `to_city` varchar(245) DEFAULT NULL,
  `to_country` varchar(245) DEFAULT NULL,
  `to_postal_code` varchar(245) DEFAULT NULL,
  `to_lattitude` varchar(245) DEFAULT NULL,
  `to_longtitude` varchar(245) DEFAULT NULL,
  `creation_date` datetime DEFAULT NULL,
  `update_date` datetime DEFAULT NULL,
  `type` varchar(245) DEFAULT NULL,
  `status` varchar(245) DEFAULT NULL,
  `offer_schedule_token` varchar(245) DEFAULT NULL,
  `comments` varchar(245) DEFAULT NULL,
  `truck_temprature` varchar(245) DEFAULT NULL,
  `arrival_factory_day` datetime DEFAULT NULL,
  `general_instructions` longtext DEFAULT NULL
) ENGINE=InnoDB DEFAULT CHARSET=utf8mb4;

--
-- Άδειασμα δεδομένων του πίνακα `orders`
--

INSERT INTO `orders` (`id`, `aa`, `seller_id`, `factory_id`, `billing_id`, `offer_id`, `offer_schedule_id`, `customer_id`, `from_address`, `from_city`, `from_country`, `from_postal_code`, `from_lattitude`, `from_longtitude`, `to_address`, `to_city`, `to_country`, `to_postal_code`, `to_lattitude`, `to_longtitude`, `creation_date`, `update_date`, `type`, `status`, `offer_schedule_token`, `comments`, `truck_temprature`, `arrival_factory_day`, `general_instructions`) VALUES
(107, '1', 7, 69, 25, 92, 2149, 17, NULL, 'Μαρούσι', 'Ελλάδα', '18533', NULL, NULL, NULL, 'Singapore', 'Σιγκαπούρη', '', NULL, NULL, '2020-12-30 23:16:07', NULL, '', 'ΝΕΑ', 'la0Wie7ShipySJ7zCq6P05jrg15PLR7GjARZKLbkBsC/vckBX7UMK+84UAtmhngM', '', '', '2021-01-05 00:00:00', 'null'),
(108, '22', 7, NULL, 25, 92, 2150, 17, NULL, '-', 'Ηνωμένες Πολιτείες', '18533', NULL, NULL, NULL, 'Βερολίνο', 'Γερμανία', '34', NULL, NULL, '2020-12-30 23:16:11', NULL, '34', 'ΝΕΑ', 'la0Wie7ShipySJ7zCq6P03vdUzwniFkfGJyY8mLQHNE=', NULL, NULL, NULL, NULL),
(109, '4', 7, NULL, 25, 92, 2151, 17, NULL, 'Gurugram', 'Ινδία', '18533', NULL, NULL, NULL, 'Αθήνα', 'Ελλάδα', '105 62', NULL, NULL, '2020-12-30 23:16:13', NULL, '105 62', 'ΝΕΑ', 'la0Wie7ShipySJ7zCq6P0+qWAZxGR5TRjTlYDuecsgh87ryhK8GhhXML2CBnWYL4', NULL, NULL, NULL, NULL),
(110, '1', 7, 70, 25, 91, 2135, 17, NULL, 'Gurugram', 'Ινδία', '18533', NULL, NULL, NULL, 'Αθήνα', 'Ελλάδα', '105 62', NULL, NULL, '2020-12-30 23:16:20', NULL, '105 62', 'ΝΕΑ', 'la0Wie7ShipySJ7zCq6P0yX0vvb512+EzLvSPZqhVox87ryhK8GhhXML2CBnWYL4', '', '', '2021-01-05 00:00:00', ''),
(111, '4', 7, NULL, 25, 91, 2134, 17, NULL, '-', 'Ηνωμένες Πολιτείες', '18533', NULL, NULL, NULL, 'Βερολίνο', 'Γερμανία', '34', NULL, NULL, '2020-12-30 23:16:22', NULL, '34', 'ΝΕΑ', 'la0Wie7ShipySJ7zCq6P0yweOEACURjzFvs2/0gyWTE=', NULL, NULL, NULL, NULL),
(112, '1', 7, NULL, 25, 91, 2133, 17, NULL, 'Μαρούσι', 'Ελλάδα', '18533', NULL, NULL, NULL, 'Singapore', 'Σιγκαπούρη', '', NULL, NULL, '2020-12-30 23:16:27', NULL, '', 'ΝΕΑ', 'la0Wie7ShipySJ7zCq6P06z/bTaxoHIhUZpRo24klHG/vckBX7UMK+84UAtmhngM', NULL, NULL, NULL, NULL),
(113, '4', 7, NULL, 25, 90, 2126, 17, NULL, 'Gurugram', 'Ινδία', '213', NULL, NULL, NULL, 'Αθήνα', 'Ελλάδα', '105 62', NULL, NULL, '2020-12-30 23:16:37', NULL, '105 62', 'ΝΕΑ', 'KupDaz1LsBiM47vZhlaC9OX8rsK2Yh9mpCnhkCmK4GB87ryhK8GhhXML2CBnWYL4', NULL, NULL, NULL, NULL),
(114, '23', 7, NULL, 25, 90, 2125, 17, NULL, '-', 'Ηνωμένες Πολιτείες', '213', NULL, NULL, NULL, 'Βερολίνο', 'Γερμανία', '34', NULL, NULL, '2020-12-30 23:16:39', NULL, '34', 'ΝΕΑ', 'KupDaz1LsBiM47vZhlaC9JPCBYc0cQL3VFEMUMrmQOc=', NULL, NULL, NULL, NULL),
(115, '1', 7, NULL, 25, 90, 2124, 17, NULL, 'Μαρούσι', 'Ελλάδα', '18533', NULL, NULL, NULL, 'Singapore', 'Σιγκαπούρη', '', NULL, NULL, '2020-12-30 23:16:42', NULL, '', 'ΝΕΑ', 'KupDaz1LsBiM47vZhlaC9MudYKmY+xMIIbxogA8Dvne/vckBX7UMK+84UAtmhngM', NULL, NULL, NULL, NULL),
(116, '2', 7, NULL, 25, 90, 2126, 17, NULL, 'Gurugram', 'Ινδία', '213', NULL, NULL, NULL, 'Αθήνα', 'Ελλάδα', '105 62', NULL, NULL, '2020-12-30 23:16:45', NULL, '105 62', 'ΝΕΑ', 'KupDaz1LsBiM47vZhlaC9OX8rsK2Yh9mpCnhkCmK4GB87ryhK8GhhXML2CBnWYL4', NULL, NULL, NULL, NULL),
(117, '4', 7, NULL, 25, 90, 2126, 17, NULL, 'Gurugram', 'Ινδία', '213', NULL, NULL, NULL, 'Αθήνα', 'Ελλάδα', '105 62', NULL, NULL, '2020-12-30 23:16:48', NULL, '105 62', 'ΝΕΑ', 'KupDaz1LsBiM47vZhlaC9OX8rsK2Yh9mpCnhkCmK4GB87ryhK8GhhXML2CBnWYL4', NULL, NULL, NULL, NULL),
(118, '51', 7, NULL, 25, 90, 2126, 17, NULL, 'Gurugram', 'Ινδία', '213', NULL, NULL, NULL, 'Αθήνα', 'Ελλάδα', '105 62', NULL, NULL, '2020-12-30 23:16:52', NULL, '105 62', 'ΝΕΑ', 'KupDaz1LsBiM47vZhlaC9OX8rsK2Yh9mpCnhkCmK4GB87ryhK8GhhXML2CBnWYL4', NULL, NULL, NULL, NULL),
(119, '1', 7, NULL, 25, 89, 2120, 17, NULL, 'Gurugram', 'Ινδία', '213', NULL, NULL, NULL, 'Αθήνα', 'Ελλάδα', '105 62', NULL, NULL, '2020-12-30 23:17:00', NULL, '105 62', 'ΝΕΑ', 'WEKM05AArwu2y4ZEbOcJ/y+BOVt2tfJyb4B6rqyhmAJ87ryhK8GhhXML2CBnWYL4', NULL, NULL, NULL, NULL),
(120, '541', 7, 40, 25, 89, 2118, 17, NULL, 'Πειραιάς', 'Ελλάδα', '18533', NULL, NULL, NULL, 'Singapore', 'Σιγκαπούρη', '', NULL, NULL, '2020-12-30 23:17:03', NULL, '', 'ΝΕΑ', 'WEKM05AArwu2y4ZEbOcJ/3n2ozbb9HnblRCXuweTQ9S/vckBX7UMK+84UAtmhngM', '', '', '2021-01-03 00:00:00', ''),
(121, '3', 7, NULL, 25, 89, 2119, 17, NULL, 'Πειραιάς', 'Ηνωμένες Πολιτείες', '213', NULL, NULL, NULL, 'Βερολίνο', 'Γερμανία', '34', NULL, NULL, '2020-12-30 23:17:06', NULL, '34', 'ΝΕΑ', 'WEKM05AArwu2y4ZEbOcJ/+6hCx3OFqq7LR5/mi6wKtk=', NULL, NULL, NULL, NULL),
(122, '23', 7, NULL, 25, 89, 2119, 17, NULL, 'Πειραιάς', 'Ηνωμένες Πολιτείες', '213', NULL, NULL, NULL, 'Βερολίνο', 'Γερμανία', '34', NULL, NULL, '2020-12-30 23:17:09', NULL, '34', 'ΝΕΑ', 'WEKM05AArwu2y4ZEbOcJ/+6hCx3OFqq7LR5/mi6wKtk=', NULL, NULL, NULL, NULL),
(123, '3', 7, NULL, 25, 88, 2117, 17, NULL, 'Πειραιάς', 'Ινδία', '213', NULL, NULL, NULL, 'Αθήνα', 'Ελλάδα', '105 62', NULL, NULL, '2020-12-30 23:17:14', NULL, '105 62', 'ΝΕΑ', 'WEKM05AArwu2y4ZEbOcJ/66ZiDVPSEZCv++CYUNHCcF87ryhK8GhhXML2CBnWYL4', NULL, NULL, NULL, NULL),
(124, '56', 7, 13, 25, 88, 2117, 17, NULL, 'Πειραιάς', 'Ελλάδα', '18533', NULL, NULL, NULL, 'Αθήνα', 'Ελλάδα', '105 62', NULL, NULL, '2020-12-30 23:17:17', NULL, '105 62', 'ΝΕΑ', 'WEKM05AArwu2y4ZEbOcJ/66ZiDVPSEZCv++CYUNHCcF87ryhK8GhhXML2CBnWYL4', '', '30', '2021-01-03 00:00:00', '-'),
(125, '6', 7, NULL, 25, 88, 2117, 17, NULL, 'Πειραιάς', 'Ινδία', '213', NULL, NULL, NULL, 'Αθήνα', 'Ελλάδα', '105 62', NULL, NULL, '2020-12-30 23:17:20', NULL, '105 62', 'ΝΕΑ', 'WEKM05AArwu2y4ZEbOcJ/66ZiDVPSEZCv++CYUNHCcF87ryhK8GhhXML2CBnWYL4', '', '', '2021-01-05 00:00:00', ''),
(126, '4', 5, NULL, 30, 81, 2084, 24, NULL, 'Πειραιάς', 'Ελλάδα', '18533', NULL, NULL, NULL, 'Douglas', 'Αυστραλία', '4814', NULL, NULL, '2020-12-30 23:17:36', NULL, 'Εξαγωγή', 'ΝΕΑ', '', NULL, NULL, NULL, NULL),
(127, '43', 5, NULL, 30, 80, 2071, 24, NULL, 'Πειραιάς', 'Ελλάδα', '18533', NULL, NULL, NULL, 'Singapore', 'Σιγκαπούρη', '', NULL, NULL, '2020-12-30 23:17:44', NULL, '', 'ΝΕΑ', NULL, NULL, NULL, NULL, NULL),
(128, '6', 5, 68, 30, 78, 2063, 24, NULL, 'Πειραιάς', 'Ελλάδα', '63363', NULL, NULL, NULL, 'Αθήνα', 'Ελλάδα', '', NULL, NULL, '2020-12-30 23:17:50', NULL, '', 'ΝΕΑ', NULL, NULL, NULL, NULL, NULL),
(129, '43', 5, NULL, 30, 78, 2064, 24, NULL, 'Πειραιάς', 'Ελλάδα', '18533', NULL, NULL, NULL, 'Δάφνη Αττικής', 'Ελλάδα', '342242', NULL, NULL, '2020-12-30 23:17:53', NULL, '342242', 'ΝΕΑ', NULL, NULL, NULL, NULL, NULL),
(130, '4', 5, 39, 30, 71, 2156, 24, NULL, 'Πειραιάς', 'Ελλάδα', '18533', NULL, NULL, NULL, 'Φρανκφούρτη', 'Γερμανία', '3r3r3', NULL, NULL, '2020-12-30 23:18:17', NULL, 'Εισαγωγή', 'ΝΕΑ', 'null', 'null', 'null', '2021-01-03 00:00:00', 'null'),
(131, '54', 5, NULL, 30, 71, 2155, 24, NULL, 'Ντάλας', 'Ηνωμένες Πολιτείες', '18533', NULL, NULL, NULL, 'Edmonton', 'Καναδάς', 'T5T 4J2', NULL, NULL, '2020-12-30 23:18:20', NULL, 'Προώθηση', 'ΝΕΑ', 'null', NULL, NULL, NULL, NULL),
(132, '3', 5, NULL, 30, 71, 2152, 24, NULL, 'wefwefw', 'ewfwe', '34643', NULL, NULL, NULL, 'fewf', 'wfw', 'wfwefw', NULL, NULL, '2020-12-30 23:18:23', NULL, 'Προώθηση', 'ΝΕΑ', 'null', 'null', 'null', '2021-01-03 00:00:00', 'null'),
(133, '4', 5, 49, 30, 70, 2148, 24, NULL, '-', 'Ηνωμένο Βασίλειο', '35634', NULL, NULL, NULL, '-', 'Ταϊλάνδη', '10330', NULL, NULL, '2020-12-30 23:18:30', NULL, 'Εισαγωγή', 'ΝΕΑ', 'null', '', '21', '2021-01-03 00:00:00', '-'),
(134, '6', 5, 65, 30, 70, 2147, 24, NULL, 'Γλυφάδα', 'Ελλάδα', '18533', NULL, NULL, NULL, 'Αθήνα', 'Ελλάδα', '342342', NULL, NULL, '2020-12-30 23:18:34', NULL, 'Προσφορά', 'ΝΕΑ', '', '', '', '2021-01-04 00:00:00', 'null'),
(135, '3', 5, NULL, 30, 68, 2159, 18, NULL, 'Λαμία', 'Ελλάδα', '18533', NULL, NULL, NULL, 'Βέροια', 'Ελλάδα', '', NULL, NULL, '2020-12-30 23:20:06', NULL, 'Δρομολόγιο', 'ΝΕΑ', 'null', NULL, NULL, NULL, NULL),
(136, '3', 5, NULL, 30, 92, 2149, 17, NULL, 'Πειραιάς', 'Ελλάδα', '18533', NULL, NULL, NULL, 'Singapore', 'Σιγκαπούρη', '', NULL, NULL, '2020-12-31 01:58:21', NULL, '', 'ΝΕΑ', 'la0Wie7ShipySJ7zCq6P05jrg15PLR7GjARZKLbkBsC/vckBX7UMK+84UAtmhngM', 'null', '-', '2020-12-30 00:00:00', '-'),
(137, NULL, NULL, NULL, NULL, 79, 2068, 24, NULL, 'Αθήνα', 'Greece', '', NULL, NULL, NULL, 'Λίβερπουλ', 'Ηνωμένο Βασίλειο', '', NULL, NULL, '2021-01-02 04:34:25', NULL, '', 'ΝΕΑ', NULL, 'null', 'null', NULL, 'null'),
(138, NULL, NULL, 46, NULL, 93, 2165, 24, NULL, 'Αθήνα', 'Greece', '', NULL, NULL, NULL, 'Λίβερπουλ', 'Ηνωμένο Βασίλειο', '', NULL, NULL, '2021-01-02 04:35:01', NULL, '', 'ΝΕΑ', 'Ucg9lK98Qn1DhH7mAKNhvNs/EHrV9kOPyasPMBuV4pf7KH4weMN2Y0/1HoF2LbIr', '', '-', '2021-01-20 00:00:00', '-'),
(139, NULL, NULL, 41, NULL, 94, 2168, 24, NULL, 'Αθήνα', 'Greece', '', NULL, NULL, NULL, 'Λίβερπουλ', 'Ηνωμένο Βασίλειο', '', NULL, NULL, '2021-01-02 04:35:48', NULL, '', 'ΝΕΑ', '3AwOkOcMpkc0X9PBCZ3qUvUin0aeucCY2azDiLJWv2D7KH4weMN2Y0/1HoF2LbIr', '', '30', '2021-03-17 00:00:00', 'Sed ut perspiciatis unde omnis iste natus error sit voluptatem accusantium doloremque laudantium, totam rem aperiam, eaque ipsa quae ab illo inventore veritatis et quasi architecto beatae vitae dicta sunt explicabo. '),
(140, NULL, NULL, NULL, NULL, 72, 2171, 39, NULL, 'Edmonton', 'Καναδάς', '45365645', NULL, NULL, NULL, 'Αθήνα', 'Ελλάδα', '45365645', NULL, NULL, '2021-01-03 05:49:54', NULL, 'Εισαγωγή', 'ΝΕΑ', 'null', NULL, NULL, NULL, NULL),
(141, NULL, NULL, 53, NULL, 64, 2174, 23, NULL, 'Βάρνα', 'Βουλγαρία', '345345345', NULL, NULL, NULL, 'Θεσσαλονίκη', 'Ελλάδα', '345353543', NULL, NULL, '2021-01-03 05:51:38', NULL, 'Εξαγωγή', 'ΝΕΑ', 'null', '', '', NULL, ''),
(142, NULL, NULL, 47, NULL, 63, 2175, 23, NULL, 'Ζιλίνα', 'Σλοβακία', '243423', NULL, NULL, NULL, 'Κόνιτσα', 'Ελλάδα', '441 00', NULL, NULL, '2021-01-03 05:53:10', NULL, 'Εισαγωγή', 'ΝΕΑ', 'null', '', '454', '2021-01-03 00:00:00', '-'),
(143, NULL, NULL, 62, NULL, 62, 2178, 24, NULL, 'Γλυφάδα', 'Ελλάδα', '8866', NULL, NULL, NULL, 'Αθήνα', 'Ελλάδα', 'τρηρτηρ', NULL, NULL, '2021-01-03 05:54:14', NULL, 'Εσωτερικού', 'ΝΕΑ', 'null', '', '30', '2021-01-12 00:00:00', 'Sed ut perspiciatis unde omnis iste natus error sit voluptatem accusantium doloremque laudantium, totam rem aperiam, eaque ipsa quae ab illo inventore veritatis et quasi architecto beatae vitae dicta sunt explicabo. Nemo enim ipsam voluptatem quia voluptas sit aspernatur aut odit aut fugit, sed quia consequuntur magni dolores eos qui ratione voluptatem sequi nesciunt.  '),
(144, NULL, NULL, 66, NULL, 95, 2182, 24, NULL, 'Αθήνα', 'Greece', '3123123', NULL, NULL, NULL, 'Λίβερπουλ', 'Ηνωμένο Βασίλειο', '1231231', NULL, NULL, '2021-01-05 01:38:32', NULL, 'Εισαγωγή', 'ΝΕΑ', '3AwOkOcMpkc0X9PBCZ3qUvv5pS6EXn2jP009ZfuXYJn7KH4weMN2Y0/1HoF2LbIr', NULL, NULL, NULL, NULL),
(145, NULL, NULL, 67, NULL, 50, 2184, 24, NULL, 'Amsterdam', 'Ολλανδία', '2342342', NULL, NULL, NULL, 'Puente Piedra', 'Περού', '2342342', NULL, NULL, '2021-01-05 01:47:56', NULL, 'Εσωτερικού', 'ΝΕΑ', 'null', '', '-', '2021-01-05 00:00:00', '-'),
(146, NULL, NULL, 71, NULL, 60, 2194, 20, NULL, 'Αθήνα', 'Ελλάδα', '2342342', NULL, NULL, NULL, 'Πάτρα', 'Ελλάδα', '2342342', NULL, NULL, '2021-01-05 05:51:12', NULL, 'Εσωτερικού', 'ΝΕΑ', 'null', '', '', '2021-01-05 00:00:00', ''),
(147, NULL, NULL, NULL, NULL, 69, 2204, 24, NULL, 'χχχ', 'χχχ', 'χχ', NULL, NULL, NULL, 'χχ', 'χχ', 'χχχ', NULL, NULL, '2021-01-05 11:33:17', NULL, 'χχχ', 'ΝΕΑ', 'null', NULL, NULL, NULL, NULL),
(148, NULL, NULL, NULL, NULL, 47, 2216, 23, NULL, 'Ουάσινγκτον', 'Ηνωμένες Πολιτείες', '2342342', NULL, NULL, NULL, 'Cupertino', 'Ηνωμένες Πολιτείες', '2342342', NULL, NULL, '2021-01-05 11:40:02', NULL, 'Εσωτερικού', 'ΝΕΑ', 'null', '', '', '2021-01-05 00:00:00', ''),
(149, NULL, NULL, NULL, NULL, 58, 2217, 23, NULL, '92', '92', '2342342', NULL, NULL, NULL, '92', '92', '2342342', NULL, NULL, '2021-01-05 11:45:28', NULL, 'Εσωτερικού', 'ΝΕΑ', 'null', '', '', '2021-01-05 00:00:00', ''),
(150, NULL, NULL, NULL, NULL, 94, 2168, 24, NULL, 'Αθήνα', 'Greece', '', NULL, NULL, NULL, 'Λίβερπουλ', 'Ηνωμένο Βασίλειο', '', NULL, NULL, '2021-01-05 11:47:18', NULL, '', 'ΝΕΑ', '3AwOkOcMpkc0X9PBCZ3qUvUin0aeucCY2azDiLJWv2D7KH4weMN2Y0/1HoF2LbIr', '', '', '2021-01-05 00:00:00', ''),
(151, NULL, NULL, 72, NULL, 55, 2218, 23, NULL, '20', '20', '2342342', NULL, NULL, NULL, '20', '20', '2342342', NULL, NULL, '2021-01-05 11:50:11', NULL, 'Εσωτερικού', 'ΝΕΑ', 'null', '', '32', '2021-01-05 00:00:00', '-'),
(152, NULL, NULL, NULL, NULL, 94, 2168, 24, NULL, 'Αθήνα', 'Greece', '', NULL, NULL, NULL, 'Λίβερπουλ', 'Ηνωμένο Βασίλειο', '', NULL, NULL, '2021-01-05 11:51:41', NULL, '', 'ΝΕΑ', '3AwOkOcMpkc0X9PBCZ3qUvUin0aeucCY2azDiLJWv2D7KH4weMN2Y0/1HoF2LbIr', '', '', '2021-01-05 00:00:00', '');

-- --------------------------------------------------------

--
-- Δομή πίνακα για τον πίνακα `order_packages`
--

CREATE TABLE `order_packages` (
  `id` bigint(200) NOT NULL,
  `measure_unit_id` bigint(200) DEFAULT NULL,
  `order_id` bigint(200) DEFAULT NULL,
  `order_waypoint_id` bigint(200) DEFAULT NULL,
  `from_unit` int(11) DEFAULT NULL,
  `to_unit` int(11) DEFAULT NULL,
  `unit_price` double DEFAULT NULL,
  `comments` varchar(255) DEFAULT NULL,
  `creation_date` datetime DEFAULT NULL,
  `update_date` datetime DEFAULT NULL
) ENGINE=InnoDB DEFAULT CHARSET=utf8mb4;

--
-- Άδειασμα δεδομένων του πίνακα `order_packages`
--

INSERT INTO `order_packages` (`id`, `measure_unit_id`, `order_id`, `order_waypoint_id`, `from_unit`, `to_unit`, `unit_price`, `comments`, `creation_date`, `update_date`) VALUES
(518, 21, 107, NULL, 6, 6, 0, NULL, '2020-12-30 23:16:07', NULL),
(519, 17, 108, NULL, 5, 5, 10, NULL, '2020-12-30 23:16:11', NULL),
(520, 19, 109, NULL, 6, 6, 17, NULL, '2020-12-30 23:16:13', NULL),
(521, 2, 109, NULL, 5, 5, 15, NULL, '2020-12-30 23:16:13', NULL),
(522, 19, 110, NULL, 6, 6, 17, NULL, '2020-12-30 23:16:20', NULL),
(523, 2, 110, NULL, 5, 5, 15, NULL, '2020-12-30 23:16:20', NULL),
(524, 17, 111, NULL, 5, 5, 10, NULL, '2020-12-30 23:16:22', NULL),
(525, 21, 112, NULL, 6, 6, 0, NULL, '2020-12-30 23:16:27', NULL),
(526, 19, 113, NULL, 6, 6, 17, NULL, '2020-12-30 23:16:37', NULL),
(527, 2, 113, NULL, 5, 5, 15, NULL, '2020-12-30 23:16:37', NULL),
(528, 17, 114, NULL, 5, 5, 10, NULL, '2020-12-30 23:16:39', NULL),
(529, 21, 115, NULL, 6, 6, 0, NULL, '2020-12-30 23:16:42', NULL),
(530, 19, 116, NULL, 6, 6, 17, NULL, '2020-12-30 23:16:45', NULL),
(531, 2, 116, NULL, 5, 5, 15, NULL, '2020-12-30 23:16:45', NULL),
(532, 19, 117, NULL, 6, 6, 17, NULL, '2020-12-30 23:16:48', NULL),
(533, 2, 117, NULL, 5, 5, 15, NULL, '2020-12-30 23:16:48', NULL),
(534, 19, 118, NULL, 6, 6, 17, NULL, '2020-12-30 23:16:52', NULL),
(535, 2, 118, NULL, 5, 5, 15, NULL, '2020-12-30 23:16:52', NULL),
(536, 19, 119, NULL, 6, 6, 17, NULL, '2020-12-30 23:17:00', NULL),
(537, 2, 119, NULL, 5, 5, 15, NULL, '2020-12-30 23:17:00', NULL),
(538, 21, 120, NULL, 6, 6, 0, NULL, '2020-12-30 23:17:03', NULL),
(539, 17, 121, NULL, 5, 5, 10, NULL, '2020-12-30 23:17:06', NULL),
(540, 17, 122, NULL, 5, 5, 10, NULL, '2020-12-30 23:17:09', NULL),
(541, 19, 123, NULL, 6, 6, 17, NULL, '2020-12-30 23:17:15', NULL),
(542, 2, 123, NULL, 5, 5, 15, NULL, '2020-12-30 23:17:15', NULL),
(543, 19, 124, NULL, 6, 6, 17, NULL, '2020-12-30 23:17:17', NULL),
(544, 2, 124, NULL, 5, 5, 15, NULL, '2020-12-30 23:17:17', NULL),
(545, 19, 125, NULL, 6, 6, 17, NULL, '2020-12-30 23:17:20', NULL),
(546, 2, 125, NULL, 5, 5, 15, NULL, '2020-12-30 23:17:20', NULL),
(547, 19, 126, NULL, 5, 5, 23, NULL, '2020-12-30 23:17:36', NULL),
(548, 2, 126, NULL, 12, 12, 16, NULL, '2020-12-30 23:17:36', NULL),
(549, 19, 126, NULL, 8, 8, 16, NULL, '2020-12-30 23:17:36', NULL),
(550, 16, 126, NULL, 4, 4, 10, NULL, '2020-12-30 23:17:36', NULL),
(551, 21, 127, NULL, 6, 6, 0, NULL, '2020-12-30 23:17:44', NULL),
(552, 3, 128, NULL, 2, 2, 4, NULL, '2020-12-30 23:17:50', NULL),
(553, 11, 128, NULL, 0, 0, 4, NULL, '2020-12-30 23:17:50', NULL),
(554, 18, 128, NULL, 4, 4, 8, NULL, '2020-12-30 23:17:50', NULL),
(555, 17, 128, NULL, 4, 4, 9, NULL, '2020-12-30 23:17:50', NULL),
(556, 19, 128, NULL, 5, 5, 5, NULL, '2020-12-30 23:17:50', NULL),
(557, 17, 128, NULL, 4, 4, 10, NULL, '2020-12-30 23:17:50', NULL),
(558, 5, 128, NULL, 5, 5, 10, NULL, '2020-12-30 23:17:50', NULL),
(559, 16, 128, NULL, 5, 5, 10, NULL, '2020-12-30 23:17:50', NULL),
(560, 2, 128, NULL, 4, 4, 9, NULL, '2020-12-30 23:17:50', NULL),
(561, 18, 128, NULL, 4, 4, 9, NULL, '2020-12-30 23:17:50', NULL),
(562, 17, 128, NULL, 4, 4, 11, NULL, '2020-12-30 23:17:50', NULL),
(563, 24, 129, NULL, 6, 6, 16, NULL, '2020-12-30 23:17:53', NULL),
(564, 21, 129, NULL, 6, 6, 16, NULL, '2020-12-30 23:17:53', NULL),
(565, 2, 129, NULL, 6, 6, 17, NULL, '2020-12-30 23:17:53', NULL),
(566, 19, 129, NULL, 6, 6, 11, NULL, '2020-12-30 23:17:53', NULL),
(567, 16, 129, NULL, 7, 7, 12, NULL, '2020-12-30 23:17:53', NULL),
(568, 21, 130, NULL, 0, 0, 0, NULL, '2020-12-30 23:18:17', NULL),
(569, 3, 131, NULL, 4, 4, 9, NULL, '2020-12-30 23:18:20', NULL),
(570, 24, 132, NULL, 0, 0, 0, NULL, '2020-12-30 23:18:23', NULL),
(571, 5, 133, NULL, 5, 5, 11, NULL, '2020-12-30 23:18:30', NULL),
(572, 2, 133, NULL, 9, 9, 16, NULL, '2020-12-30 23:18:30', NULL),
(573, 21, 133, NULL, 5, 5, 10, NULL, '2020-12-30 23:18:30', NULL),
(574, 22, 133, NULL, 0, 0, 0, NULL, '2020-12-30 23:18:30', NULL),
(575, 20, 134, NULL, 4, 4, 10, NULL, '2020-12-30 23:18:34', NULL),
(576, 3, 134, NULL, 6, 6, 17, NULL, '2020-12-30 23:18:34', NULL),
(577, 23, 134, NULL, 3, 3, 13, NULL, '2020-12-30 23:18:34', NULL),
(578, 2, 135, NULL, 4, 4, 10, NULL, '2020-12-30 23:20:06', NULL),
(579, 2, 135, NULL, 4, 4, 11, NULL, '2020-12-30 23:20:06', NULL),
(580, 3, 135, NULL, 5, 5, 11, NULL, '2020-12-30 23:20:06', NULL),
(581, 21, 135, NULL, 3, 3, 9, NULL, '2020-12-30 23:20:06', NULL),
(582, 23, 135, NULL, 0, 0, 0, NULL, '2020-12-30 23:20:06', NULL),
(583, 21, 136, NULL, 6, 6, 0, NULL, '2020-12-31 01:58:21', NULL),
(584, 17, 137, NULL, 3, 3, 6, NULL, '2021-01-02 04:34:25', NULL),
(585, 18, 137, NULL, 5, 5, 9, NULL, '2021-01-02 04:34:25', NULL),
(586, 20, 137, NULL, 5, 5, 5, NULL, '2021-01-02 04:34:25', NULL),
(587, 5, 137, NULL, 5, 5, 10, NULL, '2021-01-02 04:34:25', NULL),
(588, 5, 137, NULL, 5, 5, 10, NULL, '2021-01-02 04:34:25', NULL),
(589, 22, 137, NULL, 4, 4, 10, NULL, '2021-01-02 04:34:25', NULL),
(590, 22, 137, NULL, 5, 5, 15, NULL, '2021-01-02 04:34:25', NULL),
(591, 22, 137, NULL, 5, 5, 14, NULL, '2021-01-02 04:34:25', NULL),
(592, 22, 137, NULL, 5, 5, 9, NULL, '2021-01-02 04:34:25', NULL),
(593, 22, 137, NULL, 5, 5, 9, NULL, '2021-01-02 04:34:25', NULL),
(594, 19, 137, NULL, 4, 4, 8, NULL, '2021-01-02 04:34:25', NULL),
(595, 16, 137, NULL, 3, 3, 8, NULL, '2021-01-02 04:34:25', NULL),
(596, 17, 137, NULL, 4, 4, 8, NULL, '2021-01-02 04:34:25', NULL),
(597, 3, 137, NULL, 4, 4, 9, NULL, '2021-01-02 04:34:25', NULL),
(598, 3, 137, NULL, 4, 4, 5, NULL, '2021-01-02 04:34:25', NULL),
(599, 17, 138, NULL, 3, 3, 6, NULL, '2021-01-02 04:35:01', NULL),
(600, 18, 138, NULL, 5, 5, 9, NULL, '2021-01-02 04:35:01', NULL),
(601, 20, 138, NULL, 5, 5, 5, NULL, '2021-01-02 04:35:01', NULL),
(602, 5, 138, NULL, 5, 5, 10, NULL, '2021-01-02 04:35:01', NULL),
(603, 5, 138, NULL, 5, 5, 10, NULL, '2021-01-02 04:35:01', NULL),
(604, 22, 138, NULL, 4, 4, 10, NULL, '2021-01-02 04:35:01', NULL),
(605, 22, 138, NULL, 5, 5, 15, NULL, '2021-01-02 04:35:01', NULL),
(606, 22, 138, NULL, 5, 5, 14, NULL, '2021-01-02 04:35:01', NULL),
(607, 22, 138, NULL, 5, 5, 9, NULL, '2021-01-02 04:35:01', NULL),
(608, 22, 138, NULL, 5, 5, 9, NULL, '2021-01-02 04:35:01', NULL),
(609, 19, 138, NULL, 4, 4, 8, NULL, '2021-01-02 04:35:01', NULL),
(610, 16, 138, NULL, 3, 3, 8, NULL, '2021-01-02 04:35:01', NULL),
(611, 17, 138, NULL, 4, 4, 8, NULL, '2021-01-02 04:35:01', NULL),
(612, 3, 138, NULL, 4, 4, 9, NULL, '2021-01-02 04:35:01', NULL),
(613, 3, 138, NULL, 4, 4, 5, NULL, '2021-01-02 04:35:01', NULL),
(614, 17, 139, NULL, 3, 5, 6, NULL, '2021-01-02 04:35:48', NULL),
(615, 18, 139, NULL, 6, 12, 9, NULL, '2021-01-02 04:35:48', NULL),
(616, 20, 139, NULL, 22, 33, 5, NULL, '2021-01-02 04:35:48', NULL),
(617, 5, 139, NULL, 44, 55, 10, NULL, '2021-01-02 04:35:48', NULL),
(618, 5, 139, NULL, 66, 77, 10, NULL, '2021-01-02 04:35:48', NULL),
(619, 22, 139, NULL, 88, 99, 10, NULL, '2021-01-02 04:35:48', NULL),
(620, 22, 139, NULL, 100, 200, 15, NULL, '2021-01-02 04:35:48', NULL),
(621, 22, 139, NULL, 200, 300, 14, NULL, '2021-01-02 04:35:48', NULL),
(622, 22, 139, NULL, 400, 500, 9, NULL, '2021-01-02 04:35:48', NULL),
(623, 22, 139, NULL, 600, 700, 9, NULL, '2021-01-02 04:35:48', NULL),
(624, 19, 139, NULL, 800, 900, 8, NULL, '2021-01-02 04:35:48', NULL),
(625, 16, 139, NULL, 1000, 1200, 8, NULL, '2021-01-02 04:35:48', NULL),
(626, 17, 139, NULL, 1300, 2000, 8, NULL, '2021-01-02 04:35:48', NULL),
(627, 3, 139, NULL, 3000, 4000, 9, NULL, '2021-01-02 04:35:48', NULL),
(628, 3, 139, NULL, 5000, 6000, 5, NULL, '2021-01-02 04:35:48', NULL),
(629, 22, 140, NULL, 4, 4, 15, NULL, '2021-01-03 05:49:54', NULL),
(630, 19, 140, NULL, 2, 4, 12, NULL, '2021-01-03 05:49:54', NULL),
(631, 2, 140, NULL, 5, 7, 10, NULL, '2021-01-03 05:49:54', NULL),
(632, 22, 140, NULL, 10, 20, 100, NULL, '2021-01-03 05:49:54', NULL),
(633, 19, 141, NULL, 1, 5, 23, NULL, '2021-01-03 05:51:38', NULL),
(634, 17, 141, NULL, 6, 10, 45, NULL, '2021-01-03 05:51:38', NULL),
(635, 21, 141, NULL, 12, 22, 100, NULL, '2021-01-03 05:51:38', NULL),
(636, 17, 142, NULL, 5, 8, 10, NULL, '2021-01-03 05:53:10', NULL),
(637, 20, 143, NULL, 4, 6, 10, NULL, '2021-01-03 05:54:14', NULL),
(638, 3, 143, NULL, 7, 10, 17, NULL, '2021-01-03 05:54:14', NULL),
(639, 23, 143, NULL, 10, 14, 13, NULL, '2021-01-03 05:54:14', NULL),
(640, 22, 144, NULL, 4, 9, 10, NULL, '2021-01-05 01:38:32', NULL),
(641, 22, 145, NULL, 4, 4, 11, NULL, '2021-01-05 01:47:56', NULL),
(642, 11, 145, NULL, 6, 6, 14, NULL, '2021-01-05 01:47:56', NULL),
(643, 2, 145, NULL, 5, 5, 12, NULL, '2021-01-05 01:47:56', NULL),
(644, 3, 146, NULL, 2, 2, 4, NULL, '2021-01-05 05:51:12', NULL),
(645, 18, 146, NULL, 4, 4, 9, NULL, '2021-01-05 05:51:12', NULL),
(646, 2, 146, NULL, 4, 4, 9, NULL, '2021-01-05 05:51:12', NULL),
(647, 16, 146, NULL, 5, 5, 10, NULL, '2021-01-05 05:51:12', NULL),
(648, 5, 146, NULL, 5, 5, 10, NULL, '2021-01-05 05:51:12', NULL),
(649, 17, 146, NULL, 4, 4, 10, NULL, '2021-01-05 05:51:12', NULL),
(650, 19, 146, NULL, 5, 5, 5, NULL, '2021-01-05 05:51:12', NULL),
(651, 17, 146, NULL, 4, 4, 9, NULL, '2021-01-05 05:51:12', NULL),
(652, 18, 146, NULL, 4, 4, 8, NULL, '2021-01-05 05:51:12', NULL),
(653, 11, 146, NULL, 0, 0, 4, NULL, '2021-01-05 05:51:12', NULL),
(654, 17, 146, NULL, 4, 4, 11, NULL, '2021-01-05 05:51:12', NULL),
(655, 22, 147, NULL, 5, 5, 11, NULL, '2021-01-05 11:33:17', NULL),
(656, 20, 148, NULL, 0, 0, 0, NULL, '2021-01-05 11:40:02', NULL),
(657, 17, 148, NULL, 0, 0, 0, NULL, '2021-01-05 11:40:02', NULL),
(658, 3, 148, NULL, 0, 0, 0, NULL, '2021-01-05 11:40:02', NULL),
(659, 20, 149, NULL, 5, 5, 14, NULL, '2021-01-05 11:45:28', NULL),
(660, 5, 149, NULL, 5, 5, 14, NULL, '2021-01-05 11:45:28', NULL),
(661, 20, 149, NULL, 5, 5, 7, NULL, '2021-01-05 11:45:28', NULL),
(662, 17, 150, NULL, 3, 3, 6, NULL, '2021-01-05 11:47:18', NULL),
(663, 18, 150, NULL, 5, 5, 9, NULL, '2021-01-05 11:47:18', NULL),
(664, 20, 150, NULL, 5, 5, 5, NULL, '2021-01-05 11:47:18', NULL),
(665, 5, 150, NULL, 5, 5, 10, NULL, '2021-01-05 11:47:18', NULL),
(666, 5, 150, NULL, 5, 5, 10, NULL, '2021-01-05 11:47:18', NULL),
(667, 22, 150, NULL, 4, 4, 10, NULL, '2021-01-05 11:47:18', NULL),
(668, 22, 150, NULL, 5, 5, 15, NULL, '2021-01-05 11:47:18', NULL),
(669, 22, 150, NULL, 5, 5, 14, NULL, '2021-01-05 11:47:18', NULL),
(670, 22, 150, NULL, 5, 5, 9, NULL, '2021-01-05 11:47:18', NULL),
(671, 22, 150, NULL, 5, 5, 9, NULL, '2021-01-05 11:47:18', NULL),
(672, 19, 150, NULL, 4, 4, 8, NULL, '2021-01-05 11:47:18', NULL),
(673, 16, 150, NULL, 3, 3, 8, NULL, '2021-01-05 11:47:18', NULL),
(674, 17, 150, NULL, 4, 4, 8, NULL, '2021-01-05 11:47:18', NULL),
(675, 3, 150, NULL, 4, 4, 9, NULL, '2021-01-05 11:47:18', NULL),
(676, 3, 150, NULL, 4, 4, 5, NULL, '2021-01-05 11:47:18', NULL),
(677, 11, 151, NULL, 5, 5, 11, NULL, '2021-01-05 11:50:11', NULL),
(678, 11, 151, NULL, 4, 4, 10, NULL, '2021-01-05 11:50:11', NULL),
(679, 17, 152, NULL, 3, 3, 6, NULL, '2021-01-05 11:51:41', NULL),
(680, 18, 152, NULL, 5, 5, 9, NULL, '2021-01-05 11:51:41', NULL),
(681, 20, 152, NULL, 5, 5, 5, NULL, '2021-01-05 11:51:41', NULL),
(682, 5, 152, NULL, 5, 5, 10, NULL, '2021-01-05 11:51:41', NULL),
(683, 5, 152, NULL, 5, 5, 10, NULL, '2021-01-05 11:51:41', NULL),
(684, 22, 152, NULL, 4, 4, 10, NULL, '2021-01-05 11:51:41', NULL),
(685, 22, 152, NULL, 5, 5, 15, NULL, '2021-01-05 11:51:41', NULL),
(686, 22, 152, NULL, 5, 5, 14, NULL, '2021-01-05 11:51:41', NULL),
(687, 22, 152, NULL, 5, 5, 9, NULL, '2021-01-05 11:51:41', NULL),
(688, 22, 152, NULL, 5, 5, 9, NULL, '2021-01-05 11:51:41', NULL),
(689, 19, 152, NULL, 4, 4, 8, NULL, '2021-01-05 11:51:41', NULL),
(690, 16, 152, NULL, 3, 3, 8, NULL, '2021-01-05 11:51:41', NULL),
(691, 17, 152, NULL, 4, 4, 8, NULL, '2021-01-05 11:51:41', NULL),
(692, 3, 152, NULL, 4, 4, 9, NULL, '2021-01-05 11:51:41', NULL),
(693, 3, 152, NULL, 4, 4, 5, NULL, '2021-01-05 11:51:41', NULL);

-- --------------------------------------------------------

--
-- Δομή πίνακα για τον πίνακα `order_package_start_point`
--

CREATE TABLE `order_package_start_point` (
  `id` bigint(200) NOT NULL,
  `order_id` bigint(200) DEFAULT NULL,
  `order_package_id` bigint(200) DEFAULT NULL,
  `measure_unit_id` bigint(200) DEFAULT NULL,
  `quantity` int(11) DEFAULT NULL,
  `unit_price` double DEFAULT NULL,
  `title` varchar(255) DEFAULT NULL,
  `type` varchar(255) DEFAULT NULL,
  `type_id` bigint(200) DEFAULT NULL,
  `creation_date` datetime DEFAULT NULL,
  `final_unit_price` double DEFAULT NULL
) ENGINE=InnoDB DEFAULT CHARSET=utf8mb4;

--
-- Άδειασμα δεδομένων του πίνακα `order_package_start_point`
--

INSERT INTO `order_package_start_point` (`id`, `order_id`, `order_package_id`, `measure_unit_id`, `quantity`, `unit_price`, `title`, `type`, `type_id`, `creation_date`, `final_unit_price`) VALUES
(55, 139, NULL, 17, 4, 6, 'ΒΟΧ ΙΙΧV2', NULL, NULL, '2021-01-05 01:35:04', 6),
(56, 139, NULL, 20, 30, 5, 'ΒΟΧ ΙΙΧ', NULL, NULL, '2021-01-05 01:35:04', 5),
(57, 139, NULL, 5, 56, 10, 'ΒΟΧ ΙΙΧV-I567', NULL, NULL, '2021-01-05 01:35:04', 10),
(58, 139, NULL, 22, 113, 15, 'ΒΟΧ Ι', NULL, NULL, '2021-01-05 01:35:04', 15),
(63, 110, NULL, 19, 7, 17, 'ΒΟΧ ΙΙΧΩ', NULL, NULL, '2021-01-05 01:59:03', 28),
(70, 143, NULL, 3, 9, 17, 'ΒΟΧ ΙΙΧV-I567-099', NULL, NULL, '2021-01-05 04:33:04', 28),
(71, 143, NULL, 20, 5, 10, 'ΒΟΧ ΙΙΧ', NULL, NULL, '2021-01-05 04:33:04', 17),
(72, 146, NULL, 3, 4, 0, 'ΒΟΧ ΙΙΧV-I567-099', NULL, NULL, '2021-01-05 05:52:33', 0),
(73, 146, NULL, 18, 3, 8, 'ΒΟΧ ΙΙΧV', NULL, NULL, '2021-01-05 05:52:33', 8),
(74, 146, NULL, 2, 5, 9, 'ΒΟΧ ΙΙΧV-I567-099123', NULL, NULL, '2021-01-05 05:52:33', 9),
(75, 146, NULL, 16, 6, 10, 'ΒΟΧ ΙΙΧV-', NULL, NULL, '2021-01-05 05:52:33', 10),
(76, 146, NULL, 5, 4, 10, 'ΒΟΧ ΙΙΧV-I567', NULL, NULL, '2021-01-05 05:52:33', 10),
(77, 146, NULL, 17, 3, 11, 'ΒΟΧ ΙΙΧV2', NULL, NULL, '2021-01-05 05:52:33', 11),
(78, 146, NULL, 19, 4, 5, 'ΒΟΧ ΙΙΧΩ', NULL, NULL, '2021-01-05 05:52:33', 5),
(79, 146, NULL, 11, 1, 4, 'ΒΟΧ ΙΙΧV45', NULL, NULL, '2021-01-05 05:52:33', 4),
(80, 125, NULL, 19, 0, 0, 'ΒΟΧ ΙΙΧΩ', NULL, NULL, '2021-01-05 06:38:25', 0),
(81, 125, NULL, 2, 0, 0, 'ΒΟΧ ΙΙΧV-I567-099123', NULL, NULL, '2021-01-05 06:38:25', 0),
(84, 151, NULL, 11, 4, 10, 'ΒΟΧ ΙΙΧV45', NULL, NULL, '2021-01-05 14:05:13', 40);

-- --------------------------------------------------------

--
-- Δομή πίνακα για τον πίνακα `order_waypoints`
--

CREATE TABLE `order_waypoints` (
  `id` bigint(200) NOT NULL,
  `warehouse_id` bigint(100) DEFAULT NULL,
  `order_id` bigint(100) DEFAULT NULL,
  `address` varchar(255) DEFAULT NULL,
  `city` varchar(255) DEFAULT NULL,
  `country` varchar(255) DEFAULT NULL,
  `postal_code` varchar(255) DEFAULT NULL,
  `lattitude` varchar(245) DEFAULT NULL,
  `longtitude` varchar(245) DEFAULT NULL,
  `update_date` datetime DEFAULT NULL,
  `creation_date` datetime DEFAULT NULL
) ENGINE=InnoDB DEFAULT CHARSET=utf8mb4;

--
-- Άδειασμα δεδομένων του πίνακα `order_waypoints`
--

INSERT INTO `order_waypoints` (`id`, `warehouse_id`, `order_id`, `address`, `city`, `country`, `postal_code`, `lattitude`, `longtitude`, `update_date`, `creation_date`) VALUES
(185, NULL, 107, NULL, 'Θεσσαλονίκη', 'Ελλάδα', '18533', NULL, NULL, NULL, '2020-12-30 23:16:07'),
(186, NULL, 107, NULL, 'Singapore', 'Σιγκαπούρη', '18533', NULL, NULL, NULL, '2020-12-30 23:16:07'),
(187, NULL, 108, NULL, 'Γλυφάδα', 'Ελλάδα', '18533', NULL, NULL, NULL, '2020-12-30 23:16:11'),
(188, NULL, 108, NULL, 'Βερολίνο', 'Γερμανία', '18533', NULL, NULL, NULL, '2020-12-30 23:16:11'),
(189, NULL, 109, NULL, 'Αθήνα', 'Ελλάδα', '18533', NULL, NULL, NULL, '2020-12-30 23:16:13'),
(190, NULL, 109, NULL, 'Πειραιάς', 'Ελλάδα', '18533', NULL, NULL, NULL, '2020-12-30 23:16:13'),
(191, NULL, 109, NULL, 'Πειραιάς', 'Ελλάδα', '1321231', NULL, NULL, NULL, '2020-12-30 23:16:13'),
(192, NULL, 109, NULL, 'Αθήνα', 'Ελλάδα', '105 62', NULL, NULL, NULL, '2020-12-30 23:16:13'),
(193, NULL, 110, NULL, 'Αθήνα', 'Ελλάδα', '21344132', NULL, NULL, NULL, '2020-12-30 23:16:20'),
(194, NULL, 110, NULL, 'Πειραιάς', 'Ελλάδα', '432423', NULL, NULL, NULL, '2020-12-30 23:16:20'),
(195, 33, 110, NULL, 'Πειραιάς', 'Ελλάδα', '1321231', NULL, NULL, NULL, '2020-12-30 23:16:20'),
(196, NULL, 110, NULL, 'Αθήνα', 'Ελλάδα', '105 62', NULL, NULL, NULL, '2020-12-30 23:16:20'),
(197, NULL, 111, NULL, 'Γλυφάδα', 'Ελλάδα', '165 62', NULL, NULL, NULL, '2020-12-30 23:16:22'),
(198, NULL, 111, NULL, 'Βερολίνο', 'Γερμανία', '18533', NULL, NULL, NULL, '2020-12-30 23:16:22'),
(199, NULL, 112, NULL, 'Θεσσαλονίκη', 'Ελλάδα', '546 33', NULL, NULL, NULL, '2020-12-30 23:16:27'),
(200, NULL, 112, NULL, 'Singapore', 'Σιγκαπούρη', '', NULL, NULL, NULL, '2020-12-30 23:16:27'),
(201, NULL, 113, NULL, 'Αθήνα', 'Ελλάδα', '21344132', NULL, NULL, NULL, '2020-12-30 23:16:37'),
(202, NULL, 113, NULL, 'Πειραιάς', 'Ελλάδα', '432423', NULL, NULL, NULL, '2020-12-30 23:16:37'),
(203, NULL, 113, NULL, 'Πειραιάς', 'Ελλάδα', '1321231', NULL, NULL, NULL, '2020-12-30 23:16:37'),
(204, NULL, 113, NULL, 'Αθήνα', 'Ελλάδα', '105 62', NULL, NULL, NULL, '2020-12-30 23:16:37'),
(205, NULL, 114, NULL, 'Γλυφάδα', 'Ελλάδα', '165 62', NULL, NULL, NULL, '2020-12-30 23:16:39'),
(206, NULL, 114, NULL, 'Βερολίνο', 'Γερμανία', '34', NULL, NULL, NULL, '2020-12-30 23:16:39'),
(207, NULL, 115, NULL, 'Θεσσαλονίκη', 'Ελλάδα', '546 33', NULL, NULL, NULL, '2020-12-30 23:16:42'),
(208, NULL, 115, NULL, 'Singapore', 'Σιγκαπούρη', '', NULL, NULL, NULL, '2020-12-30 23:16:42'),
(209, NULL, 116, NULL, 'Αθήνα', 'Ελλάδα', '21344132', NULL, NULL, NULL, '2020-12-30 23:16:45'),
(210, NULL, 116, NULL, 'Πειραιάς', 'Ελλάδα', '432423', NULL, NULL, NULL, '2020-12-30 23:16:45'),
(211, NULL, 116, NULL, 'Πειραιάς', 'Ελλάδα', '1321231', NULL, NULL, NULL, '2020-12-30 23:16:45'),
(212, NULL, 116, NULL, 'Αθήνα', 'Ελλάδα', '105 62', NULL, NULL, NULL, '2020-12-30 23:16:45'),
(213, NULL, 117, NULL, 'Αθήνα', 'Ελλάδα', '21344132', NULL, NULL, NULL, '2020-12-30 23:16:48'),
(214, NULL, 117, NULL, 'Πειραιάς', 'Ελλάδα', '432423', NULL, NULL, NULL, '2020-12-30 23:16:48'),
(215, NULL, 117, NULL, 'Πειραιάς', 'Ελλάδα', '1321231', NULL, NULL, NULL, '2020-12-30 23:16:48'),
(216, NULL, 117, NULL, 'Αθήνα', 'Ελλάδα', '105 62', NULL, NULL, NULL, '2020-12-30 23:16:48'),
(217, NULL, 118, NULL, 'Αθήνα', 'Ελλάδα', '21344132', NULL, NULL, NULL, '2020-12-30 23:16:52'),
(218, NULL, 118, NULL, 'Πειραιάς', 'Ελλάδα', '432423', NULL, NULL, NULL, '2020-12-30 23:16:52'),
(219, NULL, 118, NULL, 'Πειραιάς', 'Ελλάδα', '1321231', NULL, NULL, NULL, '2020-12-30 23:16:52'),
(220, NULL, 118, NULL, 'Αθήνα', 'Ελλάδα', '105 62', NULL, NULL, NULL, '2020-12-30 23:16:52'),
(221, NULL, 119, NULL, 'Αθήνα', 'Ελλάδα', '21344132', NULL, NULL, NULL, '2020-12-30 23:17:00'),
(222, NULL, 119, NULL, 'Πειραιάς', 'Ελλάδα', '432423', NULL, NULL, NULL, '2020-12-30 23:17:00'),
(223, NULL, 119, NULL, 'Πειραιάς', 'Ελλάδα', '1321231', NULL, NULL, NULL, '2020-12-30 23:17:00'),
(224, NULL, 119, NULL, 'Αθήνα', 'Ελλάδα', '105 62', NULL, NULL, NULL, '2020-12-30 23:17:00'),
(225, NULL, 120, NULL, 'Θεσσαλονίκη', 'Ελλάδα', '546 33', NULL, NULL, NULL, '2020-12-30 23:17:03'),
(226, NULL, 120, NULL, 'Singapore', 'Σιγκαπούρη', '', NULL, NULL, NULL, '2020-12-30 23:17:03'),
(227, NULL, 121, NULL, 'Γλυφάδα', 'Ελλάδα', '165 62', NULL, NULL, NULL, '2020-12-30 23:17:06'),
(228, NULL, 121, NULL, 'Βερολίνο', 'Γερμανία', '34', NULL, NULL, NULL, '2020-12-30 23:17:06'),
(229, NULL, 122, NULL, 'Γλυφάδα', 'Ελλάδα', '165 62', NULL, NULL, NULL, '2020-12-30 23:17:09'),
(230, NULL, 122, NULL, 'Βερολίνο', 'Γερμανία', '34', NULL, NULL, NULL, '2020-12-30 23:17:09'),
(231, NULL, 123, NULL, 'Αθήνα', 'Ελλάδα', '21344132', NULL, NULL, NULL, '2020-12-30 23:17:14'),
(232, NULL, 123, NULL, 'Πειραιάς', 'Ελλάδα', '432423', NULL, NULL, NULL, '2020-12-30 23:17:14'),
(233, NULL, 123, NULL, 'Πειραιάς', 'Ελλάδα', '1321231', NULL, NULL, NULL, '2020-12-30 23:17:14'),
(234, NULL, 123, NULL, 'Αθήνα', 'Ελλάδα', '105 62', NULL, NULL, NULL, '2020-12-30 23:17:14'),
(235, NULL, 124, NULL, 'Αθήνα', 'Ελλάδα', '21344132', NULL, NULL, NULL, '2020-12-30 23:17:17'),
(236, NULL, 124, NULL, 'Πειραιάς', 'Ελλάδα', '432423', NULL, NULL, NULL, '2020-12-30 23:17:17'),
(237, NULL, 124, NULL, 'Πειραιάς', 'Ελλάδα', '1321231', NULL, NULL, NULL, '2020-12-30 23:17:17'),
(238, NULL, 124, NULL, 'Αθήνα', 'Ελλάδα', '105 62', NULL, NULL, NULL, '2020-12-30 23:17:17'),
(239, NULL, 125, NULL, 'Αθήνα', 'Ελλάδα', '18533', NULL, NULL, NULL, '2020-12-30 23:17:20'),
(240, NULL, 125, NULL, 'Πειραιάς', 'Ελλάδα', '18533', NULL, NULL, NULL, '2020-12-30 23:17:20'),
(241, NULL, 125, NULL, 'Πειραιάς', 'Ελλάδα', '18533', NULL, NULL, NULL, '2020-12-30 23:17:20'),
(242, NULL, 125, NULL, 'Αθήνα', 'Ελλάδα', '18533', NULL, NULL, NULL, '2020-12-30 23:17:20'),
(243, NULL, 126, NULL, 'Πειραιάς', 'Ελλάδα', '18533', NULL, NULL, NULL, '2020-12-30 23:17:36'),
(244, NULL, 126, NULL, 'Πειραιάς', 'Ελλάδα', '18533', NULL, NULL, NULL, '2020-12-30 23:17:36'),
(245, NULL, 126, NULL, 'Douglas', 'Αυστραλία', '18533', NULL, NULL, NULL, '2020-12-30 23:17:36'),
(246, NULL, 127, NULL, 'Singapore', 'Σιγκαπούρη', '18533', NULL, NULL, NULL, '2020-12-30 23:17:44'),
(247, NULL, 128, NULL, 'Γλυφάδα', 'Ελλάδα', '165 62', NULL, NULL, NULL, '2020-12-30 23:17:50'),
(248, NULL, 128, NULL, 'Κερατσίνι', 'Ελλάδα', '187 57', NULL, NULL, NULL, '2020-12-30 23:17:50'),
(249, NULL, 128, NULL, 'Πειραιάς', 'Ελλάδα', '321452345', NULL, NULL, NULL, '2020-12-30 23:17:50'),
(250, NULL, 128, NULL, 'Αθήνα', 'Ελλάδα', '321452345', NULL, NULL, NULL, '2020-12-30 23:17:50'),
(251, NULL, 129, NULL, 'Σταυρούπολη', 'Ελλάδα', '321452345', NULL, NULL, NULL, '2020-12-30 23:17:53'),
(252, NULL, 129, NULL, 'Αθήνα', 'Ελλάδα', '117 43', NULL, NULL, NULL, '2020-12-30 23:17:53'),
(253, NULL, 129, NULL, 'Ίλιον', 'Ελλάδα', '131 23', NULL, NULL, NULL, '2020-12-30 23:17:53'),
(254, NULL, 129, NULL, 'Χαλάνδρι', 'Ελλάδα', '43422', NULL, NULL, NULL, '2020-12-30 23:17:53'),
(255, NULL, 129, NULL, 'Χολαργός', 'Ελλάδα', '155 62', NULL, NULL, NULL, '2020-12-30 23:17:53'),
(256, NULL, 129, NULL, 'Δάφνη Αττικής', 'Ελλάδα', '342242', NULL, NULL, NULL, '2020-12-30 23:17:53'),
(257, NULL, 130, NULL, 'Tultepec', 'Μεξικό', '54960', NULL, NULL, NULL, '2020-12-30 23:18:17'),
(258, NULL, 130, NULL, 'Alappuzha', 'Ινδία', '321452345', NULL, NULL, NULL, '2020-12-30 23:18:17'),
(259, NULL, 130, NULL, 'Warszawa', 'Πολωνία', '321452345', NULL, NULL, NULL, '2020-12-30 23:18:17'),
(260, NULL, 130, NULL, 'Φρανκφούρτη', 'Γερμανία', '3r3r3', NULL, NULL, NULL, '2020-12-30 23:18:17'),
(261, NULL, 131, NULL, 'Riyadh', 'Σαουδική Αραβία', '11564', NULL, NULL, NULL, '2020-12-30 23:18:20'),
(262, NULL, 131, NULL, 'Mumbai', 'Ινδία', '3424243', NULL, NULL, NULL, '2020-12-30 23:18:20'),
(263, NULL, 131, NULL, 'Budapest', 'Ουγγαρία', '1087', NULL, NULL, NULL, '2020-12-30 23:18:20'),
(264, NULL, 131, NULL, 'Nuuk', 'Γροιλανδία', '3905', NULL, NULL, NULL, '2020-12-30 23:18:20'),
(265, NULL, 131, NULL, 'Edmonton', 'Καναδάς', 'T5T 4J2', NULL, NULL, NULL, '2020-12-30 23:18:20'),
(266, NULL, 132, NULL, 'Αθήνα', 'Ελλάδα', '745637', NULL, NULL, NULL, '2020-12-30 23:18:23'),
(267, NULL, 132, NULL, 'Αθήνα', 'Ελλάδα', '23114', NULL, NULL, NULL, '2020-12-30 23:18:23'),
(268, NULL, 132, NULL, 'Γλαφυρά', 'Ελλάδα', '385 00', NULL, NULL, NULL, '2020-12-30 23:18:23'),
(269, NULL, 132, NULL, 'fewf', 'wfw', 'wfwefw', NULL, NULL, NULL, '2020-12-30 23:18:23'),
(270, NULL, 133, NULL, 'Αθήνα', 'Ελλάδα', '3242', NULL, NULL, NULL, '2020-12-30 23:18:30'),
(271, NULL, 133, NULL, 'Περιστέρι', 'Ελλάδα', '4324', NULL, NULL, NULL, '2020-12-30 23:18:30'),
(272, NULL, 133, NULL, 'Ρωμανός', 'Ελλάδα', '265 00', NULL, NULL, NULL, '2020-12-30 23:18:30'),
(273, NULL, 133, NULL, 'Αθήνα', 'Ελλάδα', '106 74', NULL, NULL, NULL, '2020-12-30 23:18:30'),
(274, NULL, 133, NULL, 'Γλυφάδα', 'Ελλάδα', '165 62', NULL, NULL, NULL, '2020-12-30 23:18:30'),
(275, NULL, 133, NULL, 'Αθήνα', 'Ελλάδα', '453', NULL, NULL, NULL, '2020-12-30 23:18:30'),
(276, NULL, 133, NULL, 'Νέα Ιωνία', 'Ελλάδα', '23543534', NULL, NULL, NULL, '2020-12-30 23:18:30'),
(277, NULL, 133, NULL, 'Νέα Ιωνία', 'Ελλάδα', '189 00', NULL, NULL, NULL, '2020-12-30 23:18:30'),
(278, NULL, 133, NULL, 'Ίλιον', 'Ελλάδα', '23423', NULL, NULL, NULL, '2020-12-30 23:18:30'),
(279, NULL, 133, NULL, '-', 'Ταϊλάνδη', '10330', NULL, NULL, NULL, '2020-12-30 23:18:30'),
(280, NULL, 134, NULL, 'Αθήνα', 'Ελλάδα', '21331', NULL, NULL, NULL, '2020-12-30 23:18:34'),
(281, NULL, 134, NULL, 'Μαρούσι', 'Ελλάδα', '342', NULL, NULL, NULL, '2020-12-30 23:18:34'),
(282, NULL, 134, NULL, 'Ρόδος', 'Ελλάδα', '851 00', NULL, NULL, NULL, '2020-12-30 23:18:34'),
(283, NULL, 134, NULL, 'Αθήνα', 'Ελλάδα', '342342', NULL, NULL, NULL, '2020-12-30 23:18:34'),
(284, 32, 135, NULL, 'Εύοσμος', 'Ελλάδα', '562 24', NULL, NULL, NULL, '2020-12-30 23:20:06'),
(285, NULL, 135, NULL, 'Περιστέρι', 'Ελλάδα', '121 36', NULL, NULL, NULL, '2020-12-30 23:20:06'),
(286, NULL, 135, NULL, 'Ρέθυμνο', 'Ελλάδα', '21314', NULL, NULL, NULL, '2020-12-30 23:20:06'),
(287, NULL, 135, NULL, 'Χαλάνδρι', 'Ελλάδα', '321452345', NULL, NULL, NULL, '2020-12-30 23:20:06'),
(288, NULL, 135, NULL, 'Βέροια', 'Ελλάδα', '321452345', NULL, NULL, NULL, '2020-12-30 23:20:06'),
(289, NULL, 136, NULL, 'Θεσσαλονίκη', 'Ελλάδα', '546 33', NULL, NULL, NULL, '2020-12-31 01:58:21'),
(290, NULL, 136, NULL, 'Singapore', 'Σιγκαπούρη', '321452345', NULL, NULL, NULL, '2020-12-31 01:58:21'),
(291, NULL, 137, NULL, 'Λίβερπουλ', 'Ηνωμένο Βασίλειο', '', NULL, NULL, NULL, '2021-01-02 04:34:25'),
(292, NULL, 138, NULL, 'Λίβερπουλ', 'Ηνωμένο Βασίλειο', '', NULL, NULL, NULL, '2021-01-02 04:35:01'),
(293, NULL, 139, NULL, 'Λίβερπουλ', 'Ηνωμένο Βασίλειο', '', NULL, NULL, NULL, '2021-01-02 04:35:48'),
(294, NULL, 140, NULL, 'New York', 'Ηνωμένες Πολιτείες', '-', NULL, NULL, NULL, '2021-01-03 05:49:54'),
(295, NULL, 140, NULL, 'Πειραιάς', 'Ελλάδα', '185 32', NULL, NULL, NULL, '2021-01-03 05:49:54'),
(296, NULL, 140, NULL, 'Αθήνα', 'Ελλάδα', '115 26', NULL, NULL, NULL, '2021-01-03 05:49:54'),
(297, NULL, 140, NULL, 'Βόλος', 'Ελλάδα', '354353', NULL, NULL, NULL, '2021-01-03 05:49:54'),
(298, NULL, 140, NULL, 'Θεσσαλονίκη', 'Ελλάδα', '546 36', NULL, NULL, NULL, '2021-01-03 05:49:54'),
(299, NULL, 140, NULL, 'Αθήνα', 'Ελλάδα', '45365645', NULL, NULL, NULL, '2021-01-03 05:49:54'),
(300, NULL, 141, NULL, 'Χαλάνδρι', 'Ελλάδα', '3242342342', NULL, NULL, NULL, '2021-01-03 05:51:38'),
(301, NULL, 141, NULL, 'Γλαφυρά', 'Ελλάδα', '385 00', NULL, NULL, NULL, '2021-01-03 05:51:38'),
(302, NULL, 141, NULL, 'Αθήνα', 'Ελλάδα', '324234', NULL, NULL, NULL, '2021-01-03 05:51:38'),
(303, NULL, 141, NULL, 'Θεσσαλονίκη', 'Ελλάδα', '345353543', NULL, NULL, NULL, '2021-01-03 05:51:38'),
(304, NULL, 142, NULL, 'Αθήνα', 'Ελλάδα', '54353453', NULL, NULL, NULL, '2021-01-03 05:53:10'),
(305, NULL, 142, NULL, 'Κόνιτσα', 'Ελλάδα', '441 00', NULL, NULL, NULL, '2021-01-03 05:53:10'),
(306, 38, 143, NULL, 'Αθήνα', 'Ελλάδα', '4353', NULL, NULL, NULL, '2021-01-03 05:54:14'),
(307, 31, 143, NULL, 'Αθήνα', 'Ελλάδα', 'τρηρτηρ', NULL, NULL, NULL, '2021-01-03 05:54:14'),
(308, NULL, 144, NULL, 'Χαλάνδρι', 'Ελλάδα', '152 34', NULL, NULL, NULL, '2021-01-05 01:38:32'),
(309, NULL, 144, NULL, 'Αθήνα', 'Ελλάδα', '106 82', NULL, NULL, NULL, '2021-01-05 01:38:32'),
(310, NULL, 144, NULL, 'Λίβερπουλ', 'Ηνωμένο Βασίλειο', '1231231', NULL, NULL, NULL, '2021-01-05 01:38:32'),
(311, 42, 145, NULL, 'Puente Piedra', 'Περού', '2342342', NULL, NULL, NULL, '2021-01-05 01:47:56'),
(312, NULL, 146, NULL, 'Περιστέρι', 'Ελλάδα', '3242342', NULL, NULL, NULL, '2021-01-05 05:51:12'),
(313, NULL, 146, NULL, 'Χαλάνδρι', 'Ελλάδα', '13231231', NULL, NULL, NULL, '2021-01-05 05:51:12'),
(314, NULL, 146, NULL, 'Καλαμαριά', 'Ελλάδα', '551 32', NULL, NULL, NULL, '2021-01-05 05:51:12'),
(315, NULL, 146, NULL, 'Γλυφάδα', 'Ελλάδα', '165 62', NULL, NULL, NULL, '2021-01-05 05:51:12'),
(316, NULL, 146, NULL, 'Πάτρα', 'Ελλάδα', '2342342', NULL, NULL, NULL, '2021-01-05 05:51:12'),
(317, NULL, 147, NULL, 'χχ', 'χχ', 'χχχ', NULL, NULL, NULL, '2021-01-05 11:33:17'),
(318, NULL, 148, NULL, 'Cupertino', 'Ηνωμένες Πολιτείες', '2342342', NULL, NULL, NULL, '2021-01-05 11:40:02'),
(319, NULL, 149, NULL, '92', '92', '2342342', NULL, NULL, NULL, '2021-01-05 11:45:28'),
(320, NULL, 150, NULL, 'Λίβερπουλ', 'Ηνωμένο Βασίλειο', '', NULL, NULL, NULL, '2021-01-05 11:47:18'),
(321, NULL, 151, NULL, '20', '20', '2342342', NULL, NULL, NULL, '2021-01-05 11:50:11'),
(322, NULL, 152, NULL, 'Λίβερπουλ', 'Ηνωμένο Βασίλειο', '', NULL, NULL, NULL, '2021-01-05 11:51:41');

-- --------------------------------------------------------

--
-- Δομή πίνακα για τον πίνακα `order_waypoints_packages`
--

CREATE TABLE `order_waypoints_packages` (
  `id` bigint(200) NOT NULL,
  `order_id` bigint(200) DEFAULT NULL,
  `measure_unit_id` bigint(200) DEFAULT NULL,
  `order_waypoint_id` bigint(200) DEFAULT NULL,
  `quantity` int(11) DEFAULT NULL,
  `unit_price` double DEFAULT NULL,
  `final_unit_price` double DEFAULT NULL,
  `title` varchar(255) DEFAULT NULL,
  `type_id` bigint(200) DEFAULT NULL,
  `creation_date` datetime DEFAULT NULL
) ENGINE=InnoDB DEFAULT CHARSET=utf8mb4;

-- --------------------------------------------------------

--
-- Δομή πίνακα για τον πίνακα `organizations`
--

CREATE TABLE `organizations` (
  `organization_id` bigint(200) NOT NULL,
  `name` varchar(255) DEFAULT NULL,
  `creation_date` datetime DEFAULT NULL,
  `update_date` datetime DEFAULT NULL
) ENGINE=InnoDB DEFAULT CHARSET=utf8;

--
-- Άδειασμα δεδομένων του πίνακα `organizations`
--

INSERT INTO `organizations` (`organization_id`, `name`, `creation_date`, `update_date`) VALUES
(72, 'οργανισμος2', '2020-10-20 11:41:48', NULL),
(73, 'οργανισμος3', '2020-10-20 11:41:48', NULL),
(74, 'οργανισμος4', '2020-10-20 11:41:48', NULL),
(75, 'οργανισμος5', '2020-10-20 11:41:48', NULL),
(76, 'οργανισμος6', '2020-10-20 11:41:48', NULL),
(77, 'οργανισμος7', '2020-10-20 11:41:48', NULL),
(80, 'οργανισμος10', '2020-10-20 11:41:48', NULL),
(81, 'οργανισμος11', '2020-10-20 11:41:48', NULL),
(82, 'οργανισμος12', '2020-10-20 11:41:48', '2020-11-13 14:59:16'),
(83, 'οργανισμος13', '2020-10-20 11:41:48', NULL),
(84, 'οργανισμος14', '2020-10-20 11:41:48', NULL),
(85, 'οργανισμος15', '2020-10-20 11:41:48', NULL),
(86, 'οργανισμος16', '2020-10-20 11:41:48', NULL),
(87, 'οργανισμος17', '2020-10-20 11:41:48', NULL),
(88, 'οργανισμος18', '2020-10-20 11:41:48', NULL),
(89, 'οργανισμος19', '2020-10-20 11:41:48', NULL),
(90, 'οργανισμος20', '2020-10-20 11:41:48', NULL),
(91, 'Οργανισμοσ 21', '2020-10-24 23:00:34', NULL),
(97, 'Org22s', '2020-11-10 01:03:33', '2020-11-13 14:59:11'),
(98, 'ceee', '2020-11-12 18:58:27', '2020-12-12 01:36:14'),
(99, 'AAA', '2020-11-19 14:58:34', NULL),
(100, 'WWW', '2020-11-19 14:58:46', '2020-12-12 01:36:10'),
(101, 'ΑΑΑΑ', '2020-11-19 14:59:06', '2020-12-12 01:35:47'),
(102, 'ΒΒΒ', '2020-11-19 14:59:10', '2020-12-12 01:40:42');

-- --------------------------------------------------------

--
-- Δομή πίνακα για τον πίνακα `roles`
--

CREATE TABLE `roles` (
  `role_id` bigint(20) NOT NULL,
  `name` varchar(255) DEFAULT NULL,
  `description` varchar(255) DEFAULT NULL,
  `status` int(200) DEFAULT NULL,
  `creation_date` datetime DEFAULT NULL,
  `update_time` datetime DEFAULT NULL
) ENGINE=InnoDB DEFAULT CHARSET=utf8;

--
-- Άδειασμα δεδομένων του πίνακα `roles`
--

INSERT INTO `roles` (`role_id`, `name`, `description`, `status`, `creation_date`, `update_time`) VALUES
(28, 'Ρολος2', 'Ρολος2', 0, '2020-10-20 11:38:51', NULL),
(29, 'Ρολος3', 'Ρολος3', 0, '2020-10-20 11:38:58', NULL),
(30, 'Ρολος4', 'Ρολος4', 0, '2020-10-20 11:39:06', NULL),
(31, 'Ρολος5', 'Ρολος5', 0, '2020-10-20 11:39:11', NULL),
(32, 'Ρολος6', 'Ρολος6', 0, '2020-10-20 11:39:16', NULL),
(33, 'Ρολος7', 'Ρολος7', 0, '2020-10-20 11:39:21', NULL),
(34, 'Ρολος8', 'Ρολος8', 0, '2020-10-20 11:39:28', NULL),
(35, 'Ρολος9', 'Ρολος9', 0, '2020-10-20 11:39:34', NULL),
(36, 'Ρολος10', 'Ρολος10', 0, '2020-10-20 11:39:39', NULL),
(37, 'Ρολος11', 'Ρολος11', 0, '2020-10-20 11:39:44', NULL),
(38, 'Ρολος12', 'Ρολος12', 0, '2020-10-20 11:39:50', '2020-11-13 02:22:29'),
(39, 'Ρολος13', 'Ρολος13', 0, '2020-10-20 11:39:55', NULL),
(40, 'Ρολος14', 'Ρολος14', 0, '2020-10-20 11:40:00', NULL),
(41, 'Ρολος15', 'Ρολος15', 0, '2020-10-20 11:40:06', '2020-12-12 01:36:07'),
(42, 'Ρολος16w', 'Ρολος16', 0, '2020-10-20 11:40:11', '2020-11-12 18:58:09'),
(55, 'dw', 'dw', 0, '2020-11-12 19:21:18', '2020-12-12 01:13:35'),
(58, 'ewfwef', 'wefwefw', 0, '2020-12-11 23:41:33', '2020-12-12 01:13:28');

-- --------------------------------------------------------

--
-- Δομή πίνακα για τον πίνακα `schedule`
--

CREATE TABLE `schedule` (
  `id` bigint(20) NOT NULL,
  `from_address` varchar(245) DEFAULT NULL,
  `from_city` varchar(245) DEFAULT NULL,
  `from_postal_code` varchar(245) DEFAULT NULL,
  `from_region` varchar(245) DEFAULT NULL,
  `from_country` varchar(245) DEFAULT NULL,
  `from_lattitude` double DEFAULT NULL,
  `from_longtitude` double DEFAULT NULL,
  `to_address` varchar(245) DEFAULT NULL,
  `to_city` varchar(245) DEFAULT NULL,
  `to_postal_code` varchar(245) DEFAULT NULL,
  `to_region` varchar(245) DEFAULT NULL,
  `to_country` varchar(245) DEFAULT NULL,
  `to_lattitude` double DEFAULT NULL,
  `to_longtitude` double DEFAULT NULL,
  `creation_date` datetime DEFAULT NULL,
  `update_date` datetime DEFAULT NULL,
  `version` int(11) DEFAULT NULL,
  `type` varchar(245) DEFAULT NULL
) ENGINE=InnoDB DEFAULT CHARSET=utf8mb4;

--
-- Άδειασμα δεδομένων του πίνακα `schedule`
--

INSERT INTO `schedule` (`id`, `from_address`, `from_city`, `from_postal_code`, `from_region`, `from_country`, `from_lattitude`, `from_longtitude`, `to_address`, `to_city`, `to_postal_code`, `to_region`, `to_country`, `to_lattitude`, `to_longtitude`, `creation_date`, `update_date`, `version`, `type`) VALUES
(12, 'Βριλήσσια,Ελλάδα', 'Βριλήσσια', '', 'Περιφερειακή ενότητα Βορείου Τομέα Αθηνών', 'Ελλάδα', 38.0373632, 23.8374167, 'Deák Ferenc tér,Budapest Ουγγαρία', 'Budapest', '', '', 'Ουγγαρία', 0, 0, '2020-11-27 03:22:21', '2020-12-06 14:07:38', NULL, 'Εξαγωγή'),
(13, 'Γιαννιτσά,Ελλάδα', 'Γιαννιτσά', '', 'Πέλλα', 'Ελλάδα', 40.7943587, 22.4144481, 'Άγκυρα,Τουρκία', 'Άγκυρα', '', '', 'Τουρκία', 0, 0, '2020-11-27 03:23:59', '2020-12-06 14:08:02', NULL, 'Εξαγωγή'),
(15, 'Λος Άντζελες,Ηνωμένες Πολιτείες', 'Λος Άντζελες', '', '', 'Ηνωμένες Πολιτείες', 34.0522342, -118.2436849, 'Τολό,Ελλάδα', 'Τολό', '', '', 'Ελλάδα', 0, 0, '2020-11-27 03:26:38', '2020-12-06 13:58:36', NULL, 'Εισαγωγή'),
(17, 'Ηγουμενίτσα,Ελλάδα', 'Ηγουμενίτσα', '', 'Θεσπρωτία', 'Ελλάδα', 0, 0, 'Αθήνα,Ελλάδα', 'Αθήνα', '', 'Κεντρικός Τομέας Αθηνών', 'Ελλάδα', 37.97898120000001, 37.97898120000001, '2020-11-27 03:27:07', '2020-12-06 13:49:39', NULL, 'Εσωτερικού'),
(20, 'Λονδίνο,Ηνωμένο Βασίλειο', 'Λονδίνο', '', '', 'Ηνωμένο Βασίλειο', 51.5073509, -0.1277583, 'Fröbelstraße,Köln Γερμανία', 'Köln', '', '', 'Γερμανία', 0, 0, '2020-11-27 04:07:03', '2020-12-06 13:55:57', NULL, 'Εσωτερικού'),
(21, 'Marine Drive,Mumbai Ινδία', 'Mumbai', '', '', 'Ινδία', 18.9552139, 72.81331999999999, 'Aeropuerto Barajas t4,Madrid Ισπανία', 'Madrid', '28042', '', 'Ισπανία', 40.49148889999999, 40.49148889999999, '2020-11-27 12:28:37', '2020-11-27 12:54:00', NULL, 'Εξαγωγή'),
(23, 'Jangali Maharaj Road,Pune Ινδία', 'Pune', '', '', 'Ινδία', 18.516874, 73.8430328, 'Calle Gran Vía,Madrid Ισπανία', 'Madrid', '', '', 'Ισπανία', 40.4202824, 40.4202824, '2020-11-27 12:28:56', '2020-11-27 12:53:43', NULL, 'Εξαγωγή'),
(25, 'KK Nagar Road K.K.NAGAR,Ahmedabad Ινδία', 'Ahmedabad', '380061', '', 'Ινδία', 23.0736795, 72.5558124, 'U.S. Route 66,Springfield Ηνωμένες Πολιτείες', 'Springfield', '', 'Springfield Township', 'Ηνωμένες Πολιτείες', 37.2407299, 37.2407299, '2020-11-27 12:31:21', '2020-11-27 12:54:21', NULL, 'Εξαγωγή'),
(26, 'Calle Gran Vía,Madrid Ισπανία', 'Madrid', '', '', 'Ισπανία', 40.4202824, -3.7054027, 'Jalan Malioboro Ινδονησία', '', '', 'Gedong Tengen', 'Ινδονησία', -7.793727, -7.793727, '2020-11-27 12:53:31', NULL, NULL, 'Εξαγωγή'),
(27, 'Jalan Tol Pasteur Ινδονησία', '', '', 'Kecamatan Cimahi Tengah', 'Ινδονησία', -6.8980131, 107.5426593, 'Jalan Malioboro Ινδονησία', '', '', 'Gedong Tengen', 'Ινδονησία', -7.793727, -7.793727, '2020-11-27 12:53:53', NULL, NULL, 'Εξαγωγή'),
(28, 'Διστόμου 49,Πειραιάς Ελλάδα', 'Πειραιάς', '185 33', 'Περιφερειακή Ενότητα Πειραιώς', 'Ελλάδα', 37.9459512, 23.6552017, 'Αλεξάνδρου Παπαναστασίου 35,Κερατσίνι Ελλάδα', 'Κερατσίνι', '187 56', 'Περιφερειακή Ενότητα Πειραιώς', 'Ελλάδα', 37.9604213, 37.9604213, '2020-11-27 13:26:47', NULL, NULL, 'Εξαγωγή'),
(29, 'Ψαρών,Πειραιάς Ελλάδα', 'Πειραιάς', '', 'Περιφερειακή Ενότητα Πειραιώς', 'Ελλάδα', 37.956943, 23.6337553, 'Manchester Square Ηνωμένο Βασίλειο', 'London', '', 'London', 'Ηνωμένο Βασίλειο', 51.5164658, 51.5164658, '2020-11-27 13:43:59', '2020-11-27 15:27:36', NULL, 'Εξαγωγή'),
(30, 'Friedrichstraße,Berlin Γερμανία', 'Berlin', '', '', 'Γερμανία', 52.5137447, 13.3893567, 'Esenler Otogarı Τουρκία', '', '', '', 'Τουρκία', 37.9441202, 37.9441202, '2020-11-27 14:19:28', '2020-12-06 13:40:21', NULL, 'Εσωτερικού'),
(38, 'Αιτωλικού,Πειραιάς Ελλάδα', 'Πειραιάς', '', 'Περιφερειακή Ενότητα Πειραιώς', 'Ελλάδα', 37.9564459, 23.6398182, 'Αλεξάνδρου Σβώλου,Θεσσαλονίκη Ελλάδα', 'Θεσσαλονίκη', '', 'Θεσσαλονίκη', 'Ελλάδα', 40.6307609, 22.9507132, '2020-11-28 05:57:56', NULL, NULL, 'Εξαγωγή'),
(39, 'Πετσάνη 3,Λάρισα Ελλάδα', 'Λάρισα', '413 35', 'Λάρισα', 'Ελλάδα', 39.6252138, 22.4214756, 'Λαμίας 34,Γλυφάδα Ελλάδα', 'Γλυφάδα', '165 61', 'Νότιος Τομέας Αθηνών', 'Ελλάδα', 37.88645580000001, 23.7542406, '2020-11-28 14:20:45', NULL, NULL, 'Εξαγωγή'),
(40, 'Τρικάλων Ελλάδα', 'Ξυλοκαστρο', '204 00', 'Κορινθία', 'Ελλάδα', 38.0747623, 22.6208925, 'Λοχαγού Ρεπετσά 12,Πειραιάς Ελλάδα', 'Πειραιάς', '185 33', 'Περιφερειακή Ενότητα Πειραιώς', 'Ελλάδα', 37.9445724, 23.6560563, '2020-11-28 14:23:30', NULL, NULL, 'Εξαγωγή'),
(43, 'Αθηνα', 'Αθήνα', '', 'Κεντρικός Τομέας Αθηνών', 'Ελλάδα', 37.9838096, 23.7275388, 'Βερολίνο,Γερμανία', 'Βερολίνο', '', '', 'Γερμανία', 52.52000659999999, 13.404954, '2020-11-30 02:55:53', NULL, NULL, 'Εξαγωγή'),
(44, 'Αθήνα,Ελλάδα', 'Αθήνα', '', 'Κεντρικός Τομέας Αθηνών', 'Ελλάδα', 37.9838096, 23.7275388, 'Βερολίνο,Γερμανία', 'Βερολίνο', '', '', 'Γερμανία', 52.52000659999999, 13.404954, '2020-11-30 02:58:39', NULL, NULL, 'Εξαγωγή'),
(46, 'Αθήνα,Ελλάδα', 'Αθήνα', '', 'Κεντρικός Τομέας Αθηνών', 'Ελλάδα', 37.9838096, 23.7275388, 'Ντουμπάι,Ηνωμένα Αραβικά Εμιράτα', 'Ντουμπάι', '', '', 'Ηνωμένα Αραβικά Εμιράτα', 25.2048493, 55.2707828, '2020-11-30 03:33:43', NULL, NULL, 'Εξαγωγή'),
(48, 'Λος Άντζελες,Ηνωμένες Πολιτείες', 'Λος Άντζελες', '', '', 'Ηνωμένες Πολιτείες', 34.0522342, 23.7275388, 'Αθήνα,Ελλάδα', 'Αθήνα', '', 'Κεντρικός Τομέας Αθηνών', 'Ελλάδα', 37.9838096, 23.7275388, '2020-11-30 04:13:00', NULL, NULL, 'Εισαγωγή'),
(50, 'Μαϊάμι,Ηνωμένες Πολιτείες', 'Μαϊάμι', '', '', 'Ηνωμένες Πολιτείες', 25.7616798, -80.1917902, 'Ελάτη,Ελλάδα', 'Ελάτη', '', 'Τρίκαλα', 'Ελλάδα', 39.504302, 21.5351193, '2020-11-30 04:15:14', NULL, NULL, 'Εισαγωγή'),
(51, 'Αθήνα,Ελλάδα', 'Αθήνα', '', 'Κεντρικός Τομέας Αθηνών', 'Greece', 37.9838096, 23.7275388, 'Λίβερπουλ,Ηνωμένο Βασίλειο', 'Λίβερπουλ', '', '', 'Ηνωμένο Βασίλειο', 53.4083714, -2.9915726, '2020-12-01 12:56:35', NULL, NULL, 'Εσωτερικού'),
(59, 'Αθήνα,Ελλάδα', 'Αθήνα', '', 'Κεντρικός Τομέας Αθηνών', 'Ελλάδα', 37.9838096, 23.7275388, 'Πάτρα,Ελλάδα', 'Πάτρα', '', 'Αχαΐα', 'Ελλάδα', 38.2466395, 21.734574, '2020-12-01 17:18:34', NULL, NULL, 'Εσωτερικού'),
(73, 'Delhi,Ινδία', 'Delhi', '', '', 'Ινδία', 28.6862738, 77.2217831, 'Singapore,Σιγκαπούρη', 'Singapore', '', '', 'Σιγκαπούρη', 1.2644032, 103.8222071, '2020-12-01 20:33:05', NULL, NULL, 'Εσωτερικού'),
(79, 'Γλυφάδα,Ελλάδα', 'Γλυφάδα', '', 'Νότιος Τομέας Αθηνών', 'Ελλάδα', 37.8756151, 23.7564773, 'Αψιού,Κύπρος', 'Αψιού', '', '', 'Κύπρος', 34.7974399, 33.0212099, '2020-12-01 20:53:27', NULL, NULL, 'Εσωτερικού'),
(80, 'Σμύρνη,Τουρκία', 'Σμύρνη', '', '', 'Τουρκία', 38.423734, 27.142826, 'Δράμα,Ελλάδα', 'Δράμα', '', 'Δράμα', 'Ελλάδα', 41.1502273, 24.1469489, '2020-12-01 20:53:55', NULL, NULL, 'Εισαγωγή'),
(84, 'Χώρα Σφακίων,Ελλάδα', 'Χώρα Σφακίων', '', 'Χανιά', 'Ελλάδα', 35.2015175, 24.1380312, 'Φυλή,Ελλάδα', 'Φυλή', '', 'Περιφερειακή ενότητα Δυτικής Αττικής', 'Ελλάδα', 38.102909, 23.6690367, '2020-12-01 21:02:29', NULL, NULL, 'Εσωτερικού'),
(86, 'Ξυλόκαστρο,Ελλάδα', 'Ξυλόκαστρο', '', 'Κορινθία', 'Ελλάδα', 38.0772641, 22.6326975, 'Καλαμάτα,Ελλάδα', 'Καλαμάτα', '', 'Μεσσηνία', 'Ελλάδα', 37.0366386, 22.1143716, '2020-12-01 21:58:27', NULL, NULL, 'Εσωτερικού'),
(89, 'Ουάσινγκτον,Ηνωμένες Πολιτείες', 'Ουάσινγκτον', '', '', 'Ηνωμένες Πολιτείες', 38.9071923, -77.0368707, 'Cupertino,Ηνωμένες Πολιτείες', 'Cupertino', '', '', 'Ηνωμένες Πολιτείες', 37.3349543, -122.0138517, '2020-12-02 04:07:31', NULL, NULL, 'Εσωτερικού'),
(92, 'Ασπρόπυργος,Ελλάδα', 'Ασπρόπυργος', 'null', 'Περιφερειακή ενότητα Δυτικής Αττικής', 'Ελλάδα', 38.0609063, 23.5910603, 'Καλαμαριά,Ελλάδα', 'Καλαμαριά', 'null', 'Θεσσαλονίκη', 'Ελλάδα', 40.5879237, 40.5879237, '2020-12-03 20:27:19', '2020-12-04 05:02:06', NULL, 'Εσωτερικού'),
(94, 'Αθήνα,Ελλάδα', 'Αθήνα', 'null', 'Κεντρικός Τομέας Αθηνών', 'Ελλάδα', 37.99641159999999, 23.76891969999999, 'Αθήνα,Ελλάδα', 'Αθήνα', 'null', 'Κεντρικός Τομέας Αθηνών', 'Ελλάδα', 37.9830484, 37.9830484, '2020-12-03 20:30:52', '2020-12-04 05:01:26', NULL, 'Εσωτερικού'),
(95, 'Αθήνα,Ελλάδα', 'Αθήνα', 'null', 'Κεντρικός Τομέας Αθηνών', 'Ελλάδα', 37.99641159999999, 23.76891969999999, 'Βιέννη,Αυστρία', 'Βιέννη', 'null', '', 'Αυστρία', 48.2081743, 48.2081743, '2020-12-03 20:33:10', '2020-12-04 05:01:11', NULL, 'Εξαγωγή'),
(96, 'Δράμα,Ελλάδα', 'Δράμα', 'null', 'Δράμα', 'Ελλάδα', 41.1502273, 24.1469489, ',Ελλάδα', '', 'null', 'Περιφερειακή Ενότητα Πειραιώς', 'Ελλάδα', 37.9746194, 37.9746194, '2020-12-03 21:03:45', '2020-12-04 05:00:52', NULL, 'Εσωτερικού'),
(97, 'Αθήνα,Ελλάδα', 'Αθήνα', 'null', 'Κεντρικός Τομέας Αθηνών', 'Ελλάδα', 37.9992037, 23.7326096, 'Πάτρα,Ελλάδα', 'Πάτρα', 'null', 'Αχαΐα', 'Ελλάδα', 38.2323345, 38.2323345, '2020-12-04 04:23:26', '2020-12-04 05:00:31', NULL, 'Εσωτερικού'),
(106, 'Ψαρών, Αθήνα, Ελλάδα', 'Αθήνα', 'null', 'null', 'Ελλάδα', 0, 0, 'Σόλωνος, Αθήνα, Ελλάδα', 'Αθήνα', 'null', 'null', 'Ελλάδα', 0, 0, '2020-12-06 05:56:16', '2020-12-06 06:04:52', NULL, 'Εσωτερικού'),
(107, 'Γλυφάδα,Ελλάδα', 'Γλυφάδα', '', 'Νότιος Τομέας Αθηνών', 'Ελλάδα', 37.8756151, 23.7564773, 'Ψαρών, Αθήνα, Ελλάδα', 'Αθήνα', '', '', 'Ελλάδα', 0, 0, '2020-12-06 05:56:16', '2020-12-06 14:07:21', NULL, 'Εσωτερικού'),
(109, '', 'Γλυφάδα', '', NULL, 'Ελλάδα', NULL, NULL, '', 'Αθήνα', '', NULL, 'Ελλάδα', NULL, NULL, '2020-12-06 23:16:04', NULL, NULL, NULL),
(110, 'Σάμος,Ελλάδα', 'Σάμος', '831 00', NULL, 'Ελλάδα', NULL, NULL, 'Οχρίδα,Βόρεια Μακεδονία', 'Οχρίδα', '', NULL, 'Βόρεια Μακεδονία', NULL, NULL, '2020-12-06 23:21:30', NULL, NULL, NULL),
(111, 'Σάμος,Ελλάδα', 'Σάμος', '831 00', NULL, 'Ελλάδα', NULL, NULL, 'Ρόδος,Ελλάδα', 'Ρόδος', '851 00', NULL, 'Ελλάδα', NULL, NULL, '2020-12-07 12:53:24', NULL, NULL, NULL),
(112, 'Βάρνα,Βουλγαρία', 'Βάρνα', '', NULL, 'Βουλγαρία', NULL, NULL, 'Θεσσαλονίκη,Ελλάδα', 'Θεσσαλονίκη', '', NULL, 'Ελλάδα', NULL, NULL, '2020-12-07 12:53:24', NULL, NULL, NULL),
(113, 'Λαμία,Ελλάδα', 'Λαμία', '351 00', NULL, 'Ελλάδα', NULL, NULL, 'Βέροια,Ελλάδα', 'Βέροια', '591 32', NULL, 'Ελλάδα', NULL, NULL, '2020-12-07 12:53:24', NULL, NULL, NULL),
(114, 'Αλμπουκέρκη,Ηνωμένες Πολιτείες', 'Αλμπουκέρκη', '', '', 'Ηνωμένες Πολιτείες', 35.0843859, -106.650422, 'Τιχουάνα,Μεξικό', 'Τιχουάνα', '', '', 'Μεξικό', 32.5149469, -117.0382471, '2020-12-09 00:39:35', NULL, NULL, 'Προώθηση'),
(117, '', 'Λαμία', '', NULL, 'Ελλάδα', NULL, NULL, '', 'Βέροια', '', NULL, 'Ελλάδα', NULL, NULL, '2020-12-11 22:54:47', NULL, NULL, NULL),
(118, ',Ηνωμένες Πολιτείες', '-', '', NULL, 'Ηνωμένες Πολιτείες', NULL, NULL, 'Βερολίνο,Γερμανία', 'Βερολίνο', '', NULL, 'Γερμανία', NULL, NULL, '2020-12-12 00:19:18', NULL, NULL, NULL),
(120, 'Σάμος,Ελλάδα', 'Σάμος', '', 'Σάμος', 'Ελλάδα', 0, 0, 'Αθήνα,Ελλάδα', 'Αθήνα', '', '', 'Ελλάδα', 0, 0, '2020-12-12 00:44:30', '2020-12-12 00:44:41', NULL, 'Εσωτερικού'),
(121, '', 'Μαϊάμι', '', NULL, 'Ηνωμένες Πολιτείες', NULL, NULL, '', 'Ελάτη', '', NULL, 'Ελλάδα', NULL, NULL, '2020-12-14 00:22:17', NULL, NULL, NULL),
(122, '', 'χχχ', 'χχ', NULL, 'χχχ', NULL, NULL, '', 'χχ', 'χχχ', NULL, 'χχ', NULL, NULL, '2020-12-29 15:57:52', NULL, NULL, NULL),
(123, ',Ηνωμένο Βασίλειο', '-', 'WD25 7LR', NULL, 'Ηνωμένο Βασίλειο', NULL, NULL, ',Ταϊλάνδη', '-', '10330', NULL, 'Ταϊλάνδη', NULL, NULL, '2020-12-29 16:24:48', NULL, NULL, NULL),
(124, 'Σαντιάγο ντε Κερέταρο,Μεξικό', 'Σαντιάγο ντε Κερέταρο', '', NULL, 'Μεξικό', NULL, NULL, 'Φρανκφούρτη,Γερμανία', 'Φρανκφούρτη', '', NULL, 'Γερμανία', NULL, NULL, '2020-12-29 16:28:40', NULL, NULL, NULL),
(125, 'Edmonton,Καναδάς', 'Edmonton', 'T5T 4J2', NULL, 'Καναδάς', NULL, NULL, ',Ταϊβάν', '-', '10492', NULL, 'Ταϊβάν', NULL, NULL, '2020-12-30 04:24:36', NULL, NULL, NULL),
(126, 'Χαϊδάρι,Ελλάδα', 'Χαϊδάρι', '124 62', NULL, 'Ελλάδα', NULL, NULL, 'Πισσούρι,Κύπρος', 'Πισσούρι', '4607', NULL, 'Κύπρος', NULL, NULL, '2020-12-30 09:00:19', NULL, NULL, NULL),
(127, ',Βιετνάμ', '3r3r2', '324', NULL, 'Βιετνάμ', NULL, NULL, 'Singapore,Σιγκαπούρη', 'Singapore', '200031', NULL, 'Σιγκαπούρη', NULL, NULL, '2020-12-30 09:14:56', NULL, NULL, NULL),
(128, '', 'Αθήνα', '', NULL, 'Ελλάδα', NULL, NULL, '', 'Αθήνα', '', NULL, 'Ελλάδα', NULL, NULL, '2020-12-30 09:27:09', NULL, NULL, NULL),
(129, 'Ηράκλειο,Ελλάδα', 'Ηράκλειο', '', NULL, 'Ελλάδα', NULL, NULL, 'Δάφνη Αττικής,Ελλάδα', 'Δάφνη Αττικής', '342242', NULL, 'Ελλάδα', NULL, NULL, '2020-12-30 09:27:09', NULL, NULL, NULL),
(130, 'Χαϊδάρι,Ελλάδα', 'Χαϊδάρι', '124 61', NULL, 'Ελλάδα', NULL, NULL, 'Καλαμάτα,Ελλάδα', 'Καλαμάτα', '241 00', NULL, 'Ελλάδα', NULL, NULL, '2020-12-30 12:00:43', NULL, NULL, NULL),
(131, '', 'Αθήνα', '', NULL, 'Greece', NULL, NULL, '', 'Λίβερπουλ', '', NULL, 'Ηνωμένο Βασίλειο', NULL, NULL, '2020-12-30 16:42:56', NULL, NULL, NULL),
(132, '', '3r3r2', '', NULL, 'Βιετνάμ', NULL, NULL, '', 'Singapore', '', NULL, 'Σιγκαπούρη', NULL, NULL, '2020-12-30 16:54:04', NULL, NULL, NULL),
(133, '', 'Ηράκλειο', '', NULL, 'Ελλάδα', NULL, NULL, '', 'Δάφνη Αττικής', '', NULL, 'Ελλάδα', NULL, NULL, '2020-12-30 17:01:21', NULL, NULL, NULL),
(134, '', '-', '213', NULL, 'Ηνωμένες Πολιτείες', NULL, NULL, '', 'Βερολίνο', '34', NULL, 'Γερμανία', NULL, NULL, '2020-12-30 20:39:38', NULL, NULL, NULL),
(135, 'Gurugram,Ινδία', 'Gurugram', '213', NULL, 'Ινδία', NULL, NULL, 'Αθήνα,Ελλάδα', 'Αθήνα', '105 62', NULL, 'Ελλάδα', NULL, NULL, '2020-12-30 20:39:38', NULL, NULL, NULL),
(136, 'Μαρούσι,Ελλάδα', 'Μαρούσι', '', NULL, 'Ελλάδα', NULL, NULL, '', 'Singapore', '', NULL, 'Σιγκαπούρη', NULL, NULL, '2020-12-30 22:23:30', NULL, NULL, NULL);

-- --------------------------------------------------------

--
-- Δομή πίνακα για τον πίνακα `schedule_packages`
--

CREATE TABLE `schedule_packages` (
  `id` bigint(200) NOT NULL,
  `schedule_id` bigint(200) DEFAULT NULL,
  `measurement_unit_id` bigint(200) DEFAULT NULL,
  `from_unit` int(11) DEFAULT NULL,
  `to_unit` int(11) DEFAULT NULL,
  `unit_price` double DEFAULT NULL,
  `summary` double DEFAULT NULL,
  `creation_date` datetime DEFAULT NULL,
  `update_date` datetime DEFAULT NULL
) ENGINE=InnoDB DEFAULT CHARSET=utf8mb4;

--
-- Άδειασμα δεδομένων του πίνακα `schedule_packages`
--

INSERT INTO `schedule_packages` (`id`, `schedule_id`, `measurement_unit_id`, `from_unit`, `to_unit`, `unit_price`, `summary`, `creation_date`, `update_date`) VALUES
(1, 30, 2, 1, 45, 23.4, NULL, '2020-11-27 12:28:46', NULL),
(2, 30, 3, 2, 45, 23, NULL, '2020-11-27 12:28:46', NULL),
(4, 30, 8, 5, 34, 3, NULL, '2020-11-27 12:28:46', NULL),
(13, 30, 20, 3, 3, 2, NULL, '2020-11-27 12:28:46', NULL),
(15, 30, 18, 5, 5, 3, NULL, '2020-11-27 12:28:46', NULL),
(32, 30, 11, 7, 6, 5, NULL, '2020-11-28 02:16:34', NULL),
(42, 29, 19, 0, 0, 0, NULL, '2020-11-28 00:52:15', NULL),
(48, 30, 22, 0, 0, 0, NULL, '2020-11-28 02:37:28', NULL),
(51, 30, 22, 0, 0, 0, NULL, '2020-11-28 02:40:31', NULL),
(52, 30, 22, 0, 0, 0, NULL, '2020-11-28 02:40:35', NULL),
(54, 30, 21, 0, 0, 0, NULL, '2020-11-28 05:02:10', NULL),
(55, 30, 21, 0, 0, 0, NULL, '2020-11-28 05:02:18', NULL),
(56, 30, 21, 0, 0, 0, NULL, '2020-11-28 05:11:25', NULL),
(58, 29, 21, 0, 0, 0, NULL, '2020-11-28 05:44:33', NULL),
(59, 29, 20, 0, 0, 0, NULL, '2020-11-28 05:44:37', NULL),
(60, 29, 20, 0, 0, 0, NULL, '2020-11-28 05:44:42', NULL),
(61, 29, 19, 2, 3, 4, NULL, '2020-11-28 05:44:50', NULL),
(62, 29, 18, 3, 8, 8, NULL, '2020-11-28 05:45:00', NULL),
(63, 29, 5, 3, 0, 0, NULL, '2020-11-28 05:45:06', NULL),
(64, 29, 3, 3, 3, 4, NULL, '2020-11-28 05:45:14', NULL),
(65, 29, 20, 2, 2, 2, NULL, '2020-11-28 05:45:25', NULL),
(66, 29, 20, 3, 3, 8, NULL, '2020-11-30 03:31:37', NULL),
(69, 38, 5, 4, 5, 9, NULL, '2020-11-28 05:58:34', NULL),
(70, 38, 3, 4, 4, 8, NULL, '2020-11-28 05:58:44', NULL),
(71, 38, 5, 3, 4, 4, NULL, '2020-11-28 05:58:51', NULL),
(72, 38, 3, 5, 10, 10, NULL, '2020-11-28 05:58:59', NULL),
(73, 38, 5, 3, 5, 6, NULL, '2020-11-28 05:59:10', NULL),
(74, 30, 21, 0, 0, 0, NULL, '2020-11-28 06:14:09', NULL),
(80, 20, 23, 0, 0, 0, NULL, '2020-12-02 02:22:42', NULL),
(81, 38, 20, 1, 1, 2, NULL, '2020-11-28 14:19:37', NULL),
(82, 38, 19, 2, 3, 7, NULL, '2020-11-28 14:19:57', NULL),
(84, 39, 17, 3, 4, 8, NULL, '2020-11-28 14:21:13', NULL),
(85, 39, 5, 3, 5, 5, NULL, '2020-11-28 14:21:20', NULL),
(86, 39, 3, 2, 5, 8, NULL, '2020-11-28 14:21:26', NULL),
(88, 39, 21, 4, 8, 5, NULL, '2020-11-28 14:21:45', NULL),
(90, 39, 19, 4, 5, 9, NULL, '2020-11-28 14:21:59', NULL),
(91, 39, 21, 4, 5, 12, NULL, '2020-11-28 14:22:08', NULL),
(92, 39, 21, 4, 10, 9, NULL, '2020-11-28 14:22:15', NULL),
(110, 40, 23, 2, 3, 5, NULL, '2020-12-02 02:21:28', NULL),
(111, 29, 21, 1, 3, 3, NULL, '2020-11-30 03:31:23', NULL),
(112, 29, 21, 1, 3, 3, NULL, '2020-11-30 03:31:23', NULL),
(113, 29, 21, 2, 2, 2, NULL, '2020-11-30 03:31:43', NULL),
(115, 50, 21, 5, 5, 5, NULL, '2020-11-30 04:15:31', NULL),
(116, 50, 20, 3, 3, 4, NULL, '2020-11-30 04:15:38', NULL),
(117, 50, 20, 4, 7, 9, NULL, '2020-11-30 04:15:50', NULL),
(118, 50, 20, 5, 5, 11, NULL, '2020-11-30 04:16:01', NULL),
(119, 50, 20, 6, 6, 6, NULL, '2020-11-30 04:16:08', NULL),
(120, 50, 21, 3, 3, 5, NULL, '2020-11-30 04:16:14', NULL),
(121, 50, 21, 5, 5, 9, NULL, '2020-11-30 04:16:22', NULL),
(122, 50, 21, 3, 3, 5, NULL, '2020-11-30 04:16:30', NULL),
(123, 50, 21, 3, 3, 3, NULL, '2020-11-30 04:16:37', NULL),
(124, 50, 21, 4, 4, 4, NULL, '2020-11-30 04:16:43', NULL),
(125, 50, 20, 4, 4, 5, NULL, '2020-11-30 04:16:51', NULL),
(126, 51, 3, 4, 4, 5, NULL, '2020-12-01 15:07:03', NULL),
(127, 51, 3, 4, 4, 9, NULL, '2020-12-01 15:07:10', NULL),
(128, 51, 17, 4, 4, 8, NULL, '2020-12-01 15:07:16', NULL),
(129, 51, 16, 3, 3, 8, NULL, '2020-12-01 15:07:23', NULL),
(130, 51, 19, 4, 4, 8, NULL, '2020-12-01 15:07:31', NULL),
(131, 51, 22, 5, 5, 9, NULL, '2020-12-01 15:07:39', NULL),
(132, 51, 22, 5, 5, 9, NULL, '2020-12-01 15:07:47', NULL),
(133, 51, 22, 5, 5, 14, NULL, '2020-12-01 15:07:56', NULL),
(134, 51, 22, 5, 5, 15, NULL, '2020-12-01 15:08:04', NULL),
(135, 51, 22, 4, 4, 10, NULL, '2020-12-01 15:08:11', NULL),
(136, 51, 5, 5, 5, 10, NULL, '2020-12-01 15:08:17', NULL),
(137, 51, 5, 5, 5, 10, NULL, '2020-12-01 15:08:25', NULL),
(138, 51, 20, 5, 5, 5, NULL, '2020-12-01 15:08:32', NULL),
(139, 51, 18, 5, 5, 9, NULL, '2020-12-01 15:08:41', NULL),
(140, 51, 17, 3, 3, 6, NULL, '2020-12-01 15:08:51', NULL),
(152, 59, 23, 3, 3, 13, NULL, '2020-12-02 01:46:28', NULL),
(153, 46, 17, 5, 5, 10, NULL, '2020-12-01 20:20:04', NULL),
(155, 80, 17, 4, 4, 11, NULL, '2020-12-01 20:54:02', NULL),
(156, 80, 18, 4, 4, 9, NULL, '2020-12-01 20:54:07', NULL),
(157, 80, 2, 4, 4, 9, NULL, '2020-12-01 20:54:13', NULL),
(158, 80, 16, 5, 5, 10, NULL, '2020-12-01 20:54:19', NULL),
(159, 80, 5, 5, 5, 10, NULL, '2020-12-01 20:54:25', NULL),
(160, 80, 17, 4, 4, 10, NULL, '2020-12-01 20:54:30', NULL),
(161, 80, 19, 5, 5, 5, NULL, '2020-12-01 20:54:36', NULL),
(162, 80, 17, 4, 4, 9, NULL, '2020-12-01 20:54:42', NULL),
(163, 80, 18, 4, 4, 8, NULL, '2020-12-01 20:54:47', NULL),
(164, 80, 3, 2, 2, 4, NULL, '2020-12-02 19:14:10', NULL),
(165, 80, 11, 0, 0, 4, NULL, '2020-12-02 01:04:07', NULL),
(186, 20, 23, 2, 2, 4, NULL, '2020-12-01 23:13:13', NULL),
(195, 88, 11, 0, 0, 0, NULL, '2020-12-01 23:39:46', NULL),
(202, 87, 3, 0, 0, 0, NULL, '2020-12-02 00:00:35', NULL),
(203, 87, 18, 0, 0, 0, NULL, '2020-12-02 00:00:39', NULL),
(204, 87, 19, 0, 0, 0, NULL, '2020-12-02 00:00:43', NULL),
(212, 79, 3, 0, 0, 0, NULL, '2020-12-03 11:54:36', NULL),
(221, 84, 23, 0, 0, 0, NULL, '2020-12-02 01:37:39', NULL),
(224, 73, 11, 0, 0, 0, NULL, '2020-12-02 01:33:10', NULL),
(225, 73, 3, 0, 0, 0, NULL, '2020-12-02 01:33:13', NULL),
(226, 73, 18, 0, 0, 0, NULL, '2020-12-02 01:33:16', NULL),
(227, 73, 18, 0, 0, 0, NULL, '2020-12-03 11:39:40', NULL),
(228, 86, 23, 0, 0, 0, NULL, '2020-12-02 19:13:58', NULL),
(231, 89, 17, 0, 0, 0, NULL, '2020-12-02 04:07:47', NULL),
(232, 89, 3, 0, 0, 0, NULL, '2020-12-02 04:07:43', NULL),
(233, 89, 20, 0, 0, 0, NULL, '2020-12-02 04:07:52', NULL),
(234, 73, 11, 3, 5, 7, NULL, '2020-12-03 11:39:37', NULL),
(235, 73, 3, 3, 5, 8, NULL, '2020-12-03 11:39:46', NULL),
(236, 73, 17, 3, 5, 4, NULL, '2020-12-03 11:39:58', NULL),
(237, 73, 20, 4, 8, 7, NULL, '2020-12-03 11:40:04', NULL),
(238, 73, 3, 3, 5, 7, NULL, '2020-12-03 11:40:11', NULL),
(239, 73, 17, 4, 4, 4, NULL, '2020-12-03 11:40:22', NULL),
(240, 84, 11, 3, 4, 9, NULL, '2020-12-03 12:23:27', NULL),
(241, 84, 11, 4, 4, 14, NULL, '2020-12-03 12:37:39', NULL),
(242, 84, 20, 8, 8, 15, NULL, '2020-12-03 12:37:46', NULL),
(243, 84, 5, 4, 4, 15, NULL, '2020-12-03 12:37:52', NULL),
(244, 84, 11, 5, 5, 5, NULL, '2020-12-03 13:02:15', NULL),
(245, 84, 8, 4, 4, 9, NULL, '2020-12-03 13:02:21', NULL),
(246, 84, 16, 4, 4, 7, NULL, '2020-12-03 20:01:44', NULL),
(247, 86, 21, 3, 3, 9, NULL, '2020-12-03 13:03:49', NULL),
(248, 79, 3, 4, 4, 8, NULL, '2020-12-03 13:06:31', NULL),
(249, 20, 11, 4, 4, 11, NULL, '2020-12-03 13:22:37', NULL),
(250, 20, 11, 4, 4, 9, NULL, '2020-12-03 13:31:42', NULL),
(251, 20, 11, 6, 6, 11, NULL, '2020-12-03 13:37:33', NULL),
(252, 20, 11, 5, 5, 0, NULL, '2020-12-03 13:39:39', NULL),
(253, 20, 11, 4, 4, 0, NULL, '2020-12-03 13:44:10', NULL),
(254, 20, 2, 12, 12, 0, NULL, '2020-12-03 13:44:17', NULL),
(255, 20, 3, 6, 6, 11, NULL, '2020-12-03 13:49:48', NULL),
(256, 59, 3, 6, 6, 17, NULL, '2020-12-03 13:50:06', NULL),
(257, 20, 20, 5, 5, 9, NULL, '2020-12-03 13:51:52', NULL),
(258, 20, 5, 5, 5, 10, NULL, '2020-12-03 13:51:57', NULL),
(259, 20, 3, 4, 4, 8, NULL, '2020-12-03 14:31:23', NULL),
(260, 92, 11, 4, 4, 10, NULL, '2020-12-03 20:27:09', NULL),
(261, 92, 11, 5, 5, 11, NULL, '2020-12-03 20:27:16', NULL),
(262, 92, 11, 7, 7, 7, NULL, '2020-12-03 20:30:42', NULL),
(263, 92, 20, 6, 6, 14, NULL, '2020-12-03 20:30:51', NULL),
(264, 0, 20, 5, 5, 7, NULL, '2020-12-03 20:32:52', NULL),
(265, 0, 5, 5, 5, 14, NULL, '2020-12-03 20:32:58', NULL),
(266, 0, 20, 5, 5, 14, NULL, '2020-12-03 20:33:05', NULL),
(267, 95, 20, 5, 5, 14, NULL, '2020-12-03 20:33:10', NULL),
(268, 95, 5, 5, 5, 14, NULL, '2020-12-03 20:33:10', NULL),
(269, 95, 20, 5, 5, 7, NULL, '2020-12-03 20:33:10', NULL),
(270, 0, 11, 7, 7, 15, NULL, '2020-12-03 20:43:34', NULL),
(271, 96, 3, 5, 5, 10, NULL, '2020-12-03 21:03:45', NULL),
(272, 96, 11, 3, 3, 0, NULL, '2020-12-03 21:03:45', NULL),
(273, 97, 3, 2, 2, 4, NULL, '2020-12-04 04:23:26', NULL),
(274, 97, 11, 0, 0, 4, NULL, '2020-12-04 04:23:26', NULL),
(275, 97, 18, 4, 4, 8, NULL, '2020-12-04 04:23:26', NULL),
(276, 97, 17, 4, 4, 9, NULL, '2020-12-04 04:23:26', NULL),
(277, 97, 19, 5, 5, 5, NULL, '2020-12-04 04:23:26', NULL),
(278, 97, 17, 4, 4, 10, NULL, '2020-12-04 04:23:26', NULL),
(279, 97, 5, 5, 5, 10, NULL, '2020-12-04 04:23:26', NULL),
(280, 97, 16, 5, 5, 10, NULL, '2020-12-04 04:23:26', NULL),
(281, 97, 2, 4, 4, 9, NULL, '2020-12-04 04:23:26', NULL),
(282, 97, 18, 4, 4, 9, NULL, '2020-12-04 04:23:26', NULL),
(283, 97, 17, 4, 4, 11, NULL, '2020-12-04 04:23:26', NULL),
(285, 29, 21, 5, 5, 9, NULL, '2020-12-06 05:37:01', NULL),
(286, 29, 16, 4, 4, 9, NULL, '2020-12-06 05:37:07', NULL),
(287, 29, 17, 4, 4, 10, NULL, '2020-12-06 05:37:13', NULL),
(288, 29, 11, 5, 5, 9, NULL, '2020-12-06 05:37:20', NULL),
(289, 29, 19, 5, 5, 14, NULL, '2020-12-06 05:37:27', NULL),
(290, 29, 19, 3, 3, 6, NULL, '2020-12-06 05:37:34', NULL),
(291, 29, 2, 6, 6, 10, NULL, '2020-12-06 05:37:44', NULL),
(292, 29, 19, 5, 5, 10, NULL, '2020-12-06 05:37:51', NULL),
(293, 29, 21, 6, 6, 9, NULL, '2020-12-06 05:37:57', NULL),
(294, 29, 17, 6, 6, 9, NULL, '2020-12-06 05:38:04', NULL),
(295, 29, 20, 4, 4, 10, NULL, '2020-12-06 05:38:15', NULL),
(296, 106, 3, 2, 2, 4, NULL, '2020-12-06 05:56:16', NULL),
(297, 106, 18, 4, 4, 9, NULL, '2020-12-06 05:56:16', NULL),
(298, 106, 2, 4, 4, 9, NULL, '2020-12-06 05:56:16', NULL),
(299, 106, 16, 5, 5, 10, NULL, '2020-12-06 05:56:16', NULL),
(300, 106, 5, 5, 5, 10, NULL, '2020-12-06 05:56:16', NULL),
(301, 106, 17, 4, 4, 10, NULL, '2020-12-06 05:56:16', NULL),
(302, 106, 19, 5, 5, 5, NULL, '2020-12-06 05:56:16', NULL),
(303, 106, 17, 4, 4, 9, NULL, '2020-12-06 05:56:16', NULL),
(304, 106, 18, 4, 4, 8, NULL, '2020-12-06 05:56:16', NULL),
(305, 106, 11, 0, 0, 4, NULL, '2020-12-06 05:56:16', NULL),
(306, 106, 17, 4, 4, 11, NULL, '2020-12-06 05:56:16', NULL),
(307, 107, 3, 6, 6, 17, NULL, '2020-12-06 05:56:16', NULL),
(308, 107, 22, 3, 3, 13, NULL, '2020-12-10 02:31:17', NULL),
(310, 109, 20, 4, 4, 10, NULL, '2020-12-06 23:16:04', NULL),
(311, 109, 3, 6, 6, 17, NULL, '2020-12-06 23:16:04', NULL),
(312, 109, 22, 3, 3, 13, NULL, '2020-12-10 02:30:38', NULL),
(313, 110, 21, 6, 6, 17, NULL, '2020-12-06 23:21:30', NULL),
(314, 111, 2, 5, 5, 15, NULL, '2020-12-10 03:40:53', NULL),
(315, 112, 19, 0, 0, 0, NULL, '2020-12-07 12:53:24', NULL),
(316, 112, 17, 0, 0, 0, NULL, '2020-12-07 12:53:24', NULL),
(317, 112, 21, 6, 6, 0, NULL, '2020-12-07 12:53:24', NULL),
(318, 113, 2, 4, 4, 10, NULL, '2020-12-07 12:53:24', NULL),
(319, 113, 2, 4, 4, 11, NULL, '2020-12-07 12:53:24', NULL),
(320, 113, 3, 5, 5, 11, NULL, '2020-12-07 12:53:24', NULL),
(321, 113, 21, 3, 3, 9, NULL, '2020-12-07 12:53:24', NULL),
(322, 113, 23, 0, 0, 0, NULL, '2020-12-07 12:53:24', NULL),
(324, 117, 2, 4, 4, 10, NULL, '2020-12-11 22:54:47', NULL),
(325, 117, 2, 4, 4, 11, NULL, '2020-12-11 22:54:47', NULL),
(326, 117, 3, 5, 5, 11, NULL, '2020-12-11 22:54:47', NULL),
(327, 117, 21, 3, 3, 9, NULL, '2020-12-11 22:54:47', NULL),
(328, 117, 23, 0, 0, 0, NULL, '2020-12-11 22:54:47', NULL),
(329, 118, 17, 5, 5, 10, NULL, '2020-12-12 00:19:18', NULL),
(330, 121, 20, 4, 4, 5, NULL, '2020-12-14 00:22:17', NULL),
(331, 121, 21, 4, 4, 4, NULL, '2020-12-14 00:22:17', NULL),
(332, 121, 21, 3, 3, 3, NULL, '2020-12-14 00:22:17', NULL),
(333, 121, 21, 3, 3, 5, NULL, '2020-12-14 00:22:17', NULL),
(334, 121, 21, 5, 5, 9, NULL, '2020-12-14 00:22:17', NULL),
(335, 121, 21, 3, 3, 5, NULL, '2020-12-14 00:22:17', NULL),
(336, 121, 20, 6, 6, 6, NULL, '2020-12-14 00:22:17', NULL),
(337, 121, 20, 5, 5, 11, NULL, '2020-12-14 00:22:17', NULL),
(338, 121, 20, 4, 7, 9, NULL, '2020-12-14 00:22:17', NULL),
(339, 121, 20, 3, 3, 4, NULL, '2020-12-14 00:22:17', NULL),
(340, 121, 21, 5, 5, 5, NULL, '2020-12-14 00:22:17', NULL),
(341, 122, 22, 5, 5, 11, NULL, '2020-12-29 15:57:52', NULL),
(342, 123, 22, 0, 0, 0, NULL, '2020-12-29 16:24:48', NULL),
(343, 124, 21, 0, 0, 0, NULL, '2020-12-29 16:28:40', NULL),
(344, 125, 22, 0, 0, 0, NULL, '2020-12-30 04:24:36', NULL),
(345, 126, 11, 11, 11, 21, NULL, '2020-12-30 09:00:19', NULL),
(346, 126, 19, 11, 11, 18, NULL, '2020-12-30 09:00:19', NULL),
(347, 126, 19, 5, 5, 16, NULL, '2020-12-30 09:00:19', NULL),
(348, 126, 19, 6, 6, 11, NULL, '2020-12-30 09:00:19', NULL),
(349, 126, 2, 6, 6, 10, NULL, '2020-12-30 09:00:19', NULL),
(350, 126, 18, 5, 5, 10, NULL, '2020-12-30 09:00:19', NULL),
(351, 127, 21, 6, 6, 0, NULL, '2020-12-30 09:14:56', NULL),
(352, 128, 3, 2, 2, 4, NULL, '2020-12-30 09:27:09', NULL),
(353, 128, 11, 0, 0, 4, NULL, '2020-12-30 09:27:09', NULL),
(354, 128, 18, 4, 4, 8, NULL, '2020-12-30 09:27:09', NULL),
(355, 128, 17, 4, 4, 9, NULL, '2020-12-30 09:27:09', NULL),
(356, 128, 19, 5, 5, 5, NULL, '2020-12-30 09:27:09', NULL),
(357, 128, 17, 4, 4, 10, NULL, '2020-12-30 09:27:09', NULL),
(358, 128, 5, 5, 5, 10, NULL, '2020-12-30 09:27:09', NULL),
(359, 128, 16, 5, 5, 10, NULL, '2020-12-30 09:27:09', NULL),
(360, 128, 2, 4, 4, 9, NULL, '2020-12-30 09:27:09', NULL),
(361, 128, 18, 4, 4, 9, NULL, '2020-12-30 09:27:09', NULL),
(362, 128, 17, 4, 4, 11, NULL, '2020-12-30 09:27:09', NULL),
(363, 129, 24, 6, 6, 16, NULL, '2020-12-30 09:27:09', NULL),
(364, 129, 21, 6, 6, 16, NULL, '2020-12-30 09:27:09', NULL),
(365, 129, 2, 6, 6, 17, NULL, '2020-12-30 09:27:09', NULL),
(366, 129, 19, 6, 6, 11, NULL, '2020-12-30 09:27:09', NULL),
(367, 129, 16, 7, 7, 12, NULL, '2020-12-30 09:27:09', NULL),
(368, 130, 21, 0, 0, 0, NULL, '2020-12-30 12:00:43', NULL),
(369, 131, 17, 3, 3, 6, NULL, '2020-12-30 16:42:56', NULL),
(370, 131, 18, 5, 5, 9, NULL, '2020-12-30 16:42:56', NULL),
(371, 131, 20, 5, 5, 5, NULL, '2020-12-30 16:42:56', NULL),
(372, 131, 5, 5, 5, 10, NULL, '2020-12-30 16:42:56', NULL),
(373, 131, 5, 5, 5, 10, NULL, '2020-12-30 16:42:56', NULL),
(374, 131, 22, 4, 4, 10, NULL, '2020-12-30 16:42:56', NULL),
(375, 131, 22, 5, 5, 15, NULL, '2020-12-30 16:42:56', NULL),
(376, 131, 22, 5, 5, 14, NULL, '2020-12-30 16:42:56', NULL),
(377, 131, 22, 5, 5, 9, NULL, '2020-12-30 16:42:56', NULL),
(378, 131, 22, 5, 5, 9, NULL, '2020-12-30 16:42:56', NULL),
(379, 131, 19, 4, 4, 8, NULL, '2020-12-30 16:42:56', NULL),
(380, 131, 16, 3, 3, 8, NULL, '2020-12-30 16:42:56', NULL),
(381, 131, 17, 4, 4, 8, NULL, '2020-12-30 16:42:56', NULL),
(382, 131, 3, 4, 4, 9, NULL, '2020-12-30 16:42:56', NULL),
(383, 131, 3, 4, 4, 5, NULL, '2020-12-30 16:42:56', NULL),
(384, 132, 21, 6, 6, 0, NULL, '2020-12-30 16:54:04', NULL),
(385, 133, 24, 6, 6, 16, NULL, '2020-12-30 17:01:21', NULL),
(386, 133, 21, 6, 6, 16, NULL, '2020-12-30 17:01:21', NULL),
(387, 133, 2, 6, 6, 17, NULL, '2020-12-30 17:01:21', NULL),
(388, 133, 19, 6, 6, 11, NULL, '2020-12-30 17:01:21', NULL),
(389, 133, 16, 7, 7, 12, NULL, '2020-12-30 17:01:21', NULL),
(390, 134, 17, 5, 5, 10, NULL, '2020-12-30 20:39:38', NULL),
(391, 135, 19, 6, 6, 17, NULL, '2020-12-30 20:39:38', NULL),
(392, 135, 2, 5, 5, 15, NULL, '2020-12-30 20:39:38', NULL),
(394, 136, 5, 6, 6, 12, NULL, '2021-01-04 20:15:42', NULL),
(398, 136, 22, 1, 4, 0, NULL, '2021-01-04 20:24:38', NULL),
(399, 136, 22, 9, 15, 0, NULL, '2021-01-04 20:26:04', NULL),
(400, 136, 22, 17, 21, 0, NULL, '2021-01-04 20:26:31', NULL),
(401, 136, 22, 6, 8, 2, NULL, '2021-01-04 20:31:29', NULL);

-- --------------------------------------------------------

--
-- Δομή πίνακα για τον πίνακα `schedule_package_offer`
--

CREATE TABLE `schedule_package_offer` (
  `id` bigint(200) NOT NULL,
  `measure_unit_id` bigint(200) DEFAULT NULL,
  `offer_id` bigint(200) DEFAULT NULL,
  `from_unit` int(11) DEFAULT NULL,
  `to_unit` int(11) DEFAULT NULL,
  `unit_price` double DEFAULT NULL,
  `comments` varchar(255) DEFAULT NULL,
  `creation_date` datetime DEFAULT NULL,
  `update_date` datetime DEFAULT NULL,
  `offer_schedule_id` bigint(200) DEFAULT NULL
) ENGINE=InnoDB DEFAULT CHARSET=utf8mb4;

--
-- Άδειασμα δεδομένων του πίνακα `schedule_package_offer`
--

INSERT INTO `schedule_package_offer` (`id`, `measure_unit_id`, `offer_id`, `from_unit`, `to_unit`, `unit_price`, `comments`, `creation_date`, `update_date`, `offer_schedule_id`) VALUES
(351, 23, 49, 2, 2, 4, '-', '2020-12-03 19:51:26', NULL, 43),
(352, 17, 49, 3, 3, 6, '-', '2020-12-03 19:51:26', NULL, 44),
(353, 18, 49, 5, 5, 9, '-', '2020-12-03 19:51:26', NULL, 44),
(354, 20, 49, 5, 5, 5, '-', '2020-12-03 19:51:26', NULL, 44),
(355, 5, 49, 5, 5, 10, '-', '2020-12-03 19:51:26', NULL, 44),
(356, 5, 49, 5, 5, 10, '-', '2020-12-03 19:51:26', NULL, 44),
(357, 22, 49, 4, 4, 10, '', '2020-12-03 19:51:26', NULL, 44),
(358, 22, 49, 5, 5, 15, '', '2020-12-03 19:51:26', NULL, 44),
(359, 22, 49, 5, 5, 14, '', '2020-12-03 19:51:26', NULL, 44),
(360, 22, 49, 5, 5, 9, '', '2020-12-03 19:51:26', NULL, 44),
(361, 22, 49, 5, 5, 9, '', '2020-12-03 19:51:26', NULL, 44),
(362, 19, 49, 4, 4, 8, '--', '2020-12-03 19:51:26', NULL, 44),
(363, 16, 49, 3, 3, 8, '--', '2020-12-03 19:51:26', NULL, 44),
(364, 17, 49, 4, 4, 8, '-', '2020-12-03 19:51:26', NULL, 44),
(365, 3, 49, 4, 4, 9, 'νο κομμεντσ', '2020-12-03 19:51:26', NULL, 44),
(366, 3, 49, 4, 4, 5, 'νο κομμεντσ', '2020-12-03 19:51:26', NULL, 44),
(400, 16, 51, 4, 4, 7, '--', '2020-12-03 19:56:50', NULL, 48),
(401, 8, 51, 4, 4, 9, '-', '2020-12-03 19:56:50', NULL, 48),
(402, 11, 51, 5, 5, 5, '-', '2020-12-03 19:56:50', NULL, 48),
(403, 5, 51, 4, 4, 15, '-', '2020-12-03 19:56:50', NULL, 48),
(404, 20, 51, 8, 8, 15, '-', '2020-12-03 19:56:50', NULL, 48),
(405, 11, 51, 4, 4, 14, '-', '2020-12-03 19:56:50', NULL, 48),
(406, 11, 51, 3, 4, 9, '-', '2020-12-03 19:56:50', NULL, 48),
(407, 23, 51, 0, 0, 0, '-', '2020-12-03 19:56:50', NULL, 48),
(437, 20, 57, 6, 6, 14, '-', '2020-12-03 20:30:52', NULL, 56),
(438, 11, 57, 7, 7, 7, '-', '2020-12-03 20:30:52', NULL, 56),
(2022, 11, 56, 5, 5, 16, '-', '2020-12-04 04:17:33', NULL, 608),
(2023, 3, 56, 6, 6, 17, 'νο κομμεντσ', '2020-12-04 04:17:33', NULL, 609),
(2024, 23, 56, 3, 3, 13, '-', '2020-12-04 04:17:33', NULL, 609),
(2025, 21, 56, 3, 3, 9, '', '2020-12-04 04:17:33', NULL, 610),
(2026, 23, 56, 0, 0, 0, '-', '2020-12-04 04:17:33', NULL, 610),
(2027, 3, 56, 4, 4, 14, 'νο κομμεντσ', '2020-12-04 04:17:33', NULL, 612),
(2028, 21, 56, 0, 0, 0, '', '2020-12-04 04:17:33', NULL, 613),
(2029, 21, 56, 0, 0, 0, '', '2020-12-04 04:17:33', NULL, 613),
(2030, 21, 56, 0, 0, 0, '', '2020-12-04 04:17:33', NULL, 613),
(2031, 21, 56, 0, 0, 0, '', '2020-12-04 04:17:33', NULL, 613),
(2032, 22, 56, 0, 0, 0, '', '2020-12-04 04:17:33', NULL, 613),
(2033, 22, 56, 0, 0, 0, '', '2020-12-04 04:17:33', NULL, 613),
(2034, 11, 56, 7, 6, 5, '-', '2020-12-04 04:17:33', NULL, 613),
(2035, 18, 56, 5, 5, 3, '-', '2020-12-04 04:17:33', NULL, 613),
(2036, 20, 56, 3, 3, 2, '-', '2020-12-04 04:17:33', NULL, 613),
(2037, 8, 56, 5, 34, 3, '-', '2020-12-04 04:17:33', NULL, 613),
(2038, 3, 56, 2, 45, 23, 'νο κομμεντσ', '2020-12-04 04:17:33', NULL, 613),
(2039, 2, 56, 1, 45, 23.4, 'νο κομμεντσ', '2020-12-04 04:17:33', NULL, 613),
(2040, 5, 56, 4, 5, 9, '-', '2020-12-04 04:17:33', NULL, 614),
(2041, 3, 59, 0, 0, 0, 'νο κομμεντσ', '2020-12-04 04:17:47', NULL, 615),
(2042, 20, 59, 0, 0, 0, '-', '2020-12-04 04:17:47', NULL, 616),
(2051, 16, 52, 4, 4, 7, '--', '2020-12-04 04:18:42', NULL, 622),
(2052, 8, 52, 4, 4, 9, '-', '2020-12-04 04:18:42', NULL, 622),
(2053, 11, 52, 5, 5, 5, '-', '2020-12-04 04:18:42', NULL, 622),
(2054, 5, 52, 4, 4, 15, '-', '2020-12-04 04:18:42', NULL, 622),
(2055, 20, 52, 8, 8, 15, '-', '2020-12-04 04:18:42', NULL, 622),
(2056, 11, 52, 4, 4, 14, '-', '2020-12-04 04:18:42', NULL, 622),
(2057, 11, 52, 3, 4, 9, '-', '2020-12-04 04:18:42', NULL, 622),
(2058, 23, 52, 0, 0, 0, '-', '2020-12-04 04:18:42', NULL, 622),
(2415, 3, 61, 2, 2, 4, 'νο κομμεντσ', '2020-12-06 05:56:31', NULL, 659),
(2416, 18, 61, 4, 4, 9, '-', '2020-12-06 05:56:31', NULL, 659),
(2417, 2, 61, 4, 4, 9, 'νο κομμεντσ', '2020-12-06 05:56:31', NULL, 659),
(2418, 16, 61, 5, 5, 10, '--', '2020-12-06 05:56:31', NULL, 659),
(2419, 5, 61, 5, 5, 10, '-', '2020-12-06 05:56:31', NULL, 659),
(2420, 17, 61, 4, 4, 10, '-', '2020-12-06 05:56:31', NULL, 659),
(2421, 19, 61, 5, 5, 5, '--', '2020-12-06 05:56:31', NULL, 659),
(2422, 17, 61, 4, 4, 9, '-', '2020-12-06 05:56:31', NULL, 659),
(2423, 18, 61, 4, 4, 8, '-', '2020-12-06 05:56:31', NULL, 659),
(2424, 11, 61, 0, 0, 4, '-', '2020-12-06 05:56:31', NULL, 659),
(2425, 17, 61, 4, 4, 11, '-', '2020-12-06 05:56:31', NULL, 659),
(2426, 3, 61, 6, 6, 17, 'νο κομμεντσ', '2020-12-06 05:56:31', NULL, 660),
(2427, 23, 61, 3, 3, 13, '-', '2020-12-06 05:56:31', NULL, 660),
(5123, 2, 65, 4, 4, 10, 'νο κομμεντσ', '2020-12-11 22:55:07', NULL, 1841),
(5124, 2, 65, 4, 4, 11, 'νο κομμεντσ', '2020-12-11 22:55:07', NULL, 1841),
(5125, 3, 65, 5, 5, 11, 'νο κομμεντσ', '2020-12-11 22:55:07', NULL, 1841),
(5126, 21, 65, 3, 3, 9, '', '2020-12-11 22:55:07', NULL, 1841),
(5127, 23, 65, 0, 0, 0, '-', '2020-12-11 22:55:07', NULL, 1841),
(5206, 17, 66, 5, 5, 10, '-', '2020-12-12 00:19:18', NULL, 1872),
(5456, 22, 73, 3, 3, 13, '', '2020-12-30 09:00:37', NULL, 1983),
(5457, 20, 73, 4, 4, 10, '-', '2020-12-30 09:00:37', NULL, 1983),
(5458, 3, 73, 6, 6, 17, 'νο κομμεντσ', '2020-12-30 09:00:37', NULL, 1983),
(5459, 11, 73, 11, 11, 21, '-', '2020-12-30 09:00:37', NULL, 1984),
(5460, 19, 73, 11, 11, 18, '--', '2020-12-30 09:00:37', NULL, 1984),
(5461, 19, 73, 5, 5, 16, '--', '2020-12-30 09:00:37', NULL, 1984),
(5462, 19, 73, 6, 6, 11, '--', '2020-12-30 09:00:37', NULL, 1984),
(5463, 2, 73, 6, 6, 10, 'νο κομμεντσ', '2020-12-30 09:00:37', NULL, 1984),
(5464, 18, 73, 5, 5, 10, '-', '2020-12-30 09:00:37', NULL, 1984),
(5466, 21, 74, 6, 6, 0, '', '2020-12-30 09:15:05', NULL, 1986),
(5629, 3, 75, 2, 2, 4, 'νο κομμεντσ', '2020-12-30 11:47:17', NULL, 2009),
(5630, 11, 75, 0, 0, 4, '-', '2020-12-30 11:47:17', NULL, 2009),
(5631, 18, 75, 4, 4, 8, '-', '2020-12-30 11:47:17', NULL, 2009),
(5632, 17, 75, 4, 4, 9, '-', '2020-12-30 11:47:17', NULL, 2009),
(5633, 19, 75, 5, 5, 5, '--', '2020-12-30 11:47:17', NULL, 2009),
(5634, 17, 75, 4, 4, 10, '-', '2020-12-30 11:47:17', NULL, 2009),
(5635, 5, 75, 5, 5, 10, '-', '2020-12-30 11:47:17', NULL, 2009),
(5636, 16, 75, 5, 5, 10, '--', '2020-12-30 11:47:17', NULL, 2009),
(5637, 2, 75, 4, 4, 9, 'νο κομμεντσ', '2020-12-30 11:47:17', NULL, 2009),
(5638, 18, 75, 4, 4, 9, '-', '2020-12-30 11:47:17', NULL, 2009),
(5639, 17, 75, 4, 4, 11, '-', '2020-12-30 11:47:17', NULL, 2009),
(5640, 24, 75, 6, 6, 16, '', '2020-12-30 11:47:17', NULL, 2010),
(5641, 21, 75, 6, 6, 16, '', '2020-12-30 11:47:17', NULL, 2010),
(5642, 2, 75, 6, 6, 17, 'νο κομμεντσ', '2020-12-30 11:47:17', NULL, 2010),
(5643, 19, 75, 6, 6, 11, '--', '2020-12-30 11:47:17', NULL, 2010),
(5644, 16, 75, 7, 7, 12, '--', '2020-12-30 11:47:17', NULL, 2010),
(5645, 21, 75, 0, 0, 0, '', '2020-12-30 11:47:17', NULL, 2011),
(5646, 3, 76, 2, 2, 4, 'νο κομμεντσ', '2020-12-30 12:00:43', NULL, 2012),
(5647, 11, 76, 0, 0, 4, '-', '2020-12-30 12:00:43', NULL, 2012),
(5648, 18, 76, 4, 4, 8, '-', '2020-12-30 12:00:43', NULL, 2012),
(5649, 17, 76, 4, 4, 9, '-', '2020-12-30 12:00:43', NULL, 2012),
(5650, 19, 76, 5, 5, 5, '--', '2020-12-30 12:00:43', NULL, 2012),
(5651, 17, 76, 4, 4, 10, '-', '2020-12-30 12:00:43', NULL, 2012),
(5652, 5, 76, 5, 5, 10, '-', '2020-12-30 12:00:43', NULL, 2012),
(5653, 16, 76, 5, 5, 10, '--', '2020-12-30 12:00:43', NULL, 2012),
(5654, 2, 76, 4, 4, 9, 'νο κομμεντσ', '2020-12-30 12:00:43', NULL, 2012),
(5655, 18, 76, 4, 4, 9, '-', '2020-12-30 12:00:43', NULL, 2012),
(5656, 17, 76, 4, 4, 11, '-', '2020-12-30 12:00:43', NULL, 2012),
(5657, 24, 76, 6, 6, 16, '', '2020-12-30 12:00:43', NULL, 2013),
(5658, 21, 76, 6, 6, 16, '', '2020-12-30 12:00:43', NULL, 2013),
(5659, 2, 76, 6, 6, 17, 'νο κομμεντσ', '2020-12-30 12:00:43', NULL, 2013),
(5660, 19, 76, 6, 6, 11, '--', '2020-12-30 12:00:43', NULL, 2013),
(5661, 16, 76, 7, 7, 12, '--', '2020-12-30 12:00:43', NULL, 2013),
(5662, 21, 76, 0, 0, 0, '', '2020-12-30 12:00:43', NULL, 2014),
(5918, 3, 77, 2, 2, 4, 'νο κομμεντσ', '2020-12-30 16:01:06', NULL, 2060),
(5919, 11, 77, 0, 0, 4, '-', '2020-12-30 16:01:06', NULL, 2060),
(5920, 18, 77, 4, 4, 8, '-', '2020-12-30 16:01:06', NULL, 2060),
(5921, 17, 77, 4, 4, 9, '-', '2020-12-30 16:01:06', NULL, 2060),
(5922, 19, 77, 5, 5, 5, '--', '2020-12-30 16:01:06', NULL, 2060),
(5923, 17, 77, 4, 4, 10, '-', '2020-12-30 16:01:06', NULL, 2060),
(5924, 5, 77, 5, 5, 10, '-', '2020-12-30 16:01:06', NULL, 2060),
(5925, 16, 77, 5, 5, 10, '--', '2020-12-30 16:01:06', NULL, 2060),
(5926, 2, 77, 4, 4, 9, 'νο κομμεντσ', '2020-12-30 16:01:06', NULL, 2060),
(5927, 18, 77, 4, 4, 9, '-', '2020-12-30 16:01:06', NULL, 2060),
(5928, 17, 77, 4, 4, 11, '-', '2020-12-30 16:01:06', NULL, 2060),
(5929, 24, 77, 6, 6, 16, '', '2020-12-30 16:01:06', NULL, 2061),
(5930, 21, 77, 6, 6, 16, '', '2020-12-30 16:01:06', NULL, 2061),
(5931, 2, 77, 6, 6, 17, 'νο κομμεντσ', '2020-12-30 16:01:06', NULL, 2061),
(5932, 19, 77, 6, 6, 11, '--', '2020-12-30 16:01:06', NULL, 2061),
(5933, 16, 77, 7, 7, 12, '--', '2020-12-30 16:01:06', NULL, 2061),
(5934, 21, 77, 0, 0, 0, '', '2020-12-30 16:01:06', NULL, 2062),
(5935, 3, 78, 2, 2, 4, 'νο κομμεντσ', '2020-12-30 16:40:36', NULL, 2063),
(5936, 11, 78, 0, 0, 4, '-', '2020-12-30 16:40:36', NULL, 2063),
(5937, 18, 78, 4, 4, 8, '-', '2020-12-30 16:40:36', NULL, 2063),
(5938, 17, 78, 4, 4, 9, '-', '2020-12-30 16:40:36', NULL, 2063),
(5939, 19, 78, 5, 5, 5, '--', '2020-12-30 16:40:36', NULL, 2063),
(5940, 17, 78, 4, 4, 10, '-', '2020-12-30 16:40:36', NULL, 2063),
(5941, 5, 78, 5, 5, 10, '-', '2020-12-30 16:40:36', NULL, 2063),
(5942, 16, 78, 5, 5, 10, '--', '2020-12-30 16:40:36', NULL, 2063),
(5943, 2, 78, 4, 4, 9, 'νο κομμεντσ', '2020-12-30 16:40:36', NULL, 2063),
(5944, 18, 78, 4, 4, 9, '-', '2020-12-30 16:40:36', NULL, 2063),
(5945, 17, 78, 4, 4, 11, '-', '2020-12-30 16:40:36', NULL, 2063),
(5946, 24, 78, 6, 6, 16, '', '2020-12-30 16:40:36', NULL, 2064),
(5947, 21, 78, 6, 6, 16, '', '2020-12-30 16:40:36', NULL, 2064),
(5948, 2, 78, 6, 6, 17, 'νο κομμεντσ', '2020-12-30 16:40:36', NULL, 2064),
(5949, 19, 78, 6, 6, 11, '--', '2020-12-30 16:40:36', NULL, 2064),
(5950, 16, 78, 7, 7, 12, '--', '2020-12-30 16:40:36', NULL, 2064),
(5951, 21, 78, 0, 0, 0, '', '2020-12-30 16:40:36', NULL, 2065),
(5982, 17, 79, 3, 3, 6, '-', '2020-12-30 16:53:22', NULL, 2068),
(5983, 18, 79, 5, 5, 9, '-', '2020-12-30 16:53:22', NULL, 2068),
(5984, 20, 79, 5, 5, 5, '-', '2020-12-30 16:53:22', NULL, 2068),
(5985, 5, 79, 5, 5, 10, '-', '2020-12-30 16:53:22', NULL, 2068),
(5986, 5, 79, 5, 5, 10, '-', '2020-12-30 16:53:22', NULL, 2068),
(5987, 22, 79, 4, 4, 10, '', '2020-12-30 16:53:22', NULL, 2068),
(5988, 22, 79, 5, 5, 15, '', '2020-12-30 16:53:22', NULL, 2068),
(5989, 22, 79, 5, 5, 14, '', '2020-12-30 16:53:22', NULL, 2068),
(5990, 22, 79, 5, 5, 9, '', '2020-12-30 16:53:22', NULL, 2068),
(5991, 22, 79, 5, 5, 9, '', '2020-12-30 16:53:22', NULL, 2068),
(5992, 19, 79, 4, 4, 8, '--', '2020-12-30 16:53:22', NULL, 2068),
(5993, 16, 79, 3, 3, 8, '--', '2020-12-30 16:53:22', NULL, 2068),
(5994, 17, 79, 4, 4, 8, '-', '2020-12-30 16:53:22', NULL, 2068),
(5995, 3, 79, 4, 4, 9, 'νο κομμεντσ', '2020-12-30 16:53:22', NULL, 2068),
(5996, 3, 79, 4, 4, 5, 'νο κομμεντσ', '2020-12-30 16:53:22', NULL, 2068),
(5999, 21, 80, 6, 6, 0, '', '2020-12-30 16:55:16', NULL, 2071),
(6040, 24, 82, 6, 6, 16, '', '2020-12-30 19:44:15', NULL, 2080),
(6041, 21, 82, 6, 6, 16, '', '2020-12-30 19:44:15', NULL, 2080),
(6042, 2, 82, 6, 6, 17, 'νο κομμεντσ', '2020-12-30 19:44:15', NULL, 2080),
(6043, 19, 82, 6, 6, 11, '--', '2020-12-30 19:44:15', NULL, 2080),
(6044, 16, 82, 7, 7, 12, '--', '2020-12-30 19:44:15', NULL, 2080),
(6050, 21, 81, 6, 6, 0, '', '2020-12-30 20:33:12', NULL, 2083),
(6051, 19, 81, 5, 5, 23, '--', '2020-12-30 20:33:12', NULL, 2084),
(6052, 2, 81, 12, 12, 16, 'νο κομμεντσ', '2020-12-30 20:33:12', NULL, 2084),
(6053, 19, 81, 8, 8, 16, '--', '2020-12-30 20:33:12', NULL, 2084),
(6054, 16, 81, 4, 4, 10, '--', '2020-12-30 20:33:12', NULL, 2084),
(6079, 21, 84, 6, 6, 0, '', '2020-12-30 20:53:29', NULL, 2103),
(6080, 17, 84, 5, 5, 10, '-', '2020-12-30 20:53:29', NULL, 2104),
(6081, 19, 84, 6, 6, 17, '--', '2020-12-30 20:53:29', NULL, 2105),
(6082, 2, 84, 5, 5, 15, 'νο κομμεντσ', '2020-12-30 20:53:29', NULL, 2105),
(6083, 21, 85, 6, 6, 0, '', '2020-12-30 22:23:30', NULL, 2106),
(6084, 17, 85, 5, 5, 10, '-', '2020-12-30 22:23:30', NULL, 2107),
(6085, 19, 85, 6, 6, 17, '--', '2020-12-30 22:23:30', NULL, 2108),
(6086, 2, 85, 5, 5, 15, 'νο κομμεντσ', '2020-12-30 22:23:30', NULL, 2108),
(6087, 21, 86, 6, 6, 0, '', '2020-12-30 22:23:39', NULL, 2109),
(6088, 17, 86, 5, 5, 10, '-', '2020-12-30 22:23:39', NULL, 2110),
(6089, 19, 86, 6, 6, 17, '--', '2020-12-30 22:23:39', NULL, 2111),
(6090, 2, 86, 5, 5, 15, 'νο κομμεντσ', '2020-12-30 22:23:39', NULL, 2111),
(6091, 21, 87, 6, 6, 0, '', '2020-12-30 22:26:31', NULL, 2112),
(6092, 17, 87, 5, 5, 10, '-', '2020-12-30 22:26:31', NULL, 2113),
(6093, 19, 87, 6, 6, 17, '--', '2020-12-30 22:26:31', NULL, 2114),
(6094, 2, 87, 5, 5, 15, 'νο κομμεντσ', '2020-12-30 22:26:31', NULL, 2114),
(6095, 21, 88, 6, 6, 0, '', '2020-12-30 22:28:12', NULL, 2115),
(6096, 17, 88, 5, 5, 10, '-', '2020-12-30 22:28:12', NULL, 2116),
(6097, 19, 88, 6, 6, 17, '--', '2020-12-30 22:28:12', NULL, 2117),
(6098, 2, 88, 5, 5, 15, 'νο κομμεντσ', '2020-12-30 22:28:12', NULL, 2117),
(6099, 21, 89, 6, 6, 0, '', '2020-12-30 22:28:21', NULL, 2118),
(6100, 17, 89, 5, 5, 10, '-', '2020-12-30 22:28:21', NULL, 2119),
(6101, 19, 89, 6, 6, 17, '--', '2020-12-30 22:28:21', NULL, 2120),
(6102, 2, 89, 5, 5, 15, 'νο κομμεντσ', '2020-12-30 22:28:21', NULL, 2120),
(6107, 21, 90, 6, 6, 0, '', '2020-12-30 22:32:12', NULL, 2124),
(6108, 17, 90, 5, 5, 10, '-', '2020-12-30 22:32:12', NULL, 2125),
(6109, 19, 90, 6, 6, 17, '--', '2020-12-30 22:32:12', NULL, 2126),
(6110, 2, 90, 5, 5, 15, 'νο κομμεντσ', '2020-12-30 22:32:12', NULL, 2126),
(6119, 21, 91, 6, 6, 0, '', '2020-12-30 22:52:32', NULL, 2133),
(6120, 17, 91, 5, 5, 10, '-', '2020-12-30 22:52:32', NULL, 2134),
(6121, 19, 91, 6, 6, 17, '--', '2020-12-30 22:52:32', NULL, 2135),
(6122, 2, 91, 5, 5, 15, 'νο κομμεντσ', '2020-12-30 22:52:32', NULL, 2135),
(6142, 20, 70, 4, 4, 10, '-', '2020-12-30 23:04:23', NULL, 2147),
(6143, 3, 70, 6, 6, 17, 'νο κομμεντσ', '2020-12-30 23:04:23', NULL, 2147),
(6144, 23, 70, 3, 3, 13, '-', '2020-12-30 23:04:23', NULL, 2147),
(6145, 5, 70, 5, 5, 11, '-', '2020-12-30 23:04:23', NULL, 2148),
(6146, 2, 70, 9, 9, 16, 'νο κομμεντσ', '2020-12-30 23:04:23', NULL, 2148),
(6147, 21, 70, 5, 5, 10, '', '2020-12-30 23:04:23', NULL, 2148),
(6148, 22, 70, 0, 0, 0, '', '2020-12-30 23:04:23', NULL, 2148),
(6149, 21, 92, 6, 6, 0, '', '2020-12-30 23:15:59', NULL, 2149),
(6150, 17, 92, 5, 5, 10, '-', '2020-12-30 23:15:59', NULL, 2150),
(6151, 19, 92, 6, 6, 17, '--', '2020-12-30 23:15:59', NULL, 2151),
(6152, 2, 92, 5, 5, 15, 'νο κομμεντσ', '2020-12-30 23:16:00', NULL, 2151),
(6153, 24, 71, 0, 0, 0, '', '2020-12-30 23:18:13', NULL, 2152),
(6154, 21, 71, 0, 0, 0, '', '2020-12-30 23:18:13', NULL, 2153),
(6155, 21, 71, 0, 0, 0, '', '2020-12-30 23:18:13', NULL, 2154),
(6156, 3, 71, 4, 4, 9, 'νο κομμεντσ', '2020-12-30 23:18:13', NULL, 2155),
(6157, 21, 71, 0, 0, 0, '', '2020-12-30 23:18:13', NULL, 2156),
(6174, 2, 68, 4, 4, 10, 'νο κομμεντσ', '2020-12-30 23:20:02', NULL, 2159),
(6175, 2, 68, 4, 4, 11, 'νο κομμεντσ', '2020-12-30 23:20:02', NULL, 2159),
(6176, 3, 68, 5, 5, 11, 'νο κομμεντσ', '2020-12-30 23:20:02', NULL, 2159),
(6177, 21, 68, 3, 3, 9, '', '2020-12-30 23:20:02', NULL, 2159),
(6178, 23, 68, 0, 0, 0, '-', '2020-12-30 23:20:02', NULL, 2159),
(6179, 20, 68, 4, 4, 5, '-', '2020-12-30 23:20:02', NULL, 2160),
(6180, 21, 68, 4, 4, 4, '', '2020-12-30 23:20:02', NULL, 2160),
(6181, 21, 68, 3, 3, 3, '', '2020-12-30 23:20:02', NULL, 2160),
(6182, 21, 68, 3, 3, 5, '', '2020-12-30 23:20:02', NULL, 2160),
(6183, 21, 68, 5, 5, 9, '', '2020-12-30 23:20:02', NULL, 2160),
(6184, 21, 68, 3, 3, 5, '', '2020-12-30 23:20:02', NULL, 2160),
(6185, 20, 68, 6, 6, 6, '-', '2020-12-30 23:20:02', NULL, 2160),
(6186, 20, 68, 5, 5, 11, '-', '2020-12-30 23:20:02', NULL, 2160),
(6187, 20, 68, 4, 7, 9, '-', '2020-12-30 23:20:02', NULL, 2160),
(6188, 20, 68, 3, 3, 4, '-', '2020-12-30 23:20:02', NULL, 2160),
(6189, 21, 68, 5, 5, 5, '', '2020-12-30 23:20:02', NULL, 2160),
(6190, 21, 83, 6, 6, 0, '', '2020-12-31 22:45:06', NULL, 2161),
(6191, 17, 83, 5, 5, 10, '-', '2020-12-31 22:45:06', NULL, 2162),
(6192, 19, 83, 6, 6, 17, '--', '2020-12-31 22:45:06', NULL, 2163),
(6193, 2, 83, 5, 5, 15, 'νο κομμεντσ', '2020-12-31 22:45:06', NULL, 2163),
(6209, 17, 93, 3, 3, 6, '-', '2021-01-02 04:34:57', NULL, 2165),
(6210, 18, 93, 5, 5, 9, '-', '2021-01-02 04:34:57', NULL, 2165),
(6211, 20, 93, 5, 5, 5, '-', '2021-01-02 04:34:57', NULL, 2165),
(6212, 5, 93, 5, 5, 10, '-', '2021-01-02 04:34:57', NULL, 2165),
(6213, 5, 93, 5, 5, 10, '-', '2021-01-02 04:34:57', NULL, 2165),
(6214, 22, 93, 4, 4, 10, '', '2021-01-02 04:34:57', NULL, 2165),
(6215, 22, 93, 5, 5, 15, '', '2021-01-02 04:34:57', NULL, 2165),
(6216, 22, 93, 5, 5, 14, '', '2021-01-02 04:34:57', NULL, 2165),
(6217, 22, 93, 5, 5, 9, '', '2021-01-02 04:34:57', NULL, 2165),
(6218, 22, 93, 5, 5, 9, '', '2021-01-02 04:34:57', NULL, 2165),
(6219, 19, 93, 4, 4, 8, '--', '2021-01-02 04:34:57', NULL, 2165),
(6220, 16, 93, 3, 3, 8, '--', '2021-01-02 04:34:57', NULL, 2165),
(6221, 17, 93, 4, 4, 8, '-', '2021-01-02 04:34:57', NULL, 2165),
(6222, 3, 93, 4, 4, 9, 'νο κομμεντσ', '2021-01-02 04:34:57', NULL, 2165),
(6223, 3, 93, 4, 4, 5, 'νο κομμεντσ', '2021-01-02 04:34:57', NULL, 2165),
(6254, 17, 94, 3, 3, 6, '-', '2021-01-02 04:35:46', NULL, 2168),
(6255, 18, 94, 5, 5, 9, '-', '2021-01-02 04:35:46', NULL, 2168),
(6256, 20, 94, 5, 5, 5, '-', '2021-01-02 04:35:46', NULL, 2168),
(6257, 5, 94, 5, 5, 10, '-', '2021-01-02 04:35:46', NULL, 2168),
(6258, 5, 94, 5, 5, 10, '-', '2021-01-02 04:35:46', NULL, 2168),
(6259, 22, 94, 4, 4, 10, '', '2021-01-02 04:35:46', NULL, 2168),
(6260, 22, 94, 5, 5, 15, '', '2021-01-02 04:35:46', NULL, 2168),
(6261, 22, 94, 5, 5, 14, '', '2021-01-02 04:35:46', NULL, 2168),
(6262, 22, 94, 5, 5, 9, '', '2021-01-02 04:35:46', NULL, 2168),
(6263, 22, 94, 5, 5, 9, '', '2021-01-02 04:35:46', NULL, 2168),
(6264, 19, 94, 4, 4, 8, '--', '2021-01-02 04:35:46', NULL, 2168),
(6265, 16, 94, 3, 3, 8, '--', '2021-01-02 04:35:46', NULL, 2168),
(6266, 17, 94, 4, 4, 8, '-', '2021-01-02 04:35:46', NULL, 2168),
(6267, 3, 94, 4, 4, 9, 'νο κομμεντσ', '2021-01-02 04:35:46', NULL, 2168),
(6268, 3, 94, 4, 4, 5, 'νο κομμεντσ', '2021-01-02 04:35:46', NULL, 2168),
(6288, 22, 72, 4, 4, 15, '', '2021-01-03 05:49:49', NULL, 2171),
(6289, 19, 72, 5, 5, 12, '--', '2021-01-03 05:49:49', NULL, 2171),
(6290, 2, 72, 5, 5, 10, 'νο κομμεντσ', '2021-01-03 05:49:49', NULL, 2171),
(6291, 22, 72, 0, 0, 0, '', '2021-01-03 05:49:49', NULL, 2171),
(6298, 19, 64, 0, 0, 0, '--', '2021-01-03 05:51:34', NULL, 2174),
(6299, 17, 64, 0, 0, 0, '-', '2021-01-03 05:51:34', NULL, 2174),
(6300, 21, 64, 6, 6, 0, '', '2021-01-03 05:51:34', NULL, 2174),
(6301, 17, 63, 5, 5, 10, '-', '2021-01-03 05:53:08', NULL, 2175),
(6308, 20, 62, 4, 4, 10, '-', '2021-01-03 05:54:08', NULL, 2178),
(6309, 3, 62, 6, 6, 17, 'νο κομμεντσ', '2021-01-03 05:54:08', NULL, 2178),
(6310, 23, 62, 3, 3, 13, '-', '2021-01-03 05:54:08', NULL, 2178),
(6328, 22, 95, 4, 9, 10, '', '2021-01-05 01:37:29', NULL, 2182),
(6329, 20, 50, 4, 4, 5, '-', '2021-01-05 01:47:48', NULL, 2183),
(6330, 21, 50, 4, 4, 4, '', '2021-01-05 01:47:48', NULL, 2183),
(6331, 21, 50, 3, 3, 3, '', '2021-01-05 01:47:48', NULL, 2183),
(6332, 21, 50, 3, 3, 5, '', '2021-01-05 01:47:48', NULL, 2183),
(6333, 21, 50, 5, 5, 9, '', '2021-01-05 01:47:48', NULL, 2183),
(6334, 21, 50, 3, 3, 5, '', '2021-01-05 01:47:48', NULL, 2183),
(6335, 20, 50, 6, 6, 6, '-', '2021-01-05 01:47:48', NULL, 2183),
(6336, 20, 50, 5, 5, 11, '-', '2021-01-05 01:47:48', NULL, 2183),
(6337, 20, 50, 4, 7, 9, '-', '2021-01-05 01:47:48', NULL, 2183),
(6338, 20, 50, 3, 3, 4, '-', '2021-01-05 01:47:48', NULL, 2183),
(6339, 21, 50, 5, 5, 5, '', '2021-01-05 01:47:48', NULL, 2183),
(6340, 22, 50, 4, 4, 11, '', '2021-01-05 01:47:48', NULL, 2184),
(6341, 11, 50, 6, 6, 14, '-', '2021-01-05 01:47:48', NULL, 2184),
(6342, 2, 50, 5, 5, 12, 'νο κομμεντσ', '2021-01-05 01:47:48', NULL, 2184),
(6343, 3, 50, 2, 2, 4, 'νο κομμεντσ', '2021-01-05 01:47:48', NULL, 2185),
(6344, 11, 50, 0, 0, 4, '-', '2021-01-05 01:47:48', NULL, 2185),
(6345, 18, 50, 4, 4, 8, '-', '2021-01-05 01:47:48', NULL, 2185),
(6346, 17, 50, 4, 4, 9, '-', '2021-01-05 01:47:48', NULL, 2185),
(6347, 19, 50, 5, 5, 5, '--', '2021-01-05 01:47:48', NULL, 2185),
(6348, 17, 50, 4, 4, 10, '-', '2021-01-05 01:47:48', NULL, 2185),
(6349, 5, 50, 5, 5, 10, '-', '2021-01-05 01:47:48', NULL, 2185),
(6350, 16, 50, 5, 5, 10, '--', '2021-01-05 01:47:48', NULL, 2185),
(6351, 2, 50, 4, 4, 9, 'νο κομμεντσ', '2021-01-05 01:47:48', NULL, 2185),
(6352, 18, 50, 4, 4, 9, '-', '2021-01-05 01:47:48', NULL, 2185),
(6353, 17, 50, 4, 4, 11, '-', '2021-01-05 01:47:48', NULL, 2185),
(6438, 3, 60, 2, 2, 4, 'νο κομμεντσ', '2021-01-05 05:51:08', NULL, 2194),
(6439, 18, 60, 4, 4, 9, '-', '2021-01-05 05:51:08', NULL, 2194),
(6440, 2, 60, 4, 4, 9, 'νο κομμεντσ', '2021-01-05 05:51:08', NULL, 2194),
(6441, 16, 60, 5, 5, 10, '--', '2021-01-05 05:51:08', NULL, 2194),
(6442, 5, 60, 5, 5, 10, '-', '2021-01-05 05:51:08', NULL, 2194),
(6443, 17, 60, 4, 4, 10, '-', '2021-01-05 05:51:08', NULL, 2194),
(6444, 19, 60, 5, 5, 5, '--', '2021-01-05 05:51:08', NULL, 2194),
(6445, 17, 60, 4, 4, 9, '-', '2021-01-05 05:51:08', NULL, 2194),
(6446, 18, 60, 4, 4, 8, '-', '2021-01-05 05:51:08', NULL, 2194),
(6447, 11, 60, 0, 0, 4, '-', '2021-01-05 05:51:08', NULL, 2194),
(6448, 17, 60, 4, 4, 11, '-', '2021-01-05 05:51:08', NULL, 2194),
(6449, 3, 60, 2, 2, 4, 'νο κομμεντσ', '2021-01-05 05:51:08', NULL, 2195),
(6450, 18, 60, 4, 4, 9, '-', '2021-01-05 05:51:08', NULL, 2195),
(6451, 2, 60, 4, 4, 9, 'νο κομμεντσ', '2021-01-05 05:51:08', NULL, 2195),
(6452, 16, 60, 5, 5, 10, '--', '2021-01-05 05:51:08', NULL, 2195),
(6453, 5, 60, 5, 5, 10, '-', '2021-01-05 05:51:08', NULL, 2195),
(6454, 17, 60, 4, 4, 10, '-', '2021-01-05 05:51:08', NULL, 2195),
(6455, 19, 60, 5, 5, 5, '--', '2021-01-05 05:51:08', NULL, 2195),
(6456, 17, 60, 4, 4, 9, '-', '2021-01-05 05:51:08', NULL, 2195),
(6457, 18, 60, 4, 4, 8, '-', '2021-01-05 05:51:08', NULL, 2195),
(6458, 11, 60, 0, 0, 4, '-', '2021-01-05 05:51:08', NULL, 2195),
(6459, 17, 60, 4, 4, 11, '-', '2021-01-05 05:51:08', NULL, 2195),
(6460, 3, 60, 2, 2, 4, 'νο κομμεντσ', '2021-01-05 05:51:08', NULL, 2196),
(6461, 11, 60, 0, 0, 4, '-', '2021-01-05 05:51:08', NULL, 2196),
(6462, 18, 60, 4, 4, 8, '-', '2021-01-05 05:51:08', NULL, 2196),
(6463, 17, 60, 4, 4, 9, '-', '2021-01-05 05:51:08', NULL, 2196),
(6464, 19, 60, 5, 5, 5, '--', '2021-01-05 05:51:08', NULL, 2196),
(6465, 17, 60, 4, 4, 10, '-', '2021-01-05 05:51:08', NULL, 2196),
(6466, 5, 60, 5, 5, 10, '-', '2021-01-05 05:51:08', NULL, 2196),
(6467, 16, 60, 5, 5, 10, '--', '2021-01-05 05:51:08', NULL, 2196),
(6468, 2, 60, 4, 4, 9, 'νο κομμεντσ', '2021-01-05 05:51:08', NULL, 2196),
(6469, 18, 60, 4, 4, 9, '-', '2021-01-05 05:51:08', NULL, 2196),
(6470, 17, 60, 4, 4, 11, '-', '2021-01-05 05:51:08', NULL, 2196),
(6471, 3, 60, 2, 2, 4, 'νο κομμεντσ', '2021-01-05 05:51:08', NULL, 2197),
(6472, 11, 60, 0, 0, 4, '-', '2021-01-05 05:51:08', NULL, 2197),
(6473, 18, 60, 4, 4, 8, '-', '2021-01-05 05:51:08', NULL, 2197),
(6474, 17, 60, 4, 4, 9, '-', '2021-01-05 05:51:08', NULL, 2197),
(6475, 19, 60, 5, 5, 5, '--', '2021-01-05 05:51:08', NULL, 2197),
(6476, 17, 60, 4, 4, 10, '-', '2021-01-05 05:51:08', NULL, 2197),
(6477, 5, 60, 5, 5, 10, '-', '2021-01-05 05:51:08', NULL, 2197),
(6478, 16, 60, 5, 5, 10, '--', '2021-01-05 05:51:08', NULL, 2197),
(6479, 2, 60, 4, 4, 9, 'νο κομμεντσ', '2021-01-05 05:51:08', NULL, 2197),
(6480, 18, 60, 4, 4, 9, '-', '2021-01-05 05:51:08', NULL, 2197),
(6481, 17, 60, 4, 4, 11, '-', '2021-01-05 05:51:08', NULL, 2197),
(6482, 3, 60, 2, 2, 4, 'νο κομμεντσ', '2021-01-05 05:51:08', NULL, 2198),
(6483, 11, 60, 0, 0, 4, '-', '2021-01-05 05:51:08', NULL, 2198),
(6484, 18, 60, 4, 4, 8, '-', '2021-01-05 05:51:08', NULL, 2198),
(6485, 17, 60, 4, 4, 9, '-', '2021-01-05 05:51:08', NULL, 2198),
(6486, 19, 60, 5, 5, 5, '--', '2021-01-05 05:51:08', NULL, 2198),
(6487, 17, 60, 4, 4, 10, '-', '2021-01-05 05:51:08', NULL, 2198),
(6488, 5, 60, 5, 5, 10, '-', '2021-01-05 05:51:08', NULL, 2198),
(6489, 16, 60, 5, 5, 10, '--', '2021-01-05 05:51:08', NULL, 2198),
(6490, 2, 60, 4, 4, 9, 'νο κομμεντσ', '2021-01-05 05:51:08', NULL, 2198),
(6491, 18, 60, 4, 4, 9, '-', '2021-01-05 05:51:08', NULL, 2198),
(6492, 17, 60, 4, 4, 11, '-', '2021-01-05 05:51:08', NULL, 2198),
(6493, 3, 60, 2, 2, 4, 'νο κομμεντσ', '2021-01-05 05:51:08', NULL, 2199),
(6494, 11, 60, 0, 0, 4, '-', '2021-01-05 05:51:08', NULL, 2199),
(6495, 18, 60, 4, 4, 8, '-', '2021-01-05 05:51:08', NULL, 2199),
(6496, 17, 60, 4, 4, 9, '-', '2021-01-05 05:51:08', NULL, 2199),
(6497, 19, 60, 5, 5, 5, '--', '2021-01-05 05:51:08', NULL, 2199),
(6498, 17, 60, 4, 4, 10, '-', '2021-01-05 05:51:08', NULL, 2199),
(6499, 5, 60, 5, 5, 10, '-', '2021-01-05 05:51:08', NULL, 2199),
(6500, 16, 60, 5, 5, 10, '--', '2021-01-05 05:51:08', NULL, 2199),
(6501, 2, 60, 4, 4, 9, 'νο κομμεντσ', '2021-01-05 05:51:08', NULL, 2199),
(6502, 18, 60, 4, 4, 9, '-', '2021-01-05 05:51:08', NULL, 2199),
(6503, 17, 60, 4, 4, 11, '-', '2021-01-05 05:51:08', NULL, 2199),
(6504, 22, 60, 0, 0, 0, '', '2021-01-05 05:51:08', NULL, 2200),
(6505, 3, 60, 0, 0, 0, 'νο κομμεντσ', '2021-01-05 05:51:08', NULL, 2200),
(6506, 3, 60, 0, 0, 0, 'νο κομμεντσ', '2021-01-05 05:51:08', NULL, 2200),
(6507, 19, 60, 0, 0, 0, '--', '2021-01-05 05:51:08', NULL, 2200),
(6508, 2, 60, 0, 0, 0, 'νο κομμεντσ', '2021-01-05 05:51:08', NULL, 2200),
(6509, 2, 60, 0, 0, 0, 'νο κομμεντσ', '2021-01-05 05:51:08', NULL, 2200),
(6510, 17, 60, 0, 0, 0, '-', '2021-01-05 05:51:08', NULL, 2200),
(6511, 20, 60, 0, 0, 0, '-', '2021-01-05 05:51:08', NULL, 2200),
(6512, 21, 60, 0, 0, 0, '', '2021-01-05 05:51:08', NULL, 2200),
(6513, 22, 60, 0, 0, 0, '', '2021-01-05 05:51:08', NULL, 2201),
(6514, 3, 60, 0, 0, 0, 'νο κομμεντσ', '2021-01-05 05:51:08', NULL, 2201),
(6515, 3, 60, 0, 0, 0, 'νο κομμεντσ', '2021-01-05 05:51:08', NULL, 2201),
(6516, 19, 60, 0, 0, 0, '--', '2021-01-05 05:51:08', NULL, 2201),
(6517, 2, 60, 0, 0, 0, 'νο κομμεντσ', '2021-01-05 05:51:08', NULL, 2201),
(6518, 2, 60, 0, 0, 0, 'νο κομμεντσ', '2021-01-05 05:51:08', NULL, 2201),
(6519, 17, 60, 0, 0, 0, '-', '2021-01-05 05:51:08', NULL, 2201),
(6520, 20, 60, 0, 0, 0, '-', '2021-01-05 05:51:08', NULL, 2201),
(6521, 21, 60, 0, 0, 0, '', '2021-01-05 05:51:08', NULL, 2201),
(6525, 20, 48, 0, 0, 0, '-', '2021-01-05 11:25:23', NULL, 2203),
(6526, 17, 48, 0, 0, 0, '-', '2021-01-05 11:25:23', NULL, 2203),
(6527, 3, 48, 0, 0, 0, 'νο κομμεντσ', '2021-01-05 11:25:23', NULL, 2203),
(6528, 22, 69, 5, 5, 11, '', '2021-01-05 11:33:13', NULL, 2204),
(6577, 2, 67, 4, 4, 10, 'νο κομμεντσ', '2021-01-05 11:35:49', NULL, 2213),
(6578, 2, 67, 4, 4, 11, 'νο κομμεντσ', '2021-01-05 11:35:49', NULL, 2213),
(6579, 3, 67, 5, 5, 11, 'νο κομμεντσ', '2021-01-05 11:35:49', NULL, 2213),
(6580, 21, 67, 3, 3, 9, '', '2021-01-05 11:35:49', NULL, 2213),
(6581, 23, 67, 0, 0, 0, '-', '2021-01-05 11:35:49', NULL, 2213),
(6582, 19, 67, 2, 3, 7, '--', '2021-01-05 11:35:49', NULL, 2214),
(6583, 20, 67, 1, 1, 2, '-', '2021-01-05 11:35:49', NULL, 2214),
(6584, 5, 67, 3, 5, 6, '-', '2021-01-05 11:35:49', NULL, 2214),
(6585, 3, 67, 5, 10, 10, 'νο κομμεντσ', '2021-01-05 11:35:49', NULL, 2214),
(6586, 5, 67, 3, 4, 4, '-', '2021-01-05 11:35:49', NULL, 2214),
(6587, 3, 67, 4, 4, 8, 'νο κομμεντσ', '2021-01-05 11:35:49', NULL, 2214),
(6588, 5, 67, 4, 5, 9, '-', '2021-01-05 11:35:49', NULL, 2214),
(6592, 20, 47, 0, 0, 0, '-', '2021-01-05 11:39:59', NULL, 2216),
(6593, 17, 47, 0, 0, 0, '-', '2021-01-05 11:39:59', NULL, 2216),
(6594, 3, 47, 0, 0, 0, 'νο κομμεντσ', '2021-01-05 11:39:59', NULL, 2216),
(6595, 20, 58, 5, 5, 14, '-', '2021-01-05 11:45:25', NULL, 2217),
(6596, 5, 58, 5, 5, 14, '-', '2021-01-05 11:45:25', NULL, 2217),
(6597, 20, 58, 5, 5, 7, '-', '2021-01-05 11:45:25', NULL, 2217),
(6598, 11, 55, 5, 5, 11, '-', '2021-01-05 11:50:08', NULL, 2218),
(6599, 11, 55, 4, 4, 10, '-', '2021-01-05 11:50:08', NULL, 2218);

-- --------------------------------------------------------

--
-- Δομή πίνακα για τον πίνακα `users`
--

CREATE TABLE `users` (
  `user_id` bigint(200) NOT NULL,
  `username` varchar(255) DEFAULT NULL,
  `email` varchar(255) DEFAULT NULL,
  `firstname` varchar(255) DEFAULT NULL,
  `lastname` varchar(255) DEFAULT NULL,
  `password` varchar(255) DEFAULT NULL,
  `phone` varchar(255) DEFAULT NULL,
  `position` varchar(255) DEFAULT NULL,
  `status` int(100) DEFAULT NULL,
  `token` varchar(255) DEFAULT NULL,
  `role_id` bigint(200) DEFAULT NULL,
  `org_id` bigint(200) DEFAULT NULL,
  `class_id` bigint(200) DEFAULT NULL,
  `dep_id` bigint(200) DEFAULT NULL,
  `creation_date` datetime DEFAULT NULL,
  `update_date` datetime DEFAULT NULL,
  `mobile_phone` varchar(255) DEFAULT NULL,
  `gender` varchar(255) DEFAULT NULL,
  `comments` mediumtext DEFAULT NULL
) ENGINE=InnoDB DEFAULT CHARSET=utf8;

--
-- Άδειασμα δεδομένων του πίνακα `users`
--

INSERT INTO `users` (`user_id`, `username`, `email`, `firstname`, `lastname`, `password`, `phone`, `position`, `status`, `token`, `role_id`, `org_id`, `class_id`, `dep_id`, `creation_date`, `update_date`, `mobile_phone`, `gender`, `comments`) VALUES
(93, 'b0b0s7', 'manolis.papaspyropoulos@gmail.com', 'Manolis', 'Papaspyropoulos', 'oJfTtchpM9WC/4Oqpu7FZQ==', '', '', 0, '', 41, 91, NULL, 6, '2020-11-13 21:11:36', NULL, '', 'Άνδρας', ''),
(94, 'manos', 'm_anolis.papaspyropoulos@gmail.com', 'karas', 'karaskaras', 'oJfTtchpM9WC/4Oqpu7FZQ==', '213214', 'karas', 1, '', 41, 91, NULL, 6, '2020-11-14 22:36:57', NULL, '23423245', 'Άνδρας', '<p>wwww<strong>wwww</strong></p>'),
(95, 'dimitrisPap', 'dpap@gmail.com', 'Dimitris', 'Papoutsis', 'oJfTtchpM9WC/4Oqpu7FZQ==', '2192193', 'manager', 1, '', 41, 91, NULL, 7, '2020-11-14 22:34:45', NULL, '6989324223', 'Άνδρας', '<p>-</p>'),
(99, 'heightheight', 'heightheight@height', 'height', 'height', 'ugEu/M8qjjJ/YI68i9cbDA==', 'height', 'height', 0, '', 55, 100, NULL, 18, '2020-12-02 01:57:35', NULL, 'height', 'Γυναίκα', ''),
(100, 'res', 'b0b0s_666@hotmail.com', 'res', 'res', 'W9ydhHpQZSDG+W1HGpxeLQ==', 'res', 'res', 1, '', 42, 102, NULL, 19, '2020-12-10 03:36:45', NULL, 'res', 'Γυναίκα', '<p>res</p>'),
(101, 'res', 'b0b0s_666@hotmail.com', 'res', 'res', 'W9ydhHpQZSDG+W1HGpxeLQ==', 'res', 'res', 1, '', 42, 102, NULL, 19, '2020-12-10 03:36:45', NULL, 'res', 'Γυναίκα', '<p>res</p>'),
(102, 'USER-998-YIO', '998-YIO@gamil.com', 'FIRST/NAME-998-YIO', 'LAST/NAME-998-YIO', 'oJfTtchpM9WC/4Oqpu7FZQ==', '21027321842', 'POSITION-998-YIO', 1, '', 36, 73, NULL, 4, '2020-12-11 16:05:51', NULL, '69565423543', 'Άνδρας', '<p>998-YIO-comments</p>'),
(103, 'USER-1992-YIO', '1992-YIO@gmail.com', 'FIRST/NAME-1992-YIO', 'LAST/NAME-1992-YIO', 'oJfTtchpM9WC/4Oqpu7FZQ==', '218183467293', 'POSITION-1992-YIO', 1, '', 35, 76, NULL, 4, '2020-12-11 16:08:14', NULL, '687546632534', 'Άνδρας', '<p>1992-YIO comments</p>'),
(104, 'USER-23-NAME', 'USER-23@gmail.comw', 'USER-23-LNAME', 'USER-23-LNAME', 'SHD+UVuKh8PLGc7Qs7/OzA==', '324232342', 'USER-23', 1, '', 42, 80, NULL, 5, '2020-12-12 00:55:17', NULL, '234242342', '', '<p>USER-23</p>'),
(107, 'wefwef', 'ewf@wef', 'wefwefwe', 'fwefwefw', 'JyoNjOwZPTpZfi9xFFDfsw==', 'wf', 'efwefw', 1, '', 42, 100, NULL, 24, '2020-12-31 01:27:20', NULL, 'wef', 'Γυναίκα', '<p>f</p>'),
(108, 'ewfw', 'few@wef', 'efwe', 'fwef', 'TJZuO8Ve0Ko0Wc3yAFDqEw==', '234', 'fwef', 1, '', 58, 100, NULL, 19, '2020-12-31 01:27:39', NULL, '2342342', '', '<p>wefwefwefwe</p>'),
(109, 'wef', 'wefw@fww', 'wefw', 'fwef', 'vrJqSetfETjLU4GuKbZg0A==', '342', 'ewfw', 1, '', 58, 100, NULL, 24, '2020-12-31 01:28:01', NULL, 'wef', 'Γυναίκα', '<p>fwefwefw</p>');

-- --------------------------------------------------------

--
-- Δομή πίνακα για τον πίνακα `users_mellon`
--

CREATE TABLE `users_mellon` (
  `id` bigint(20) UNSIGNED NOT NULL,
  `first_name` varchar(100) COLLATE utf8mb4_unicode_ci DEFAULT NULL,
  `last_name` varchar(100) COLLATE utf8mb4_unicode_ci DEFAULT NULL,
  `password` varchar(100) COLLATE utf8mb4_unicode_ci DEFAULT NULL,
  `email` varchar(100) COLLATE utf8mb4_unicode_ci DEFAULT NULL,
  `status` int(11) DEFAULT NULL,
  `image_url` varchar(400) COLLATE utf8mb4_unicode_ci DEFAULT NULL,
  `social_auth` int(11) DEFAULT NULL,
  `social_platform` varchar(100) COLLATE utf8mb4_unicode_ci DEFAULT NULL,
  `google_id` varchar(100) COLLATE utf8mb4_unicode_ci DEFAULT NULL,
  `facebook_id` varchar(100) COLLATE utf8mb4_unicode_ci DEFAULT NULL,
  `creation_date` datetime DEFAULT NULL,
  `address_city` varchar(100) COLLATE utf8mb4_unicode_ci DEFAULT NULL,
  `postal_code` varchar(100) COLLATE utf8mb4_unicode_ci DEFAULT NULL,
  `phone` varchar(100) COLLATE utf8mb4_unicode_ci DEFAULT NULL,
  `vehicle_type` varchar(100) COLLATE utf8mb4_unicode_ci DEFAULT NULL,
  `address` varchar(100) COLLATE utf8mb4_unicode_ci DEFAULT NULL,
  `scooter_ind` int(11) DEFAULT 0,
  `bicycle_ind` int(11) DEFAULT 0,
  `electric_bicycle_ind` int(11) DEFAULT 0
) ENGINE=InnoDB DEFAULT CHARSET=utf8mb4 COLLATE=utf8mb4_unicode_ci;

--
-- Άδειασμα δεδομένων του πίνακα `users_mellon`
--

INSERT INTO `users_mellon` (`id`, `first_name`, `last_name`, `password`, `email`, `status`, `image_url`, `social_auth`, `social_platform`, `google_id`, `facebook_id`, `creation_date`, `address_city`, `postal_code`, `phone`, `vehicle_type`, `address`, `scooter_ind`, `bicycle_ind`, `electric_bicycle_ind`) VALUES
(98, 'manos', 'pap', 'oJfTtchpM9WC/4Oqpu7FZQ==', 'manos@pap.com', 1, '', 0, '', '', '', '2020-12-24 18:19:20', 'Πειραιας', '3', '3244', 'ωδφ', 'Διστομου 483', 0, 0, 0),
(118, 'Εμμανουήλ', 'Π.', '', 'b0b0s_666@hotmail.com', 1, 'https://platform-lookaside.fbsbx.com/platform/profilepic/?asid=10208197182484992&width=720&ext=1611766914&hash=AeQQ8ozD2f0cCCK1z-Y', NULL, NULL, '', '10208197182484992', '2020-12-28 19:01:10', '534565', '1342453', '4335443', '', 'distomou', 1, 1, 1),
(119, 'Manos', 'Pap', '', 'manolis.papaspyropoulos@gmail.com', 1, 'https://lh3.googleusercontent.com/a-/AOh14GhYN7UoUSDyS_mqlCYORFqqBksYeN8IBP-HxVzB=s96-c', NULL, NULL, '116934189818632740955', '', '2020-12-28 19:02:28', 'erere', 'eer', '23423', '', 'erere', 1, 1, 0);

-- --------------------------------------------------------

--
-- Δομή πίνακα για τον πίνακα `users_mellon_parking_history`
--

CREATE TABLE `users_mellon_parking_history` (
  `id` bigint(200) NOT NULL,
  `user_mellon_id` bigint(200) DEFAULT NULL,
  `barcode` varchar(555) DEFAULT NULL,
  `station` varchar(255) DEFAULT NULL,
  `creation_date` datetime DEFAULT NULL,
  `duration` double DEFAULT NULL,
  `start_time` datetime DEFAULT NULL,
  `end_time` datetime DEFAULT NULL
) ENGINE=InnoDB DEFAULT CHARSET=utf8mb4;

-- --------------------------------------------------------

--
-- Δομή πίνακα για τον πίνακα `users_mellon_stations`
--

CREATE TABLE `users_mellon_stations` (
  `id` bigint(200) NOT NULL,
  `spots_available` varchar(255) DEFAULT NULL,
  `station_name` varchar(255) DEFAULT NULL,
  `status_station` varchar(255) DEFAULT NULL,
  `lat` double DEFAULT NULL,
  `longt` double DEFAULT NULL,
  `creation_date` datetime DEFAULT NULL
) ENGINE=InnoDB DEFAULT CHARSET=utf8mb4;

--
-- Άδειασμα δεδομένων του πίνακα `users_mellon_stations`
--

INSERT INTO `users_mellon_stations` (`id`, `spots_available`, `station_name`, `status_station`, `lat`, `longt`, `creation_date`) VALUES
(1, '5', 'Αλεξάνδρου Παπαναστασίου 32,Κερατσίνι Ελλάδα', 'active', 37.9594744, 23.627388, NULL),
(2, '3', 'Μίκρας Ασίας,Κερατσίνι Ελλάδα', 'active', 37.9593867, 23.6220999, NULL),
(3, '3', 'Δεληγιάννη 3,Κερατσίνι Ελλάδα', 'active', 37.9595729, 23.625635, NULL),
(4, '6', 'Αλεξάνδρου Παπαναστασίου 47, Κερατσίνι, Ελλάδα', 'active', 37.9622188, 23.6272666, NULL);

-- --------------------------------------------------------

--
-- Δομή πίνακα για τον πίνακα `users_mellon_vehicles`
--

CREATE TABLE `users_mellon_vehicles` (
  `id` bigint(20) NOT NULL,
  `of_type` varchar(245) DEFAULT NULL,
  `barcode` varchar(245) DEFAULT NULL,
  `station` bigint(20) DEFAULT NULL,
  `status` varchar(245) DEFAULT NULL,
  `lat` double DEFAULT NULL,
  `longt` double DEFAULT NULL,
  `creation_date` datetime DEFAULT NULL
) ENGINE=InnoDB DEFAULT CHARSET=utf8mb4;

--
-- Άδειασμα δεδομένων του πίνακα `users_mellon_vehicles`
--

INSERT INTO `users_mellon_vehicles` (`id`, `of_type`, `barcode`, `station`, `status`, `lat`, `longt`, `creation_date`) VALUES
(1, 'Scooter', '34443', 1, 'active', NULL, NULL, NULL),
(2, 'Scooter', '34ΡΡ', 1, 'active', NULL, NULL, NULL),
(3, 'Scooter', 'ΡΡ23', 1, 'active', NULL, NULL, NULL),
(4, 'Bicycle', 'Ρ23Φ', 1, 'active', NULL, NULL, NULL),
(5, 'Bicycle', 'Φ23', 2, 'active', NULL, NULL, NULL),
(6, 'Electric bycicle', '32F', 2, 'active', NULL, NULL, NULL),
(7, 'Electric bycicle', 'F2', 2, 'active', NULL, NULL, NULL),
(8, 'Electric bycicle', '233', 3, 'active', NULL, NULL, NULL),
(9, 'Bicycle', '23F', 3, 'active', NULL, NULL, NULL),
(10, 'Bicycle', 'F323', 3, 'active', NULL, NULL, NULL),
(11, 'Bicycle', 'YTERR', 4, 'active', NULL, NULL, NULL),
(12, 'Bicycle', 'FERW', 4, 'active', NULL, NULL, NULL);

-- --------------------------------------------------------

--
-- Δομή πίνακα για τον πίνακα `warehouses`
--

CREATE TABLE `warehouses` (
  `id` bigint(20) NOT NULL,
  `brand_name` varchar(255) DEFAULT NULL,
  `manager` varchar(255) DEFAULT NULL,
  `address` varchar(255) DEFAULT NULL,
  `telephone` varchar(255) DEFAULT NULL,
  `email` varchar(255) DEFAULT NULL,
  `postal_code` varchar(255) DEFAULT NULL,
  `city` varchar(255) DEFAULT NULL,
  `region` varchar(255) DEFAULT NULL,
  `creation_date` datetime DEFAULT NULL,
  `update_date` datetime DEFAULT NULL,
  `comments` mediumtext DEFAULT NULL,
  `longitude` double DEFAULT NULL,
  `latitude` double DEFAULT NULL,
  `country` varchar(255) DEFAULT NULL,
  `unloading_loading_code` varchar(255) DEFAULT NULL
) ENGINE=InnoDB DEFAULT CHARSET=utf8;

--
-- Άδειασμα δεδομένων του πίνακα `warehouses`
--

INSERT INTO `warehouses` (`id`, `brand_name`, `manager`, `address`, `telephone`, `email`, `postal_code`, `city`, `region`, `creation_date`, `update_date`, `comments`, `longitude`, `latitude`, `country`, `unloading_loading_code`) VALUES
(9, 'ΑΠΟΘΗΚΗ VII', 'qwdqwdqwd', 'qwdqwdq', '+30543543534', 'wqdqw@wqdqwd', 'qwdqw', 'wdqwd', 'dqwdqwdqw', '2020-10-26 19:05:21', NULL, '-', 23.6272771, 37.9607345, 'Ινδια', NULL),
(10, 'ΑΠΟΘΗΚΗ VIII', 'dqwdqwd', 'qwdqw', '+302342342342', 'qwdqwdq@wqdwqdq', 'dqwdqwd', 'dqwdqw', 'dqwdwq', '2020-10-26 19:05:31', NULL, '-', 23.6272771, 37.9607345, 'Ινδια', NULL),
(11, 'ΑΠΟΘΗΚΗ IX', 'dqwdqwdq', 'wdwqdqd', '+30366534623', 'dqwdq@wqdqwdqw', 'qwd', 'qwdqwd', 'wqdqwdqw', '2020-10-26 19:05:44', NULL, '-', 23.6272771, 37.9607345, 'Ινδια', NULL),
(12, 'ΑΠΟΘΗΚΗ X', '', 'dqw', '+30366534623', 'qwdq@qwdqwdq', 'dqwdqwd', 'qwdqw', 'dqwd', '2020-11-20 13:28:19', NULL, '', 23.6272771, 37.9607345, 'Ηνωμένες Πολιτείες', NULL),
(13, 'ΑΠΟΘΗΚΗ XI', '', 'aaaa', '+30366534623', 'aaaa@aaaa', 'aaaa', 'aaaa', 'aaaa', '2020-11-19 19:20:10', NULL, '-', 23.6272771, 37.9607345, 'Ηνωμένες Πολιτείες', NULL),
(15, 'ΑΠΟΘΗΚΗ XII', '', 'Διστόμου 48,Πειραιάς Ελλάδα', '+30323523523', 'wqdqw@qwd', '185 32', 'Πειραιάς', 'Περιφερειακή Ενότητα Πειραιώς', '2020-11-19 19:20:41', NULL, '-', 23.6272771, 37.9607345, 'Ελλάδα', NULL),
(16, 'ΑΠΟΘΗΚΗ XIII', '', 'Δελφών 2,Θεσσαλονίκη Ελλάδα', '+3078798987', 'manoe@hhgc', '546 40', 'Θεσσαλονίκη', 'Θεσσαλονίκη', '2020-11-13 15:01:45', NULL, '', 22.9586847, 40.6174916, 'Γερμανία', NULL),
(17, 'ΑΠΟΘΗΚΗ XIV', '', 'Διστόμου 32,Θεσσαλονίκη Ελλάδα', '+307873345345', 'jjj@qww.com', '544 53', 'Θεσσαλονίκη', 'Θεσσαλονίκη', '2020-11-21 16:08:55', NULL, '-', 22.9712051, 40.60507800000001, 'Ελλάδα', NULL),
(18, 'ΑΠΟΘΗΚΗ XV', '', 'Διστομίτου,Αθήνα Ελλάδα', '+3078754352', 'M@W', '114 76', 'Αθήνα', 'Κεντρικός Τομέας Αθηνών', '2020-11-21 16:28:59', NULL, '-', 23.7563897, 37.9987287, 'Ηνωμένες Πολιτείες', NULL),
(19, 'ΑΠΟΘΗΚΗ XVI', '', 'Discovery Gardens Street 8,Dubai Ηνωμένα Αραβικά Εμιράτα', '353453435', 'SC@SDDDD', '3423422', 'Dubai', '4', '2020-11-21 16:36:26', NULL, '-', 55.1496229, 25.0357169, 'Ηνωμένες Πολιτείες', NULL),
(20, 'ΑΠΟΘΗΚΗ XVII', '', 'Western Express Highway,Mumbai Ινδία', '+30787364545', 'EEE@EEEE', '3442', 'Mumbai', 'E', '2020-11-21 16:37:47', NULL, '-', 72.8461284, 19.0840256, 'Ηνωμένες Πολιτείες', NULL),
(21, 'ΑΠΟΘΗΚΗ XVIII', '', 'Shradhanand Marg,New Delhi Ινδία', '+30787364564', 's@s', '110006', 'New Delhi', 'ss', '2020-12-12 00:03:38', NULL, '-', 77.2205129, 28.6507543, 'Ελλάδα', 'ht/56/56'),
(22, 'TY-ΑΠΟΘΗΚΗ XVIII', '', 'Niwaru Road,Jaipur Ινδία', '+30787564564', 'eee@eee', '302012', 'Jaipur', 'eeee', '2020-12-09 01:44:24', NULL, '-', 75.7397256, 26.9570928, 'Ελλάδα', 'RG/56/45'),
(23, 'TY-ΑΠ-098 XVIII', '', 'Fremont Street,Las Vegas Ηνωμένες Πολιτείες', '+307873534', 'rr@r', 'r', 'Las Vegas', 'rr', '2020-12-09 01:44:16', NULL, '-', -115.1224271, 36.1613923, 'Ελλάδα', 'EW/78/84'),
(24, 'TY-ΑΠ-232 XVIII', '', 'Discovery Gardens Street 8,Dubai Ηνωμένα Αραβικά Εμιράτα', '+307873453453', 'gg@ggg', '45353', 'Dubai', 'ggg', '2020-12-09 01:44:04', NULL, '-', 55.1496229, 25.0357169, 'Ελλάδα', 'RG/56/66'),
(25, 'TY-ΑΠ2DY-098 XVIII', '', 'Ermita Iztapalapa,Ciudad de México Μεξικό', '+30787543534', 'ww@ww', '324235552opoi', 'Ciudad de México', 'san andres', '2020-12-09 01:42:28', NULL, '-', -99.1282932, 19.3583437, 'Ελλάδα', 'HD/78/32'),
(29, 'efef', '', 'Friedrichstraße,Berlin Γερμανία', 'efefe', 'test@gmail.comw', 'weg43534', 'Berlin', 'etrwg', '2020-12-12 00:03:57', NULL, '<p>rwgwegwe</p>', 13.3893567, 52.5137447, 'Γερμανία', 'ew/44/53'),
(30, '3223', NULL, 'Uiterwaardenstraat, 1079 Amsterdam, Ολλανδία', '523543', 'manolis.papaspyropoulos@gmail.com', '4353', 'Αθήνα', '', NULL, NULL, NULL, 4.903044, 52.3427947, 'Ελλάδα', NULL),
(31, 'qwdqw', NULL, 'Baker St, Marylebone, London, Ηνωμένο Βασίλειο', '2314232', 'fvsws@wqdwq.com', 'τρηρτηρ', 'Αθήνα', '', NULL, NULL, NULL, -0.1570353, 51.521124, 'Ελλάδα', NULL),
(32, '2342342', NULL, 'D2 Đ. Nguyễn Gia Trí, Phường 25, Bình Thạnh, Thành phố Hồ Chí Minh, Βιετνάμ', '2354534', 'fewf@wef.com', '562 24', 'Εύοσμος', '', NULL, NULL, NULL, 106.7158089, 10.80229, 'Ελλάδα', NULL),
(33, 'ddss', NULL, 'Adyala Rd, Rawalpindi, Punjab, Πακιστάν', '32423', 'test@gmail.comw', '1321231', 'Πειραιάς', '', NULL, NULL, NULL, 73.0470457, 33.5168601, 'Ελλάδα', NULL),
(34, 'wqwqd', NULL, 'Jl. Delima Blok FWA 167 No.4, Warnasari, Kec. Citangkil, Kota Cilegon, Banten 42444, Ινδονησία', '12312', 'manolis.papaspyropoulos@gmail.com', '2342342', 'Puente Piedra', '', '2021-01-05 02:17:10', NULL, NULL, 106.009099, -6.029077099999999, 'Περού', NULL),
(35, 'ΥΙΟ-ΠΟΙΘΤ', NULL, 'Χαράδρου, Πάτρα 264 42, Ελλάδα', '2132142', 't@.com', '4353', 'Αθήνα', '', '2021-01-05 02:22:45', NULL, NULL, 21.7708763, 38.28707199999999, 'Ελλάδα', NULL),
(36, 'Trikala Korinthias AE', NULL, 'Αζαλέας, Αχαρνές 136 72, Ελλάδα', '12312342342', 'test@gmail.comw', '4353', 'Αθήνα', '', '2021-01-05 02:29:34', NULL, NULL, 23.7474233, 38.0864069, 'Ελλάδα', NULL),
(37, 'Asa', NULL, 'Αώου, Αθήνα 115 23, Ελλάδα', '2313144', 'a@c', '4353', 'Αθήνα', '', '2021-01-05 02:31:09', NULL, NULL, 23.7643686, 37.9904649, 'Ελλάδα', NULL),
(38, 'ς;φ', NULL, 'Ωραιοκάστρου, Σταυρούπολη, Ελλάδα', '12312312', 'manolis.papaspyropoulos@gmail.com', '4353', 'Αθήνα', '', '2021-01-05 02:33:23', NULL, NULL, 22.9340297, 40.67287049999999, 'Ελλάδα', NULL),
(42, 'δ2332δ', NULL, 'Θίσβης, Περιστέρι, Ελλάδα', '32δ23', 'k@c.com', '2342342', 'Puente Piedra', '', '2021-01-05 04:15:39', NULL, NULL, 23.6983441, 38.008826, 'Περού', NULL);

--
-- Ευρετήρια για άχρηστους πίνακες
--

--
-- Ευρετήρια για πίνακα `audit_logs`
--
ALTER TABLE `audit_logs`
  ADD PRIMARY KEY (`id`);

--
-- Ευρετήρια για πίνακα `billings`
--
ALTER TABLE `billings`
  ADD PRIMARY KEY (`id`),
  ADD UNIQUE KEY `name` (`name`);

--
-- Ευρετήρια για πίνακα `core_position`
--
ALTER TABLE `core_position`
  ADD PRIMARY KEY (`id`);

--
-- Ευρετήρια για πίνακα `customers_suppliers`
--
ALTER TABLE `customers_suppliers`
  ADD PRIMARY KEY (`id`);

--
-- Ευρετήρια για πίνακα `departments`
--
ALTER TABLE `departments`
  ADD PRIMARY KEY (`id`);

--
-- Ευρετήρια για πίνακα `documents`
--
ALTER TABLE `documents`
  ADD PRIMARY KEY (`id`);

--
-- Ευρετήρια για πίνακα `factories`
--
ALTER TABLE `factories`
  ADD PRIMARY KEY (`id`);

--
-- Ευρετήρια για πίνακα `internova_sellers`
--
ALTER TABLE `internova_sellers`
  ADD PRIMARY KEY (`id`);

--
-- Ευρετήρια για πίνακα `managers`
--
ALTER TABLE `managers`
  ADD PRIMARY KEY (`id`);

--
-- Ευρετήρια για πίνακα `managers_system`
--
ALTER TABLE `managers_system`
  ADD PRIMARY KEY (`id`);

--
-- Ευρετήρια για πίνακα `measurement_unit`
--
ALTER TABLE `measurement_unit`
  ADD PRIMARY KEY (`id`);

--
-- Ευρετήρια για πίνακα `offers`
--
ALTER TABLE `offers`
  ADD PRIMARY KEY (`id`);

--
-- Ευρετήρια για πίνακα `offers_schedules`
--
ALTER TABLE `offers_schedules`
  ADD PRIMARY KEY (`id`);

--
-- Ευρετήρια για πίνακα `offer_schedule_between_waypoints`
--
ALTER TABLE `offer_schedule_between_waypoints`
  ADD PRIMARY KEY (`id`);

--
-- Ευρετήρια για πίνακα `orders`
--
ALTER TABLE `orders`
  ADD PRIMARY KEY (`id`);

--
-- Ευρετήρια για πίνακα `order_packages`
--
ALTER TABLE `order_packages`
  ADD PRIMARY KEY (`id`);

--
-- Ευρετήρια για πίνακα `order_package_start_point`
--
ALTER TABLE `order_package_start_point`
  ADD PRIMARY KEY (`id`);

--
-- Ευρετήρια για πίνακα `order_waypoints`
--
ALTER TABLE `order_waypoints`
  ADD PRIMARY KEY (`id`);

--
-- Ευρετήρια για πίνακα `order_waypoints_packages`
--
ALTER TABLE `order_waypoints_packages`
  ADD PRIMARY KEY (`id`);

--
-- Ευρετήρια για πίνακα `organizations`
--
ALTER TABLE `organizations`
  ADD PRIMARY KEY (`organization_id`);

--
-- Ευρετήρια για πίνακα `roles`
--
ALTER TABLE `roles`
  ADD PRIMARY KEY (`role_id`);

--
-- Ευρετήρια για πίνακα `schedule`
--
ALTER TABLE `schedule`
  ADD PRIMARY KEY (`id`);

--
-- Ευρετήρια για πίνακα `schedule_packages`
--
ALTER TABLE `schedule_packages`
  ADD PRIMARY KEY (`id`);

--
-- Ευρετήρια για πίνακα `schedule_package_offer`
--
ALTER TABLE `schedule_package_offer`
  ADD PRIMARY KEY (`id`);

--
-- Ευρετήρια για πίνακα `users`
--
ALTER TABLE `users`
  ADD PRIMARY KEY (`user_id`);

--
-- Ευρετήρια για πίνακα `users_mellon`
--
ALTER TABLE `users_mellon`
  ADD PRIMARY KEY (`id`),
  ADD KEY `user_email` (`email`);

--
-- Ευρετήρια για πίνακα `users_mellon_parking_history`
--
ALTER TABLE `users_mellon_parking_history`
  ADD PRIMARY KEY (`id`);

--
-- Ευρετήρια για πίνακα `users_mellon_stations`
--
ALTER TABLE `users_mellon_stations`
  ADD PRIMARY KEY (`id`);

--
-- Ευρετήρια για πίνακα `users_mellon_vehicles`
--
ALTER TABLE `users_mellon_vehicles`
  ADD PRIMARY KEY (`id`);

--
-- Ευρετήρια για πίνακα `warehouses`
--
ALTER TABLE `warehouses`
  ADD PRIMARY KEY (`id`);

--
-- AUTO_INCREMENT για άχρηστους πίνακες
--

--
-- AUTO_INCREMENT για πίνακα `audit_logs`
--
ALTER TABLE `audit_logs`
  MODIFY `id` bigint(20) NOT NULL AUTO_INCREMENT, AUTO_INCREMENT=777;

--
-- AUTO_INCREMENT για πίνακα `billings`
--
ALTER TABLE `billings`
  MODIFY `id` bigint(20) NOT NULL AUTO_INCREMENT, AUTO_INCREMENT=35;

--
-- AUTO_INCREMENT για πίνακα `core_position`
--
ALTER TABLE `core_position`
  MODIFY `id` int(11) NOT NULL AUTO_INCREMENT;

--
-- AUTO_INCREMENT για πίνακα `customers_suppliers`
--
ALTER TABLE `customers_suppliers`
  MODIFY `id` bigint(20) NOT NULL AUTO_INCREMENT, AUTO_INCREMENT=41;

--
-- AUTO_INCREMENT για πίνακα `departments`
--
ALTER TABLE `departments`
  MODIFY `id` bigint(200) NOT NULL AUTO_INCREMENT, AUTO_INCREMENT=30;

--
-- AUTO_INCREMENT για πίνακα `documents`
--
ALTER TABLE `documents`
  MODIFY `id` int(100) NOT NULL AUTO_INCREMENT, AUTO_INCREMENT=437;

--
-- AUTO_INCREMENT για πίνακα `factories`
--
ALTER TABLE `factories`
  MODIFY `id` bigint(20) NOT NULL AUTO_INCREMENT, AUTO_INCREMENT=73;

--
-- AUTO_INCREMENT για πίνακα `internova_sellers`
--
ALTER TABLE `internova_sellers`
  MODIFY `id` bigint(20) NOT NULL AUTO_INCREMENT, AUTO_INCREMENT=15;

--
-- AUTO_INCREMENT για πίνακα `managers`
--
ALTER TABLE `managers`
  MODIFY `id` bigint(20) NOT NULL AUTO_INCREMENT, AUTO_INCREMENT=75;

--
-- AUTO_INCREMENT για πίνακα `managers_system`
--
ALTER TABLE `managers_system`
  MODIFY `id` bigint(20) NOT NULL AUTO_INCREMENT, AUTO_INCREMENT=20;

--
-- AUTO_INCREMENT για πίνακα `measurement_unit`
--
ALTER TABLE `measurement_unit`
  MODIFY `id` bigint(200) NOT NULL AUTO_INCREMENT, AUTO_INCREMENT=25;

--
-- AUTO_INCREMENT για πίνακα `offers`
--
ALTER TABLE `offers`
  MODIFY `id` bigint(200) NOT NULL AUTO_INCREMENT, AUTO_INCREMENT=96;

--
-- AUTO_INCREMENT για πίνακα `offers_schedules`
--
ALTER TABLE `offers_schedules`
  MODIFY `id` bigint(20) NOT NULL AUTO_INCREMENT, AUTO_INCREMENT=2219;

--
-- AUTO_INCREMENT για πίνακα `offer_schedule_between_waypoints`
--
ALTER TABLE `offer_schedule_between_waypoints`
  MODIFY `id` bigint(100) NOT NULL AUTO_INCREMENT, AUTO_INCREMENT=530;

--
-- AUTO_INCREMENT για πίνακα `orders`
--
ALTER TABLE `orders`
  MODIFY `id` bigint(200) NOT NULL AUTO_INCREMENT, AUTO_INCREMENT=153;

--
-- AUTO_INCREMENT για πίνακα `order_packages`
--
ALTER TABLE `order_packages`
  MODIFY `id` bigint(200) NOT NULL AUTO_INCREMENT, AUTO_INCREMENT=694;

--
-- AUTO_INCREMENT για πίνακα `order_package_start_point`
--
ALTER TABLE `order_package_start_point`
  MODIFY `id` bigint(200) NOT NULL AUTO_INCREMENT, AUTO_INCREMENT=85;

--
-- AUTO_INCREMENT για πίνακα `order_waypoints`
--
ALTER TABLE `order_waypoints`
  MODIFY `id` bigint(200) NOT NULL AUTO_INCREMENT, AUTO_INCREMENT=323;

--
-- AUTO_INCREMENT για πίνακα `order_waypoints_packages`
--
ALTER TABLE `order_waypoints_packages`
  MODIFY `id` bigint(200) NOT NULL AUTO_INCREMENT;

--
-- AUTO_INCREMENT για πίνακα `organizations`
--
ALTER TABLE `organizations`
  MODIFY `organization_id` bigint(200) NOT NULL AUTO_INCREMENT, AUTO_INCREMENT=107;

--
-- AUTO_INCREMENT για πίνακα `roles`
--
ALTER TABLE `roles`
  MODIFY `role_id` bigint(20) NOT NULL AUTO_INCREMENT, AUTO_INCREMENT=60;

--
-- AUTO_INCREMENT για πίνακα `schedule`
--
ALTER TABLE `schedule`
  MODIFY `id` bigint(20) NOT NULL AUTO_INCREMENT, AUTO_INCREMENT=137;

--
-- AUTO_INCREMENT για πίνακα `schedule_packages`
--
ALTER TABLE `schedule_packages`
  MODIFY `id` bigint(200) NOT NULL AUTO_INCREMENT, AUTO_INCREMENT=402;

--
-- AUTO_INCREMENT για πίνακα `schedule_package_offer`
--
ALTER TABLE `schedule_package_offer`
  MODIFY `id` bigint(200) NOT NULL AUTO_INCREMENT, AUTO_INCREMENT=6600;

--
-- AUTO_INCREMENT για πίνακα `users`
--
ALTER TABLE `users`
  MODIFY `user_id` bigint(200) NOT NULL AUTO_INCREMENT, AUTO_INCREMENT=110;

--
-- AUTO_INCREMENT για πίνακα `users_mellon`
--
ALTER TABLE `users_mellon`
  MODIFY `id` bigint(20) UNSIGNED NOT NULL AUTO_INCREMENT, AUTO_INCREMENT=120;

--
-- AUTO_INCREMENT για πίνακα `users_mellon_parking_history`
--
ALTER TABLE `users_mellon_parking_history`
  MODIFY `id` bigint(200) NOT NULL AUTO_INCREMENT, AUTO_INCREMENT=68;

--
-- AUTO_INCREMENT για πίνακα `users_mellon_stations`
--
ALTER TABLE `users_mellon_stations`
  MODIFY `id` bigint(200) NOT NULL AUTO_INCREMENT, AUTO_INCREMENT=5;

--
-- AUTO_INCREMENT για πίνακα `users_mellon_vehicles`
--
ALTER TABLE `users_mellon_vehicles`
  MODIFY `id` bigint(20) NOT NULL AUTO_INCREMENT, AUTO_INCREMENT=13;

--
-- AUTO_INCREMENT για πίνακα `warehouses`
--
ALTER TABLE `warehouses`
  MODIFY `id` bigint(20) NOT NULL AUTO_INCREMENT, AUTO_INCREMENT=43;
COMMIT;

/*!40101 SET CHARACTER_SET_CLIENT=@OLD_CHARACTER_SET_CLIENT */;
/*!40101 SET CHARACTER_SET_RESULTS=@OLD_CHARACTER_SET_RESULTS */;
/*!40101 SET COLLATION_CONNECTION=@OLD_COLLATION_CONNECTION */;
