-- phpMyAdmin SQL Dump
-- version 5.0.3
-- https://www.phpmyadmin.net/
--
-- Φιλοξενητής: 127.0.0.1
-- Χρόνος δημιουργίας: 16 Απρ 2021 στις 21:02:11
-- Έκδοση διακομιστή: 10.4.14-MariaDB
-- Έκδοση PHP: 7.2.34

SET SQL_MODE = "NO_AUTO_VALUE_ON_ZERO";
START TRANSACTION;
SET time_zone = "+00:00";


/*!40101 SET @OLD_CHARACTER_SET_CLIENT=@@CHARACTER_SET_CLIENT */;
/*!40101 SET @OLD_CHARACTER_SET_RESULTS=@@CHARACTER_SET_RESULTS */;
/*!40101 SET @OLD_COLLATION_CONNECTION=@@COLLATION_CONNECTION */;
/*!40101 SET NAMES utf8mb4 */;

--
-- Βάση δεδομένων: `internova_db`
--

-- --------------------------------------------------------

--
-- Δομή πίνακα για τον πίνακα `audit_logs`
--

CREATE TABLE `audit_logs` (
  `id` bigint(20) NOT NULL,
  `system` varchar(255) DEFAULT NULL,
  `user_id` bigint(20) DEFAULT NULL,
  `object_id` bigint(20) DEFAULT NULL,
  `message` varchar(255) DEFAULT NULL,
  `creation_date` datetime DEFAULT NULL,
  `method` varchar(255) DEFAULT NULL
) ENGINE=InnoDB DEFAULT CHARSET=utf8;

--
-- Άδειασμα δεδομένων του πίνακα `audit_logs`
--

INSERT INTO `audit_logs` (`id`, `system`, `user_id`, `object_id`, `message`, `creation_date`, `method`) VALUES
(73, 'χρήστες', 93, 106, '-', '2020-12-11 23:40:34', 'POST /addUser'),
(74, 'χρήστες', 93, 106, '-', '2020-12-11 23:40:51', 'POST /updateUser'),
(75, 'χρήστες', 93, 106, '-', '2020-12-11 23:41:01', 'POST /deleteUser'),
(76, 'ρόλοι', 93, 56, '-', '2020-12-11 23:41:26', 'POST /deleteRole'),
(77, 'ρόλοι', 93, 58, '-', '2020-12-11 23:41:33', 'POST /addRole'),
(78, 'ρόλοι', 93, 58, '-', '2020-12-11 23:42:41', 'POST /updateRole'),
(79, 'Τμήμα', 93, 24, '-', '2020-12-11 23:42:48', 'POST /updateDepartment'),
(81, 'Τμήμα', 93, 26, '-', '2020-12-11 23:43:08', 'POST /deleteDepartment'),
(83, 'Τμήμα', 93, 27, '-', '2020-12-11 23:45:30', 'POST /updateDepartment'),
(84, 'Τμήμα', 93, 27, '-', '2020-12-11 23:45:38', 'POST /deleteDepartment'),
(85, 'Τμήμα', 93, 24, '-', '2020-12-11 23:45:52', 'POST /updateDepartment'),
(87, 'Τμήμα', 93, 29, '-', '2020-12-11 23:46:53', 'POST /addDepartment'),
(88, 'οργανισμοι', 93, 102, '-', '2020-12-11 23:47:20', 'POST /updateOrganization'),
(89, 'οργανισμοι', 93, 102, '-', '2020-12-11 23:47:26', 'POST /updateOrganization'),
(90, 'οργανισμοι', 93, 105, '-', '2020-12-11 23:47:58', 'POST /addOrganization'),
(91, 'οργανισμοι', 93, 105, '-', '2020-12-11 23:48:01', 'POST /deleteOrganization'),
(94, 'Υπεύθυνοι', 93, 74, '-', '2020-12-11 23:52:11', 'POST /addManager'),
(95, 'Υπεύθυνοι', 93, 74, '-', '2020-12-11 23:52:15', 'POST /updateManager'),
(96, 'Υπεύθυνοι', 93, 74, '-', '2020-12-11 23:52:18', 'POST /deleteManager'),
(98, 'Λογαριασμοί/Billings', 93, 33, '-', '2020-12-11 23:55:58', 'POST /updateBillingEntry'),
(99, 'Λογαριασμοί/Billings', 93, 33, '-', '2020-12-11 23:56:06', 'POST /deleteBilling'),
(100, 'Λογαριασμοί/Billings', 93, 34, '-', '2020-12-11 23:56:25', 'POST /addBillingEntry'),
(102, 'Πωλητές/Internova', 93, 13, '-', '2020-12-11 23:59:33', 'POST /updateInternovaSeller'),
(103, 'Πωλητές/Internova', 93, 14, '-', '2020-12-11 23:59:41', 'POST /addInternovaSeller'),
(104, 'Πωλητές/Internova', 93, 14, '-', '2020-12-11 23:59:49', 'POST /deleteInternovaSeller'),
(106, 'Υπεύθυνοι', 93, 20, '-', '2020-12-12 00:01:54', 'POST /updateMeasureUnit'),
(107, 'Υπεύθυνοι', 93, 24, '-', '2020-12-12 00:02:07', 'POST /addMeasureUnit'),
(108, 'πελατες προμηθευτες', 93, 24, '-', '2020-12-12 00:02:23', 'POST /updateCustomerSupplier'),
(109, 'πελατες προμηθευτες', 93, 38, '-', '2020-12-12 00:03:09', 'POST /addCustomerSupplier'),
(110, 'πελατες προμηθευτες', 93, 38, '-', '2020-12-12 00:03:21', 'POST /deleteCustomerSupplier'),
(111, 'αποθήκες', 93, 21, '-', '2020-12-12 00:03:38', 'POST /updateWarehouse'),
(112, 'αποθήκες', 93, 28, '-', '2020-12-12 00:03:57', 'POST /addWarehouse'),
(113, 'αποθήκες', 93, 29, '-', '2020-12-12 00:03:57', 'POST /addWarehouse'),
(114, 'αποθήκες', 93, 28, '-', '2020-12-12 00:04:06', 'POST /deleteWarehouse'),
(116, 'εργοστάσια', 93, 19, '-', '2020-12-12 00:09:40', 'POST /updateFactory'),
(117, 'εργοστάσια', 93, 29, '-', '2020-12-12 00:10:07', 'POST /addFactory'),
(118, 'εργοστάσια', 93, 30, '-', '2020-12-12 00:10:07', 'POST /addFactory'),
(119, 'εργοστάσια', 93, 29, '-', '2020-12-12 00:10:22', 'POST /deleteFactory'),
(122, 'Προσφορές', 93, 64, '-', '2020-12-12 00:18:38', 'POST /updateOffer'),
(123, 'Προσφορές', 93, 66, '-', '2020-12-12 00:19:18', 'POST /addOffer'),
(124, 'Προσφορές', 93, 66, '-', '2020-12-12 00:19:29', 'POST /deleteOffer'),
(126, 'Τιμοκατάλογος', 119, 119, '-', '2020-12-12 00:44:13', 'POST /deleteSchedule'),
(127, 'Τιμοκατάλογος', 93, 120, '-', '2020-12-12 00:44:30', 'POST /addSchedule'),
(128, 'Τιμοκατάλογος', 93, 120, '-', '2020-12-12 00:44:41', 'POST /updateSchedule'),
(129, 'login', 93, 93, '-', '2020-12-12 00:49:41', 'POST /login'),
(130, 'login', 95, 95, '-', '2020-12-12 00:52:23', 'POST /login'),
(131, 'χρήστες', 93, 105, '-', '2020-12-12 00:52:38', 'POST /deleteUser'),
(132, 'χρήστες', 93, 104, '-', '2020-12-12 00:54:47', 'POST /updateUser'),
(133, 'χρήστες', 95, 104, '-', '2020-12-12 00:55:17', 'POST /updateUser'),
(134, 'ρόλοι', 95, 58, '-', '2020-12-12 00:55:29', 'POST /updateRole'),
(135, 'login', 93, 93, '-', '2020-12-12 00:55:50', 'POST /login'),
(136, 'Προσφορές', 95, 64, '-', '2020-12-12 00:56:01', 'POST /updateOffer'),
(137, 'Προσφορές', 93, 64, '-', '2020-12-12 00:59:06', 'POST /updateOffer'),
(138, 'login', 95, 95, '-', '2020-12-12 01:00:58', 'POST /login'),
(139, 'Τμήμα', 93, 29, '-', '2020-12-12 01:01:07', 'POST /updateDepartment'),
(140, 'login', 93, 93, '-', '2020-12-12 01:09:45', 'POST /login'),
(141, 'login', 93, 93, '-', '2020-12-12 01:11:11', 'POST /login'),
(142, 'login', 93, 93, '-', '2020-12-12 01:11:38', 'POST /login'),
(143, 'ρόλοι', 93, 58, '-', '2020-12-12 01:11:44', 'POST /updateRole'),
(144, 'login', 95, 95, '-', '2020-12-12 01:12:10', 'POST /login'),
(145, 'ρόλοι', 95, 41, '-', '2020-12-12 01:12:13', 'POST /updateRole'),
(146, 'login', 93, 93, '-', '2020-12-12 01:13:14', 'POST /login'),
(147, 'ρόλοι', 93, 58, '-', '2020-12-12 01:13:28', 'POST /updateRole'),
(148, 'ρόλοι', 95, 55, '-', '2020-12-12 01:13:35', 'POST /updateRole'),
(149, 'πελατες προμηθευτες', 95, 39, '-', '2020-12-12 01:15:23', 'POST /addCustomerSupplier'),
(150, 'πελατες προμηθευτες', 95, 39, '-', '2020-12-12 01:15:28', 'POST /updateCustomerSupplier'),
(151, 'πελατες προμηθευτες', 95, 39, '-', '2020-12-12 01:15:28', 'POST /updateCustomerSupplier'),
(152, 'πελατες προμηθευτες', 95, 39, '-', '2020-12-12 01:27:23', 'POST /updateCustomerSupplier'),
(153, 'πελατες προμηθευτες', 95, 39, '-', '2020-12-12 01:27:23', 'POST /updateCustomerSupplier'),
(154, 'πελατες προμηθευτες', 95, 40, '-', '2020-12-12 01:28:06', 'POST /addCustomerSupplier'),
(155, 'οργανισμοι', 95, 100, '-', '2020-12-12 01:35:43', 'POST /updateOrganization'),
(156, 'οργανισμοι', 95, 101, '-', '2020-12-12 01:35:47', 'POST /updateOrganization'),
(157, 'ρόλοι', 95, 41, '-', '2020-12-12 01:35:52', 'POST /updateRole'),
(158, 'Τμήμα', 95, 28, '-', '2020-12-12 01:36:03', 'POST /updateDepartment'),
(159, 'ρόλοι', 95, 41, '-', '2020-12-12 01:36:07', 'POST /updateRole'),
(160, 'οργανισμοι', 95, 100, '-', '2020-12-12 01:36:10', 'POST /updateOrganization'),
(161, 'οργανισμοι', 95, 98, '-', '2020-12-12 01:36:14', 'POST /updateOrganization'),
(162, 'οργανισμοι', 95, 106, '-', '2020-12-12 01:36:19', 'POST /addOrganization'),
(163, 'οργανισμοι', 95, 106, '-', '2020-12-12 01:36:22', 'POST /deleteOrganization'),
(164, 'οργανισμοι', 95, 102, '-', '2020-12-12 01:40:42', 'POST /updateOrganization'),
(165, 'login', 93, 93, '-', '2020-12-13 02:41:47', 'POST /login'),
(166, 'login', 93, 93, '-', '2020-12-13 03:30:52', 'POST /login'),
(167, 'login', 93, 93, '-', '2020-12-13 03:38:49', 'POST /login'),
(168, 'login', 93, 93, '-', '2020-12-13 03:40:57', 'POST /login'),
(169, 'login', 93, 93, '-', '2020-12-13 03:41:40', 'POST /login'),
(170, 'login', 93, 93, '-', '2020-12-13 05:21:18', 'POST /login'),
(171, 'login', 93, 93, '-', '2020-12-13 05:45:13', 'POST /login'),
(172, 'login', 93, 93, '-', '2020-12-13 05:58:02', 'POST /login'),
(173, 'login', 93, 93, '-', '2020-12-13 05:59:05', 'POST /login'),
(174, 'login', 93, 93, '-', '2020-12-13 13:21:23', 'POST /login'),
(175, 'login', 93, 93, '-', '2020-12-13 13:21:56', 'POST /login'),
(176, 'login', 93, 93, '-', '2020-12-13 22:41:18', 'POST /login'),
(177, 'login', 93, 93, '-', '2020-12-13 22:45:14', 'POST /login'),
(178, 'login', 93, 93, '-', '2020-12-13 22:50:15', 'POST /login'),
(179, 'login', 93, 93, '-', '2020-12-13 22:50:37', 'POST /login'),
(180, 'εργοστάσια', 93, 31, '-', '2020-12-14 00:07:57', 'POST /addFactory'),
(181, 'εργοστάσια', 93, 32, '-', '2020-12-14 00:10:30', 'POST /addFactory'),
(182, 'Προσφορές', 93, 64, '-', '2020-12-14 00:18:02', 'POST /updateOffer'),
(183, 'Προσφορές', 93, 64, '-', '2020-12-14 00:19:09', 'POST /updateOffer'),
(184, 'Προσφορές', 93, 67, '-', '2020-12-14 00:21:37', 'POST /addOffer'),
(185, 'Προσφορές', 93, 68, '-', '2020-12-14 00:22:17', 'POST /addOffer'),
(186, 'Προσφορές', 93, 67, '-', '2020-12-14 00:23:20', 'POST /updateOffer'),
(187, 'login', 93, 93, '-', '2020-12-16 15:49:28', 'POST /login'),
(188, 'Υπεύθυνοι', 93, 0, '-', '2020-12-28 02:08:34', 'POST /addManager'),
(189, 'login', 93, 93, '-', '2020-12-28 02:49:17', 'POST /login'),
(190, 'Προσφορές', 93, 68, '-', '2020-12-28 02:49:59', 'POST /updateOffer'),
(191, 'login', 93, 93, '-', '2020-12-29 03:13:19', 'POST /login'),
(192, 'login', 93, 93, '-', '2020-12-29 03:17:08', 'POST /login'),
(193, 'login', 93, 93, '-', '2020-12-29 03:25:14', 'POST /login'),
(194, 'login', 93, 93, '-', '2020-12-29 03:29:45', 'POST /login'),
(195, 'login', 93, 93, '-', '2020-12-29 03:33:49', 'POST /login'),
(196, 'login', 93, 93, '-', '2020-12-29 03:37:29', 'POST /login'),
(197, 'login', 93, 93, '-', '2020-12-29 03:39:25', 'POST /login'),
(198, 'login', 93, 93, '-', '2020-12-29 03:42:59', 'POST /login'),
(199, 'login', 93, 93, '-', '2020-12-29 04:01:00', 'POST /login'),
(200, 'login', 93, 93, '-', '2020-12-29 10:44:22', 'POST /login'),
(201, 'login', 93, 93, '-', '2020-12-29 11:04:48', 'POST /login'),
(202, 'login', 93, 93, '-', '2020-12-29 11:30:13', 'POST /login'),
(203, 'login', 93, 93, '-', '2020-12-29 11:32:31', 'POST /login'),
(204, 'Προσφορές', 93, 68, '-', '2020-12-29 11:32:58', 'POST /updateOffer'),
(205, 'Προσφορές', 93, 68, '-', '2020-12-29 11:33:18', 'POST /updateOffer'),
(206, 'Προσφορές', 93, 69, '-', '2020-12-29 15:57:52', 'POST /addOffer'),
(207, 'Προσφορές', 93, 70, '-', '2020-12-29 16:24:48', 'POST /addOffer'),
(208, 'Προσφορές', 93, 71, '-', '2020-12-29 16:28:40', 'POST /addOffer'),
(209, 'Προσφορές', 93, 71, '-', '2020-12-30 04:13:11', 'POST /updateOffer'),
(210, 'Προσφορές', 93, 71, '-', '2020-12-30 04:15:35', 'POST /updateOffer'),
(211, 'Προσφορές', 93, 71, '-', '2020-12-30 04:19:47', 'POST /updateOffer'),
(212, 'Προσφορές', 93, 72, '-', '2020-12-30 04:24:36', 'POST /addOffer'),
(213, 'Προσφορές', 93, 71, '-', '2020-12-30 04:51:08', 'POST /updateOffer'),
(214, 'Προσφορές', 93, 71, '-', '2020-12-30 04:54:48', 'POST /updateOffer'),
(215, 'Προσφορές', 93, 71, '-', '2020-12-30 04:56:52', 'POST /updateOffer'),
(216, 'Προσφορές', 93, 71, '-', '2020-12-30 04:57:45', 'POST /updateOffer'),
(217, 'Προσφορές', 93, 71, '-', '2020-12-30 04:58:16', 'POST /updateOffer'),
(218, 'Προσφορές', 93, 71, '-', '2020-12-30 05:03:46', 'POST /updateOffer'),
(219, 'Προσφορές', 93, 71, '-', '2020-12-30 05:04:03', 'POST /updateOffer'),
(220, 'Προσφορές', 93, 71, '-', '2020-12-30 05:05:04', 'POST /updateOffer'),
(221, 'Προσφορές', 93, 71, '-', '2020-12-30 05:07:33', 'POST /updateOffer'),
(222, 'Προσφορές', 93, 71, '-', '2020-12-30 05:07:55', 'POST /updateOffer'),
(223, 'Προσφορές', 93, 71, '-', '2020-12-30 05:08:13', 'POST /updateOffer'),
(224, 'Προσφορές', 93, 71, '-', '2020-12-30 05:33:26', 'POST /updateOffer'),
(225, 'Προσφορές', 93, 71, '-', '2020-12-30 05:36:30', 'POST /updateOffer'),
(226, 'Προσφορές', 93, 71, '-', '2020-12-30 05:38:36', 'POST /updateOffer'),
(227, 'Προσφορές', 93, 71, '-', '2020-12-30 05:39:40', 'POST /updateOffer'),
(228, 'Προσφορές', 93, 71, '-', '2020-12-30 05:55:49', 'POST /updateOffer'),
(229, 'Προσφορές', 93, 71, '-', '2020-12-30 05:58:32', 'POST /updateOffer'),
(230, 'Προσφορές', 93, 72, '-', '2020-12-30 06:17:47', 'POST /updateOffer'),
(231, 'Προσφορές', 93, 72, '-', '2020-12-30 06:18:12', 'POST /updateOffer'),
(232, 'Προσφορές', 93, 72, '-', '2020-12-30 06:18:24', 'POST /updateOffer'),
(233, 'Προσφορές', 93, 72, '-', '2020-12-30 06:36:43', 'POST /updateOffer'),
(234, 'Προσφορές', 93, 72, '-', '2020-12-30 06:36:49', 'POST /updateOffer'),
(236, 'Προσφορές', 93, 73, '-', '2020-12-30 09:00:19', 'POST /addOffer'),
(237, 'Προσφορές', 93, 73, '-', '2020-12-30 09:00:37', 'POST /updateOffer'),
(239, 'Προσφορές', 93, 74, '-', '2020-12-30 09:14:56', 'POST /addOffer'),
(240, 'Προσφορές', 93, 74, '-', '2020-12-30 09:15:05', 'POST /updateOffer'),
(241, 'Προσφορές', 93, 75, '-', '2020-12-30 09:27:09', 'POST /addOffer'),
(242, 'Προσφορές', 93, 75, '-', '2020-12-30 09:27:22', 'POST /updateOffer'),
(245, 'Προσφορές', 93, 75, '-', '2020-12-30 09:33:59', 'POST /updateOffer'),
(246, 'Προσφορές', 93, 75, '-', '2020-12-30 09:34:04', 'POST /updateOffer'),
(247, 'Προσφορές', 93, 75, '-', '2020-12-30 09:50:49', 'POST /updateOffer'),
(248, 'Προσφορές', 93, 75, '-', '2020-12-30 10:30:39', 'POST /updateOffer'),
(249, 'Προσφορές', 93, 75, '-', '2020-12-30 10:30:52', 'POST /updateOffer'),
(250, 'Προσφορές', 93, 75, '-', '2020-12-30 10:31:09', 'POST /updateOffer'),
(251, 'login', 93, 93, '-', '2020-12-30 11:34:58', 'POST /login'),
(252, 'Προσφορές', 93, 75, '-', '2020-12-30 11:45:27', 'POST /updateOffer'),
(253, 'Προσφορές', 93, 75, '-', '2020-12-30 11:47:13', 'POST /updateOffer'),
(254, 'Προσφορές', 93, 75, '-', '2020-12-30 11:47:17', 'POST /updateOffer'),
(255, 'Προσφορές', 93, 76, '-', '2020-12-30 12:00:43', 'POST /addOffer'),
(256, 'Προσφορές', 93, 77, '-', '2020-12-30 12:02:06', 'POST /addOffer'),
(257, 'Προσφορές', 93, 78, '-', '2020-12-30 12:05:20', 'POST /addOffer'),
(258, 'Προσφορές', 93, 78, '-', '2020-12-30 12:09:38', 'POST /updateOffer'),
(259, 'Προσφορές', 93, 78, '-', '2020-12-30 12:22:37', 'POST /updateOffer'),
(262, 'Προσφορές', 93, 77, '-', '2020-12-30 15:02:49', 'POST /updateOffer'),
(270, 'Προσφορές', 93, 77, '-', '2020-12-30 15:10:25', 'POST /updateOffer'),
(271, 'Προσφορές', 93, 77, '-', '2020-12-30 15:10:26', 'POST /updateOffer'),
(272, 'Προσφορές', 93, 77, '-', '2020-12-30 15:10:32', 'POST /updateOffer'),
(273, 'Προσφορές', 93, 77, '-', '2020-12-30 15:10:34', 'POST /updateOffer'),
(277, 'Προσφορές', 93, 77, '-', '2020-12-30 15:47:02', 'POST /updateOffer'),
(279, 'Προσφορές', 93, 77, '-', '2020-12-30 15:48:33', 'POST /updateOffer'),
(281, 'Προσφορές', 93, 77, '-', '2020-12-30 15:55:39', 'POST /updateOffer'),
(282, 'Προσφορές', 93, 77, '-', '2020-12-30 15:55:42', 'POST /updateOffer'),
(283, 'Προσφορές', 93, 77, '-', '2020-12-30 15:55:43', 'POST /updateOffer'),
(287, 'Προσφορές', 93, 77, '-', '2020-12-30 15:55:59', 'POST /updateOffer'),
(292, 'Προσφορές', 93, 77, '-', '2020-12-30 16:01:06', 'POST /updateOffer'),
(293, 'Προσφορές', 93, 78, '-', '2020-12-30 16:40:36', 'POST /updateOffer'),
(297, 'Προσφορές', 93, 79, '-', '2020-12-30 16:42:56', 'POST /addOffer'),
(298, 'Προσφορές', 93, 79, '-', '2020-12-30 16:53:15', 'POST /updateOffer'),
(299, 'Προσφορές', 93, 79, '-', '2020-12-30 16:53:22', 'POST /updateOffer'),
(302, 'Προσφορές', 93, 80, '-', '2020-12-30 16:54:04', 'POST /addOffer'),
(303, 'Προσφορές', 93, 80, '-', '2020-12-30 16:55:14', 'POST /updateOffer'),
(304, 'Προσφορές', 93, 80, '-', '2020-12-30 16:55:16', 'POST /updateOffer'),
(305, 'Προσφορές', 93, 81, '-', '2020-12-30 17:01:01', 'POST /addOffer'),
(306, 'Προσφορές', 93, 82, '-', '2020-12-30 17:01:21', 'POST /addOffer'),
(307, 'Προσφορές', 93, 82, '-', '2020-12-30 17:01:45', 'POST /updateOffer'),
(308, 'Προσφορές', 93, 82, '-', '2020-12-30 17:01:58', 'POST /updateOffer'),
(309, 'Προσφορές', 93, 82, '-', '2020-12-30 17:02:12', 'POST /updateOffer'),
(312, 'Προσφορές', 93, 82, '-', '2020-12-30 17:02:24', 'POST /updateOffer'),
(316, 'Προσφορές', 93, 82, '-', '2020-12-30 17:02:35', 'POST /updateOffer'),
(323, 'Προσφορές', 93, 82, '-', '2020-12-30 18:50:46', 'POST /updateOffer'),
(346, 'Προσφορές', 93, 82, '-', '2020-12-30 19:44:11', 'POST /updateOffer'),
(347, 'Προσφορές', 93, 82, '-', '2020-12-30 19:44:15', 'POST /updateOffer'),
(350, 'Προσφορές', 93, 81, '-', '2020-12-30 20:32:58', 'POST /updateOffer'),
(351, 'Προσφορές', 93, 81, '-', '2020-12-30 20:33:12', 'POST /updateOffer'),
(357, 'Προσφορές', 93, 83, '-', '2020-12-30 20:39:38', 'POST /addOffer'),
(358, 'Προσφορές', 93, 83, '-', '2020-12-30 20:39:46', 'POST /updateOffer'),
(359, 'Προσφορές', 93, 83, '-', '2020-12-30 20:39:52', 'POST /updateOffer'),
(366, 'Προσφορές', 93, 84, '-', '2020-12-30 20:40:26', 'POST /addOffer'),
(367, 'Προσφορές', 93, 57, '-', '2020-12-30 20:52:03', 'POST /deleteOffer'),
(368, 'Προσφορές', 93, 84, '-', '2020-12-30 20:53:02', 'POST /updateOffer'),
(369, 'Προσφορές', 93, 84, '-', '2020-12-30 20:53:23', 'POST /updateOffer'),
(370, 'Προσφορές', 93, 84, '-', '2020-12-30 20:53:29', 'POST /updateOffer'),
(373, 'Προσφορές', 93, 85, '-', '2020-12-30 22:23:30', 'POST /addOffer'),
(374, 'Προσφορές', 93, 86, '-', '2020-12-30 22:23:39', 'POST /addOffer'),
(375, 'Προσφορές', 93, 87, '-', '2020-12-30 22:26:31', 'POST /addOffer'),
(376, 'Προσφορές', 93, 88, '-', '2020-12-30 22:28:12', 'POST /addOffer'),
(377, 'Προσφορές', 93, 89, '-', '2020-12-30 22:28:21', 'POST /addOffer'),
(378, 'Προσφορές', 93, 90, '-', '2020-12-30 22:29:01', 'POST /addOffer'),
(379, 'Προσφορές', 93, 90, '-', '2020-12-30 22:32:12', 'POST /updateOffer'),
(388, 'Προσφορές', 93, 91, '-', '2020-12-30 22:52:06', 'POST /addOffer'),
(389, 'Προσφορές', 93, 91, '-', '2020-12-30 22:52:30', 'POST /updateOffer'),
(390, 'Προσφορές', 93, 91, '-', '2020-12-30 22:52:32', 'POST /updateOffer'),
(392, 'Προσφορές', 93, 92, '-', '2020-12-30 22:52:54', 'POST /addOffer'),
(393, 'Προσφορές', 93, 92, '-', '2020-12-30 22:53:02', 'POST /updateOffer'),
(394, 'Προσφορές', 93, 92, '-', '2020-12-30 22:53:07', 'POST /updateOffer'),
(407, 'Προσφορές', 93, 70, '-', '2020-12-30 23:04:13', 'POST /updateOffer'),
(408, 'Προσφορές', 93, 70, '-', '2020-12-30 23:04:23', 'POST /updateOffer'),
(416, 'Προσφορές', 93, 92, '-', '2020-12-30 23:16:00', 'POST /updateOffer'),
(440, 'Προσφορές', 93, 71, '-', '2020-12-30 23:18:13', 'POST /updateOffer'),
(446, 'Προσφορές', 93, 68, '-', '2020-12-30 23:18:50', 'POST /updateOffer'),
(447, 'Προσφορές', 93, 68, '-', '2020-12-30 23:20:02', 'POST /updateOffer'),
(449, 'χρήστες', 93, 107, '-', '2020-12-31 01:27:20', 'POST /addUser'),
(450, 'χρήστες', 93, 108, '-', '2020-12-31 01:27:39', 'POST /addUser'),
(451, 'χρήστες', 93, 109, '-', '2020-12-31 01:28:01', 'POST /addUser'),
(458, 'Προσφορές', 93, 83, '-', '2020-12-31 22:45:06', 'POST /updateOffer'),
(459, 'login', 93, 93, '-', '2021-01-02 04:27:28', 'POST /login'),
(461, 'Προσφορές', 93, 93, '-', '2021-01-02 04:34:38', 'POST /addOffer'),
(462, 'Προσφορές', 93, 93, '-', '2021-01-02 04:34:57', 'POST /updateOffer'),
(464, 'Προσφορές', 93, 94, '-', '2021-01-02 04:35:25', 'POST /addOffer'),
(465, 'Προσφορές', 93, 94, '-', '2021-01-02 04:35:43', 'POST /updateOffer'),
(466, 'Προσφορές', 93, 94, '-', '2021-01-02 04:35:46', 'POST /updateOffer'),
(468, 'Προσφορές', 93, 95, '-', '2021-01-02 04:35:59', 'POST /addOffer'),
(512, 'login', 93, 93, '-', '2021-01-03 04:33:35', 'POST /login'),
(526, 'Προσφορές', 93, 72, '-', '2021-01-03 05:49:44', 'POST /updateOffer'),
(527, 'Προσφορές', 93, 72, '-', '2021-01-03 05:49:49', 'POST /updateOffer'),
(529, 'Προσφορές', 93, 64, '-', '2021-01-03 05:51:24', 'POST /updateOffer'),
(530, 'Προσφορές', 93, 64, '-', '2021-01-03 05:51:31', 'POST /updateOffer'),
(531, 'Προσφορές', 93, 64, '-', '2021-01-03 05:51:34', 'POST /updateOffer'),
(533, 'Προσφορές', 93, 63, '-', '2021-01-03 05:53:08', 'POST /updateOffer'),
(535, 'Προσφορές', 93, 62, '-', '2021-01-03 05:53:36', 'POST /updateOffer'),
(536, 'Προσφορές', 93, 62, '-', '2021-01-03 05:53:58', 'POST /updateOffer'),
(537, 'Προσφορές', 93, 62, '-', '2021-01-03 05:54:08', 'POST /updateOffer'),
(545, 'πελατες προμηθευτες', 93, 24, '-', '2021-01-03 06:01:38', 'POST /updateCustomerSupplier'),
(546, 'πελατες προμηθευτες', 93, 24, '-', '2021-01-03 06:01:40', 'POST /updateCustomerSupplier'),
(554, 'Προσφορές', 93, 95, '-', '2021-01-03 15:58:58', 'POST /updateOffer'),
(578, 'login', 93, 93, '-', '2021-01-04 04:34:26', 'POST /login'),
(622, 'Προσφορές', 93, 95, '-', '2021-01-04 19:36:15', 'POST /updateOffer'),
(623, 'Προσφορές', 93, 95, '-', '2021-01-04 20:01:41', 'POST /updateOffer'),
(657, 'Προσφορές', 93, 95, '-', '2021-01-05 01:37:29', 'POST /updateOffer'),
(667, 'Προσφορές', 93, 50, '-', '2021-01-05 01:47:48', 'POST /updateOffer'),
(701, 'login', 93, 93, '-', '2021-01-05 04:34:51', 'POST /login'),
(702, 'login', 93, 93, '-', '2021-01-05 04:56:23', 'POST /login'),
(703, 'login', 93, 93, '-', '2021-01-05 05:02:01', 'POST /login'),
(704, 'login', 93, 93, '-', '2021-01-05 05:04:23', 'POST /login'),
(705, 'login', 93, 93, '-', '2021-01-05 05:07:55', 'POST /login'),
(706, 'login', 93, 93, '-', '2021-01-05 05:10:08', 'POST /login'),
(707, 'login', 93, 93, '-', '2021-01-05 05:12:39', 'POST /login'),
(708, 'login', 93, 93, '-', '2021-01-05 05:13:44', 'POST /login'),
(709, 'login', 93, 93, '-', '2021-01-05 05:15:59', 'POST /login'),
(710, 'login', 93, 93, '-', '2021-01-05 05:20:05', 'POST /login'),
(711, 'login', 93, 93, '-', '2021-01-05 05:21:39', 'POST /login'),
(712, 'login', 93, 93, '-', '2021-01-05 05:25:55', 'POST /login'),
(713, 'login', 93, 93, '-', '2021-01-05 05:28:06', 'POST /login'),
(714, 'login', 93, 93, '-', '2021-01-05 05:35:35', 'POST /login'),
(715, 'login', 93, 93, '-', '2021-01-05 05:36:52', 'POST /login'),
(716, 'login', 93, 93, '-', '2021-01-05 05:39:06', 'POST /login'),
(717, 'login', 93, 93, '-', '2021-01-05 05:49:43', 'POST /login'),
(718, 'Προσφορές', 93, 60, '-', '2021-01-05 05:50:22', 'POST /updateOffer'),
(719, 'Προσφορές', 93, 60, '-', '2021-01-05 05:51:08', 'POST /updateOffer'),
(723, 'login', 93, 93, '-', '2021-01-05 06:00:59', 'POST /login'),
(724, 'login', 93, 93, '-', '2021-01-05 06:03:23', 'POST /login'),
(725, 'login', 93, 93, '-', '2021-01-05 06:08:38', 'POST /login'),
(726, 'login', 93, 93, '-', '2021-01-05 06:11:11', 'POST /login'),
(727, 'login', 93, 93, '-', '2021-01-05 06:21:23', 'POST /login'),
(728, 'login', 93, 93, '-', '2021-01-05 06:26:40', 'POST /login'),
(729, 'login', 93, 93, '-', '2021-01-05 06:35:21', 'POST /login'),
(731, 'login', 93, 93, '-', '2021-01-05 11:24:59', 'POST /login'),
(732, 'Προσφορές', 93, 48, '-', '2021-01-05 11:25:19', 'POST /updateOffer'),
(733, 'Προσφορές', 93, 48, '-', '2021-01-05 11:25:23', 'POST /updateOffer'),
(734, 'login', 93, 93, '-', '2021-01-05 11:32:51', 'POST /login'),
(735, 'Προσφορές', 93, 69, '-', '2021-01-05 11:33:13', 'POST /updateOffer'),
(737, 'Προσφορές', 93, 67, '-', '2021-01-05 11:35:00', 'POST /updateOffer'),
(738, 'Προσφορές', 93, 67, '-', '2021-01-05 11:35:03', 'POST /updateOffer'),
(739, 'Προσφορές', 93, 67, '-', '2021-01-05 11:35:06', 'POST /updateOffer'),
(740, 'Προσφορές', 93, 67, '-', '2021-01-05 11:35:22', 'POST /updateOffer'),
(741, 'Προσφορές', 93, 67, '-', '2021-01-05 11:35:49', 'POST /updateOffer'),
(742, 'login', 93, 93, '-', '2021-01-05 11:39:29', 'POST /login'),
(743, 'Προσφορές', 93, 47, '-', '2021-01-05 11:39:52', 'POST /updateOffer'),
(744, 'Προσφορές', 93, 47, '-', '2021-01-05 11:39:59', 'POST /updateOffer'),
(747, 'Προσφορές', 93, 58, '-', '2021-01-05 11:45:25', 'POST /updateOffer'),
(750, 'login', 93, 93, '-', '2021-01-05 11:46:16', 'POST /login'),
(751, 'login', 93, 93, '-', '2021-01-05 11:47:04', 'POST /login'),
(757, 'login', 93, 93, '-', '2021-01-05 11:49:39', 'POST /login'),
(758, 'Προσφορές', 93, 55, '-', '2021-01-05 11:50:08', 'POST /updateOffer'),
(761, 'login', 93, 93, '-', '2021-01-05 11:51:28', 'POST /login'),
(764, 'login', 93, 93, '-', '2021-01-05 12:00:27', 'POST /login'),
(765, 'login', 93, 93, '-', '2021-01-05 12:02:11', 'POST /login'),
(766, 'login', 93, 93, '-', '2021-01-05 12:08:28', 'POST /login'),
(767, 'login', 93, 93, '-', '2021-01-05 12:08:52', 'POST /login'),
(768, 'login', 93, 93, '-', '2021-01-05 12:14:55', 'POST /login'),
(769, 'login', 93, 93, '-', '2021-01-05 12:20:57', 'POST /login'),
(770, 'login', 93, 93, '-', '2021-01-05 12:27:47', 'POST /login'),
(775, 'login', 93, 93, '-', '2021-01-14 17:03:15', 'POST /login'),
(776, 'login', 93, 93, '-', '2021-01-22 12:20:13', 'POST /login'),
(777, 'login', 93, 93, '-', '2021-01-24 21:03:09', 'POST /login'),
(778, 'Τιμοκατάλογος', 93, 137, '-', '2021-01-25 02:41:28', 'POST /addSchedule'),
(779, 'Προσφορές', 93, 96, '-', '2021-01-25 12:05:44', 'POST /addOffer'),
(780, 'Προσφορές', 93, 99, '-', '2021-01-25 12:47:04', 'POST /addOffer'),
(781, 'Προσφορές', 93, 99, '-', '2021-01-25 12:48:50', 'POST /updateOffer'),
(782, 'Προσφορές', 93, 99, '-', '2021-01-25 12:48:57', 'POST /updateOffer'),
(783, 'Προσφορές', 93, 100, '-', '2021-01-25 15:39:00', 'POST /addOffer'),
(784, 'πελατες προμηθευτες', 93, 41, '-', '2021-01-25 16:57:43', 'POST /addCustomerSupplier'),
(785, 'πελατες προμηθευτες', 93, 42, '-', '2021-01-25 17:08:19', 'POST /addCustomerSupplier'),
(786, 'πελατες προμηθευτες', 93, 43, '-', '2021-01-25 17:32:58', 'POST /addCustomerSupplier'),
(789, 'login', 93, 93, '-', '2021-01-25 21:04:10', 'POST /login'),
(790, 'πελατες προμηθευτες', 93, 44, '-', '2021-01-26 02:31:05', 'POST /addCustomerSupplier'),
(791, 'Προσφορές', 93, 101, '-', '2021-01-26 03:08:14', 'POST /addOffer'),
(792, 'Προσφορές', 93, 101, '-', '2021-01-26 03:16:53', 'POST /updateOffer'),
(793, 'Προσφορές', 93, 101, '-', '2021-01-26 03:16:59', 'POST /updateOffer'),
(794, 'Προσφορές', 93, 101, '-', '2021-01-26 03:17:04', 'POST /updateOffer'),
(795, 'Προσφορές', 93, 101, '-', '2021-01-26 03:17:06', 'POST /updateOffer'),
(797, 'Προσφορές', 93, 100, '-', '2021-01-26 03:18:43', 'POST /updateOffer'),
(798, 'πελατες προμηθευτες', 93, 45, '-', '2021-01-26 16:11:22', 'POST /addCustomerSupplier'),
(799, 'Προσφορές', 93, 102, '-', '2021-01-26 17:39:49', 'POST /addOffer'),
(800, 'Προσφορές', 93, 102, '-', '2021-01-26 17:41:42', 'POST /updateOffer'),
(801, 'Προσφορές', 93, 102, '-', '2021-01-26 17:43:04', 'POST /updateOffer'),
(802, 'Προσφορές', 93, 102, '-', '2021-01-26 17:44:27', 'POST /updateOffer'),
(803, 'Προσφορές', 93, 100, '-', '2021-01-26 17:53:55', 'POST /updateOffer'),
(804, 'Προσφορές', 93, 100, '-', '2021-01-26 18:07:55', 'POST /updateOffer'),
(805, 'login', 93, 93, '-', '2021-01-26 18:12:38', 'POST /login'),
(806, 'Προσφορές', 93, 104, '-', '2021-01-26 20:45:19', 'POST /addOffer'),
(807, 'Προσφορές', 93, 104, '-', '2021-01-26 20:47:21', 'POST /updateOffer'),
(808, 'Προσφορές', 93, 104, '-', '2021-01-26 20:53:03', 'POST /updateOffer'),
(809, 'Προσφορές', 93, 104, '-', '2021-01-26 21:05:30', 'POST /updateOffer'),
(810, 'Προσφορές', 93, 106, '-', '2021-01-26 21:07:55', 'POST /addOffer'),
(811, 'Προσφορές', 93, 106, '-', '2021-01-26 21:09:42', 'POST /updateOffer'),
(812, 'Προσφορές', 93, 107, '-', '2021-01-26 21:16:12', 'POST /addOffer'),
(813, 'Προσφορές', 93, 108, '-', '2021-01-26 21:20:00', 'POST /addOffer'),
(814, 'Προσφορές', 93, 108, '-', '2021-01-26 21:55:53', 'POST /updateOffer'),
(815, 'Προσφορές', 93, 108, '-', '2021-01-26 21:56:44', 'POST /updateOffer'),
(816, 'Προσφορές', 93, 108, '-', '2021-01-26 21:57:13', 'POST /updateOffer'),
(818, 'Προσφορές', 93, 109, '-', '2021-01-26 22:22:31', 'POST /addOffer'),
(819, 'Προσφορές', 93, 111, '-', '2021-01-26 22:25:42', 'POST /addOffer'),
(820, 'Προσφορές', 93, 110, '-', '2021-01-26 22:48:34', 'POST /updateOffer'),
(821, 'Προσφορές', 93, 110, '-', '2021-01-26 22:48:45', 'POST /updateOffer'),
(822, 'Προσφορές', 93, 110, '-', '2021-01-26 22:53:42', 'POST /updateOffer'),
(823, 'Προσφορές', 93, 110, '-', '2021-01-26 22:53:49', 'POST /updateOffer'),
(824, 'Προσφορές', 93, 110, '-', '2021-01-26 22:53:54', 'POST /updateOffer'),
(826, 'Προσφορές', 93, 111, '-', '2021-01-27 02:12:59', 'POST /updateOffer'),
(827, 'Προσφορές', 93, 111, '-', '2021-01-27 10:49:03', 'POST /updateOffer'),
(828, 'Προσφορές', 93, 111, '-', '2021-01-27 11:04:47', 'POST /updateOffer'),
(829, 'Προσφορές', 93, 111, '-', '2021-01-27 11:04:50', 'POST /updateOffer'),
(830, 'Προσφορές', 93, 111, '-', '2021-01-27 12:31:19', 'POST /updateOffer'),
(831, 'Προσφορές', 93, 111, '-', '2021-01-27 12:37:07', 'POST /updateOffer'),
(832, 'Προσφορές', 93, 111, '-', '2021-01-27 12:38:35', 'POST /updateOffer'),
(833, 'Προσφορές', 93, 111, '-', '2021-01-27 13:25:08', 'POST /updateOffer'),
(834, 'Προσφορές', 93, 111, '-', '2021-01-27 13:25:14', 'POST /updateOffer'),
(835, 'Προσφορές', 93, 111, '-', '2021-01-27 13:25:17', 'POST /updateOffer'),
(836, 'Προσφορές', 93, 111, '-', '2021-01-27 13:25:19', 'POST /updateOffer'),
(837, 'Προσφορές', 93, 111, '-', '2021-01-27 13:25:22', 'POST /updateOffer'),
(838, 'Προσφορές', 93, 111, '-', '2021-01-27 13:25:24', 'POST /updateOffer'),
(839, 'Προσφορές', 93, 111, '-', '2021-01-27 18:08:31', 'POST /updateOffer'),
(840, 'login', 93, 93, '-', '2021-01-27 19:12:30', 'POST /login'),
(841, 'Προσφορές', 93, 111, '-', '2021-01-27 19:24:20', 'POST /updateOffer'),
(842, 'Προσφορές', 93, 111, '-', '2021-01-27 19:37:58', 'POST /updateOffer'),
(843, 'Προσφορές', 93, 111, '-', '2021-01-27 19:40:54', 'POST /updateOffer'),
(844, 'Προσφορές', 93, 111, '-', '2021-01-27 19:42:08', 'POST /updateOffer'),
(845, 'login', 93, 93, '-', '2021-01-27 20:18:47', 'POST /login'),
(846, 'Προσφορές', 93, 111, '-', '2021-01-27 20:19:39', 'POST /updateOffer'),
(847, 'πελατες προμηθευτες', 93, 46, '-', '2021-01-27 21:00:01', 'POST /addCustomerSupplier'),
(848, 'Προσφορές', 93, 111, '-', '2021-01-27 21:00:45', 'POST /updateOffer'),
(849, 'Προσφορές', 93, 111, '-', '2021-01-27 21:01:11', 'POST /updateOffer'),
(850, 'Προσφορές', 93, 111, '-', '2021-01-27 21:02:17', 'POST /updateOffer'),
(851, 'Προσφορές', 93, 111, '-', '2021-01-28 15:10:59', 'POST /updateOffer'),
(852, 'login', 95, 95, '-', '2021-01-28 17:43:51', 'POST /login'),
(853, 'login', 95, 95, '-', '2021-01-28 17:44:51', 'POST /login'),
(854, 'login', 93, 93, '-', '2021-01-28 19:06:49', 'POST /login'),
(855, 'Προσφορές', 93, 111, '-', '2021-01-29 01:52:57', 'POST /updateOffer'),
(856, 'Προσφορές', 93, 111, '-', '2021-01-29 01:57:10', 'POST /updateOffer'),
(857, 'Προσφορές', 93, 111, '-', '2021-01-29 02:10:16', 'POST /updateOffer'),
(858, 'Προσφορές', 93, 111, '-', '2021-01-29 10:17:12', 'POST /updateOffer'),
(859, 'Προσφορές', 93, 111, '-', '2021-01-29 10:19:30', 'POST /updateOffer'),
(860, 'Προσφορές', 93, 111, '-', '2021-01-29 10:48:11', 'POST /updateOffer'),
(861, 'Προσφορές', 93, 111, '-', '2021-02-03 19:31:05', 'POST /updateOffer'),
(862, 'Προσφορές', 93, 111, '-', '2021-02-03 19:35:25', 'POST /updateOffer'),
(863, 'Προσφορές', 93, 111, '-', '2021-02-03 19:36:03', 'POST /updateOffer'),
(864, 'Προσφορές', 93, 111, '-', '2021-02-03 19:36:08', 'POST /updateOffer'),
(865, 'Προσφορές', 93, 111, '-', '2021-02-03 19:37:09', 'POST /updateOffer'),
(866, 'Προσφορές', 93, 111, '-', '2021-02-03 19:38:17', 'POST /updateOffer'),
(867, 'Προσφορές', 93, 111, '-', '2021-02-03 19:38:45', 'POST /updateOffer'),
(868, 'Προσφορές', 93, 111, '-', '2021-02-03 19:39:04', 'POST /updateOffer'),
(869, 'Προσφορές', 93, 111, '-', '2021-02-03 19:39:16', 'POST /updateOffer'),
(870, 'Προσφορές', 93, 111, '-', '2021-02-03 19:39:31', 'POST /updateOffer'),
(871, 'Προσφορές', 93, 111, '-', '2021-02-03 19:39:37', 'POST /updateOffer'),
(872, 'Προσφορές', 93, 107, '-', '2021-02-03 19:49:38', 'POST /updateOffer'),
(873, 'Προσφορές', 93, 107, '-', '2021-02-03 20:35:34', 'POST /updateOffer'),
(874, 'Προσφορές', 93, 107, '-', '2021-02-03 20:53:48', 'POST /updateOffer'),
(875, 'Προσφορές', 93, 107, '-', '2021-02-03 20:56:25', 'POST /updateOffer'),
(876, 'Προσφορές', 93, 104, '-', '2021-02-03 21:25:12', 'POST /updateOffer'),
(877, 'Προσφορές', 93, 104, '-', '2021-02-03 21:27:20', 'POST /updateOffer'),
(878, 'Προσφορές', 93, 104, '-', '2021-02-03 21:27:45', 'POST /updateOffer'),
(879, 'Προσφορές', 93, 104, '-', '2021-02-03 21:28:08', 'POST /updateOffer'),
(880, 'Προσφορές', 93, 104, '-', '2021-02-03 22:08:08', 'POST /updateOffer'),
(881, 'Προσφορές', 93, 104, '-', '2021-02-03 22:08:30', 'POST /updateOffer'),
(882, 'Προσφορές', 93, 107, '-', '2021-02-03 22:16:59', 'POST /updateOffer'),
(883, 'Προσφορές', 93, 107, '-', '2021-02-03 22:17:38', 'POST /updateOffer'),
(885, 'Προσφορές', 93, 106, '-', '2021-02-04 00:22:37', 'POST /updateOffer'),
(887, 'Προσφορές', 93, 104, '-', '2021-02-04 01:49:01', 'POST /updateOffer'),
(888, 'login', 93, 93, '-', '2021-02-04 11:58:12', 'POST /login'),
(889, 'login', 93, 93, '-', '2021-02-04 12:08:40', 'POST /login'),
(890, 'Προσφορές', 93, 111, '-', '2021-02-04 13:15:18', 'POST /updateOffer'),
(891, 'Προσφορές', 93, 110, '-', '2021-02-04 14:53:24', 'POST /updateOffer'),
(893, 'Προσφορές', 93, 110, '-', '2021-02-04 19:00:46', 'POST /updateOffer'),
(894, 'Προσφορές', 93, 110, '-', '2021-02-04 19:03:16', 'POST /updateOffer'),
(895, 'Προσφορές', 93, 110, '-', '2021-02-04 19:04:15', 'POST /updateOffer'),
(896, 'Προσφορές', 93, 104, '-', '2021-02-04 19:06:04', 'POST /updateOffer'),
(897, 'Προσφορές', 93, 110, '-', '2021-02-04 19:13:57', 'POST /updateOffer'),
(904, 'Προσφορές', 93, 111, '-', '2021-02-05 00:26:07', 'POST /updateOffer'),
(905, 'Προσφορές', 93, 111, '-', '2021-02-05 00:30:52', 'POST /updateOffer'),
(911, 'Προσφορές', 93, 111, '-', '2021-02-05 10:42:01', 'POST /updateOffer'),
(912, 'Προσφορές', 93, 109, '-', '2021-02-05 10:42:22', 'POST /updateOffer'),
(915, 'login', 93, 93, '-', '2021-02-05 13:43:04', 'POST /login'),
(916, 'login', 93, 93, '-', '2021-02-05 13:53:39', 'POST /login'),
(917, 'login', 93, 93, '-', '2021-02-05 14:05:26', 'POST /login'),
(918, 'login', 93, 93, '-', '2021-02-05 14:05:58', 'POST /login'),
(919, 'login', 93, 93, '-', '2021-02-05 14:11:26', 'POST /login'),
(920, 'login', 93, 93, '-', '2021-02-05 14:16:05', 'POST /login'),
(921, 'login', 93, 93, '-', '2021-02-05 14:20:27', 'POST /login'),
(922, 'login', 93, 93, '-', '2021-02-05 14:35:15', 'POST /login'),
(923, 'login', 93, 93, '-', '2021-02-05 14:35:45', 'POST /login'),
(924, 'login', 93, 93, '-', '2021-02-05 14:46:42', 'POST /login'),
(925, 'login', 93, 93, '-', '2021-02-05 14:48:39', 'POST /login'),
(926, 'login', 93, 93, '-', '2021-02-05 14:51:25', 'POST /login'),
(927, 'login', 93, 93, '-', '2021-02-05 14:55:49', 'POST /login'),
(928, 'login', 93, 93, '-', '2021-02-05 14:59:30', 'POST /login'),
(929, 'login', 93, 93, '-', '2021-02-05 15:03:54', 'POST /login'),
(930, 'login', 93, 93, '-', '2021-02-05 15:04:22', 'POST /login'),
(931, 'login', 93, 93, '-', '2021-02-05 15:10:23', 'POST /login'),
(932, 'login', 93, 93, '-', '2021-02-05 15:12:41', 'POST /login'),
(933, 'login', 93, 93, '-', '2021-02-05 15:14:32', 'POST /login'),
(934, 'login', 93, 93, '-', '2021-02-05 15:15:09', 'POST /login'),
(935, 'login', 93, 93, '-', '2021-02-05 15:22:41', 'POST /login'),
(936, 'login', 93, 93, '-', '2021-02-05 15:26:13', 'POST /login'),
(937, 'login', 93, 93, '-', '2021-02-05 15:43:14', 'POST /login'),
(938, 'login', 93, 93, '-', '2021-02-05 15:47:26', 'POST /login'),
(939, 'login', 93, 93, '-', '2021-02-05 15:53:23', 'POST /login'),
(940, 'login', 93, 93, '-', '2021-02-05 15:57:56', 'POST /login'),
(941, 'login', 93, 93, '-', '2021-02-05 16:05:43', 'POST /login'),
(942, 'login', 93, 93, '-', '2021-02-05 16:07:23', 'POST /login'),
(943, 'login', 93, 93, '-', '2021-02-05 16:09:39', 'POST /login'),
(944, 'login', 93, 93, '-', '2021-02-05 16:10:01', 'POST /login'),
(945, 'login', 93, 93, '-', '2021-02-05 16:28:01', 'POST /login'),
(946, 'login', 93, 93, '-', '2021-02-05 16:31:54', 'POST /login'),
(947, 'login', 93, 93, '-', '2021-02-05 16:45:14', 'POST /login'),
(949, 'login', 93, 93, '-', '2021-02-07 02:45:35', 'POST /login'),
(951, 'Προσφορές', 93, 112, '-', '2021-02-07 21:30:40', 'POST /addOffer'),
(952, 'Προσφορές', 93, 112, '-', '2021-02-07 21:30:45', 'POST /updateOffer'),
(954, 'login', 93, 93, '-', '2021-02-08 02:46:24', 'POST /login'),
(955, 'εργοστάσια', 93, 73, '-', '2021-02-08 04:49:26', 'POST /addFactory'),
(956, 'εργοστάσια', 93, 73, '-', '2021-02-08 04:50:32', 'POST /updateFactory'),
(957, 'εργοστάσια', 93, 74, '-', '2021-02-08 17:22:06', 'POST /addFactory'),
(958, 'εργοστάσια', 93, 75, '-', '2021-02-08 17:28:01', 'POST /addFactory'),
(959, 'εργοστάσια', 93, 76, '-', '2021-02-08 17:30:56', 'POST /addFactory'),
(960, 'εργοστάσια', 93, 77, '-', '2021-02-08 17:33:00', 'POST /addFactory'),
(961, 'εργοστάσια', 93, 73, '-', '2021-02-08 18:07:14', 'POST /updateFactory'),
(962, 'εργοστάσια', 93, 73, '-', '2021-02-08 18:07:23', 'POST /updateFactory'),
(963, 'εργοστάσια', 93, 73, '-', '2021-02-08 18:10:53', 'POST /updateFactory'),
(964, 'εργοστάσια', 93, 73, '-', '2021-02-08 18:11:03', 'POST /updateFactory'),
(965, 'εργοστάσια', 93, 76, '-', '2021-02-08 18:13:45', 'POST /updateFactory'),
(966, 'εργοστάσια', 93, 76, '-', '2021-02-08 18:13:57', 'POST /updateFactory'),
(967, 'εργοστάσια', 93, 78, '-', '2021-02-08 18:27:14', 'POST /addFactory'),
(968, 'εργοστάσια', 93, 76, '-', '2021-02-08 18:31:03', 'POST /updateFactory'),
(969, 'εργοστάσια', 93, 76, '-', '2021-02-08 18:31:41', 'POST /updateFactory'),
(970, 'εργοστάσια', 93, 73, '-', '2021-02-08 18:57:33', 'POST /updateFactory'),
(971, 'εργοστάσια', 93, 73, '-', '2021-02-08 18:57:38', 'POST /updateFactory'),
(972, 'εργοστάσια', 93, 76, '-', '2021-02-08 18:57:47', 'POST /updateFactory'),
(973, 'εργοστάσια', 93, 79, '-', '2021-02-08 21:27:06', 'POST /addFactory'),
(974, 'εργοστάσια', 93, 80, '-', '2021-02-08 21:33:26', 'POST /addFactory'),
(975, 'εργοστάσια', 93, 80, '-', '2021-02-08 21:33:37', 'POST /updateFactory'),
(976, 'εργοστάσια', 93, 80, '-', '2021-02-08 21:34:55', 'POST /updateFactory'),
(977, 'εργοστάσια', 93, 80, '-', '2021-02-08 21:35:01', 'POST /updateFactory'),
(978, 'εργοστάσια', 93, 81, '-', '2021-02-08 21:35:43', 'POST /addFactory'),
(979, 'εργοστάσια', 93, 81, '-', '2021-02-08 21:35:50', 'POST /updateFactory'),
(980, 'εργοστάσια', 93, 81, '-', '2021-02-08 21:49:34', 'POST /updateFactory'),
(981, 'εργοστάσια', 93, 82, '-', '2021-02-08 22:12:37', 'POST /addFactory'),
(982, 'εργοστάσια', 93, 82, '-', '2021-02-08 22:12:56', 'POST /updateFactory'),
(983, 'εργοστάσια', 93, 83, '-', '2021-02-08 22:13:44', 'POST /addFactory'),
(984, 'εργοστάσια', 93, 84, '-', '2021-02-08 22:14:07', 'POST /addFactory'),
(985, 'εργοστάσια', 93, 84, '-', '2021-02-08 22:14:22', 'POST /updateFactory'),
(1015, 'εργοστάσια', 93, 81, '-', '2021-02-09 02:01:21', 'POST /updateFactory'),
(1018, 'εργοστάσια', 93, 85, '-', '2021-02-09 02:35:50', 'POST /addFactory'),
(1019, 'εργοστάσια', 93, 86, '-', '2021-02-09 02:36:48', 'POST /addFactory'),
(1020, 'εργοστάσια', 93, 87, '-', '2021-02-09 02:44:37', 'POST /addFactory'),
(1021, 'εργοστάσια', 93, 88, '-', '2021-02-09 02:45:37', 'POST /addFactory'),
(1022, 'login', 93, 93, '-', '2021-02-09 02:48:20', 'POST /login'),
(1024, 'login', 93, 93, '-', '2021-02-09 03:08:26', 'POST /login'),
(1025, 'login', 93, 93, '-', '2021-02-09 03:09:30', 'POST /login'),
(1026, 'login', 93, 93, '-', '2021-02-09 03:16:30', 'POST /login'),
(1028, 'login', 93, 93, '-', '2021-02-09 03:29:02', 'POST /login'),
(1029, 'login', 93, 93, '-', '2021-02-09 04:33:05', 'POST /login'),
(1030, 'login', 93, 93, '-', '2021-02-09 04:33:27', 'POST /login'),
(1031, 'login', 93, 93, '-', '2021-02-09 10:41:13', 'POST /login'),
(1032, 'login', 93, 93, '-', '2021-02-09 11:00:30', 'POST /login'),
(1033, 'login', 93, 93, '-', '2021-02-09 11:00:47', 'POST /login'),
(1034, 'login', 93, 93, '-', '2021-02-09 11:01:53', 'POST /login'),
(1035, 'login', 93, 93, '-', '2021-02-09 11:14:22', 'POST /login'),
(1036, 'login', 93, 93, '-', '2021-02-09 11:37:52', 'POST /login'),
(1037, 'login', 93, 93, '-', '2021-02-09 12:05:44', 'POST /login'),
(1038, 'login', 93, 93, '-', '2021-02-09 12:13:48', 'POST /login'),
(1039, 'login', 93, 93, '-', '2021-02-09 12:15:24', 'POST /login'),
(1040, 'login', 93, 93, '-', '2021-02-09 12:15:43', 'POST /login'),
(1041, 'login', 93, 93, '-', '2021-02-09 12:18:55', 'POST /login'),
(1042, 'login', 93, 93, '-', '2021-02-09 12:26:00', 'POST /login'),
(1043, 'login', 93, 93, '-', '2021-02-09 12:27:32', 'POST /login'),
(1044, 'login', 93, 93, '-', '2021-02-09 12:34:34', 'POST /login'),
(1045, 'login', 93, 93, '-', '2021-02-09 12:36:43', 'POST /login'),
(1054, 'εργοστάσια', 93, 88, '-', '2021-02-10 14:50:34', 'POST /updateFactory'),
(1055, 'εργοστάσια', 93, 89, '-', '2021-02-10 14:51:50', 'POST /addFactory'),
(1059, 'Προσφορές', 93, 110, '-', '2021-02-10 19:35:32', 'POST /updateOffer'),
(1067, 'login', 93, 93, '-', '2021-02-11 01:53:13', 'POST /login'),
(1068, 'Προσφορές', 93, 110, '-', '2021-02-11 02:21:00', 'POST /updateOffer'),
(1070, 'Προσφορές', 93, 85, '-', '2021-02-11 02:32:33', 'POST /updateOffer'),
(1072, 'εργοστάσια', 93, 78, '-', '2021-02-11 03:32:25', 'POST /updateFactory'),
(1073, 'εργοστάσια', 93, 86, '-', '2021-02-11 04:48:13', 'POST /updateFactory'),
(1074, 'εργοστάσια', 93, 86, '-', '2021-02-11 05:22:19', 'POST /updateFactory'),
(1075, 'εργοστάσια', 93, 86, '-', '2021-02-11 05:24:31', 'POST /updateFactory'),
(1076, 'εργοστάσια', 93, 90, '-', '2021-02-11 06:32:33', 'POST /addFactory'),
(1078, 'Package/type', 0, 1, '-', '2021-02-11 12:18:26', 'POST /updatePackageTypeEntry'),
(1079, 'Package/type', 0, 1, '-', '2021-02-11 12:18:29', 'POST /updatePackageTypeEntry'),
(1080, 'Package/type', 0, 4, '-', '2021-02-11 12:18:34', 'POST /addPackageTypeEntry'),
(1081, 'Package/type', 0, 1, '-', '2021-02-11 12:20:59', 'POST /deletePackageTypeEntry'),
(1082, 'Package/type', 0, 2, '-', '2021-02-11 12:21:02', 'POST /deletePackageTypeEntry'),
(1083, 'Package/type', 0, 3, '-', '2021-02-11 12:21:05', 'POST /deletePackageTypeEntry'),
(1084, 'Package/type', 0, 4, '-', '2021-02-11 12:21:07', 'POST /deletePackageTypeEntry'),
(1085, 'Package/type', 0, 5, '-', '2021-02-11 12:21:33', 'POST /addPackageTypeEntry'),
(1086, 'Package/type', 0, 6, '-', '2021-02-11 12:21:38', 'POST /addPackageTypeEntry'),
(1087, 'Package/type', 0, 7, '-', '2021-02-11 12:21:41', 'POST /addPackageTypeEntry'),
(1088, 'Package/type', 0, 8, '-', '2021-02-11 12:21:45', 'POST /addPackageTypeEntry'),
(1089, 'Package/type', 0, 8, '-', '2021-02-11 12:21:55', 'POST /updatePackageTypeEntry'),
(1090, 'Package/type', 0, 7, '-', '2021-02-11 12:22:00', 'POST /updatePackageTypeEntry'),
(1091, 'Package/type', 0, 5, '-', '2021-02-11 12:22:05', 'POST /updatePackageTypeEntry'),
(1092, 'Προσφορές', 93, 100, '-', '2021-02-11 13:09:55', 'POST /updateOffer'),
(1093, 'εργοστάσια', 93, 13, '-', '2021-02-11 13:30:59', 'POST /updateFactory'),
(1094, 'login', 93, 93, '-', '2021-02-12 11:20:24', 'POST /login'),
(1095, 'εργοστάσια', 93, 90, '-', '2021-02-12 11:37:46', 'POST /updateFactory'),
(1096, 'εργοστάσια', 93, 18, '-', '2021-02-12 19:32:01', 'POST /updateFactory'),
(1097, 'εργοστάσια', 93, 13, '-', '2021-02-12 19:33:04', 'POST /updateFactory'),
(1098, 'εργοστάσια', 93, 91, '-', '2021-02-12 19:56:54', 'POST /addFactory'),
(1099, 'εργοστάσια', 93, 92, '-', '2021-02-12 20:01:19', 'POST /addFactory'),
(1100, 'εργοστάσια', 93, 93, '-', '2021-02-12 21:52:52', 'POST /addFactory'),
(1101, 'Προσφορές', 93, 105, '-', '2021-02-12 21:53:38', 'POST /updateOffer'),
(1102, 'Προσφορές', 93, 105, '-', '2021-02-12 21:53:44', 'POST /updateOffer'),
(1104, 'εργοστάσια', 93, 78, '-', '2021-02-12 22:22:38', 'POST /updateFactory'),
(1105, 'εργοστάσια', 93, 86, '-', '2021-02-15 13:48:46', 'POST /updateFactory'),
(1106, 'εργοστάσια', 93, 86, '-', '2021-02-15 13:48:59', 'POST /updateFactory'),
(1107, 'εργοστάσια', 93, 86, '-', '2021-02-15 13:51:15', 'POST /updateFactory'),
(1108, 'εργοστάσια', 93, 86, '-', '2021-02-15 13:58:22', 'POST /updateFactory'),
(1109, 'εργοστάσια', 93, 86, '-', '2021-02-15 13:58:28', 'POST /updateFactory'),
(1110, 'εργοστάσια', 93, 86, '-', '2021-02-15 13:58:33', 'POST /updateFactory'),
(1111, 'εργοστάσια', 93, 86, '-', '2021-02-15 14:02:05', 'POST /updateFactory'),
(1112, 'Προσφορές', 93, 103, '-', '2021-02-15 14:14:01', 'POST /updateOffer'),
(1113, 'Προσφορές', 93, 103, '-', '2021-02-15 14:14:24', 'POST /updateOffer'),
(1114, 'Προσφορές', 93, 103, '-', '2021-02-15 14:14:54', 'POST /updateOffer'),
(1116, 'εργοστάσια', 93, 94, '-', '2021-02-15 14:17:31', 'POST /addFactory'),
(1119, 'εργοστάσια', 93, 95, '-', '2021-02-15 15:33:38', 'POST /addFactory'),
(1120, 'εργοστάσια', 93, 95, '-', '2021-02-15 15:33:50', 'POST /updateFactory'),
(1121, 'εργοστάσια', 93, 95, '-', '2021-02-15 15:34:07', 'POST /updateFactory'),
(1122, 'εργοστάσια', 93, 96, '-', '2021-02-15 15:35:24', 'POST /addFactory'),
(1123, 'εργοστάσια', 93, 97, '-', '2021-02-15 15:38:08', 'POST /addFactory'),
(1124, 'εργοστάσια', 93, 78, '-', '2021-02-15 16:40:50', 'POST /updateFactory'),
(1125, 'εργοστάσια', 93, 78, '-', '2021-02-15 16:43:18', 'POST /updateFactory'),
(1126, 'εργοστάσια', 93, 78, '-', '2021-02-15 16:43:25', 'POST /updateFactory'),
(1127, 'εργοστάσια', 93, 78, '-', '2021-02-15 16:45:57', 'POST /updateFactory'),
(1128, 'εργοστάσια', 93, 78, '-', '2021-02-15 16:46:32', 'POST /updateFactory'),
(1129, 'εργοστάσια', 93, 78, '-', '2021-02-15 16:46:59', 'POST /updateFactory'),
(1130, 'εργοστάσια', 93, 97, '-', '2021-02-15 16:47:16', 'POST /updateFactory'),
(1131, 'εργοστάσια', 93, 97, '-', '2021-02-15 16:48:35', 'POST /updateFactory'),
(1132, 'εργοστάσια', 93, 97, '-', '2021-02-15 16:48:42', 'POST /updateFactory'),
(1133, 'εργοστάσια', 93, 97, '-', '2021-02-15 16:49:56', 'POST /updateFactory'),
(1134, 'εργοστάσια', 93, 97, '-', '2021-02-15 16:50:06', 'POST /updateFactory'),
(1135, 'εργοστάσια', 93, 97, '-', '2021-02-15 16:50:20', 'POST /updateFactory'),
(1136, 'εργοστάσια', 93, 97, '-', '2021-02-15 16:52:03', 'POST /updateFactory'),
(1137, 'εργοστάσια', 93, 97, '-', '2021-02-15 16:52:10', 'POST /updateFactory'),
(1138, 'εργοστάσια', 93, 97, '-', '2021-02-15 16:52:18', 'POST /updateFactory'),
(1139, 'εργοστάσια', 93, 97, '-', '2021-02-15 16:52:29', 'POST /updateFactory'),
(1140, 'εργοστάσια', 93, 97, '-', '2021-02-15 16:52:34', 'POST /updateFactory'),
(1141, 'εργοστάσια', 93, 98, '-', '2021-02-15 16:53:34', 'POST /addFactory'),
(1142, 'εργοστάσια', 93, 99, '-', '2021-02-15 16:56:09', 'POST /addFactory'),
(1143, 'εργοστάσια', 93, 99, '-', '2021-02-15 16:56:20', 'POST /updateFactory'),
(1144, 'εργοστάσια', 93, 82, '-', '2021-02-15 16:57:06', 'POST /updateFactory'),
(1145, 'εργοστάσια', 93, 90, '-', '2021-02-15 17:07:02', 'POST /updateFactory'),
(1146, 'εργοστάσια', 93, 97, '-', '2021-02-15 17:09:20', 'POST /updateFactory'),
(1147, 'Υπεύθυνοι', 93, 16, '-', '2021-02-15 18:55:41', 'POST /updateMeasureUnit'),
(1149, 'εργοστάσια', 93, 94, '-', '2021-02-16 00:06:37', 'POST /updateFactory'),
(1150, 'εργοστάσια', 93, 94, '-', '2021-02-16 00:10:02', 'POST /updateFactory'),
(1151, 'εργοστάσια', 93, 94, '-', '2021-02-16 00:11:12', 'POST /updateFactory'),
(1152, 'εργοστάσια', 93, 94, '-', '2021-02-16 00:11:24', 'POST /updateFactory'),
(1153, 'εργοστάσια', 93, 94, '-', '2021-02-16 00:11:42', 'POST /updateFactory'),
(1154, 'εργοστάσια', 93, 94, '-', '2021-02-16 00:11:53', 'POST /updateFactory'),
(1155, 'login', 93, 93, '-', '2021-02-16 12:13:53', 'POST /login'),
(1156, 'εργοστάσια', 93, 94, '-', '2021-02-16 14:12:32', 'POST /updateFactory'),
(1157, 'εργοστάσια', 93, 94, '-', '2021-02-16 14:25:07', 'POST /updateFactory'),
(1158, 'εργοστάσια', 93, 94, '-', '2021-02-16 14:37:23', 'POST /updateFactory'),
(1159, 'εργοστάσια', 93, 78, '-', '2021-02-16 14:54:55', 'POST /updateFactory'),
(1160, 'εργοστάσια', 93, 78, '-', '2021-02-16 14:55:16', 'POST /updateFactory'),
(1162, 'εργοστάσια', 93, 18, '-', '2021-02-16 15:21:53', 'POST /updateFactory'),
(1163, 'εργοστάσια', 93, 18, '-', '2021-02-16 15:22:15', 'POST /updateFactory'),
(1164, 'εργοστάσια', 93, 100, '-', '2021-02-16 15:24:01', 'POST /addFactory'),
(1165, 'εργοστάσια', 93, 100, '-', '2021-02-16 15:28:19', 'POST /updateFactory'),
(1166, 'εργοστάσια', 93, 100, '-', '2021-02-16 15:28:30', 'POST /updateFactory'),
(1167, 'εργοστάσια', 93, 101, '-', '2021-02-16 17:00:06', 'POST /addFactory'),
(1168, 'εργοστάσια', 93, 101, '-', '2021-02-16 17:00:10', 'POST /updateFactory'),
(1169, 'εργοστάσια', 93, 101, '-', '2021-02-16 17:00:22', 'POST /updateFactory'),
(1170, 'εργοστάσια', 93, 101, '-', '2021-02-16 17:00:30', 'POST /updateFactory'),
(1171, 'εργοστάσια', 93, 101, '-', '2021-02-16 17:02:22', 'POST /updateFactory'),
(1172, 'εργοστάσια', 93, 18, '-', '2021-02-16 17:17:22', 'POST /updateFactory'),
(1173, 'εργοστάσια', 93, 97, '-', '2021-02-16 17:47:16', 'POST /updateFactory'),
(1174, 'εργοστάσια', 93, 78, '-', '2021-02-16 17:49:55', 'POST /updateFactory'),
(1176, 'login', 93, 93, '-', '2021-03-06 20:27:12', 'POST /login'),
(1177, 'login', 93, 93, '-', '2021-03-08 00:46:02', 'POST /login'),
(1196, 'εργοστάσια', 93, 82, '-', '2021-03-08 02:40:30', 'POST /updateFactory'),
(1197, 'εργοστάσια', 93, 82, '-', '2021-03-08 02:46:44', 'POST /updateFactory'),
(1198, 'εργοστάσια', 93, 82, '-', '2021-03-08 02:47:46', 'POST /updateFactory'),
(1199, 'εργοστάσια', 93, 82, '-', '2021-03-08 02:47:47', 'POST /updateFactory'),
(1200, 'εργοστάσια', 93, 82, '-', '2021-03-08 02:47:49', 'POST /updateFactory'),
(1201, 'εργοστάσια', 93, 82, '-', '2021-03-08 02:49:05', 'POST /updateFactory'),
(1202, 'εργοστάσια', 93, 82, '-', '2021-03-08 02:58:10', 'POST /updateFactory'),
(1203, 'εργοστάσια', 93, 82, '-', '2021-03-08 02:59:11', 'POST /updateFactory'),
(1204, 'εργοστάσια', 93, 82, '-', '2021-03-08 02:59:15', 'POST /updateFactory'),
(1205, 'πελατες προμηθευτες', 93, 46, '-', '2021-03-08 03:10:10', 'POST /updateCustomerSupplier'),
(1206, 'πελατες προμηθευτες', 93, 46, '-', '2021-03-08 03:11:21', 'POST /updateCustomerSupplier'),
(1207, 'πελατες προμηθευτες', 93, 46, '-', '2021-03-08 03:12:01', 'POST /updateCustomerSupplier'),
(1208, 'πελατες προμηθευτες', 93, 46, '-', '2021-03-08 03:12:18', 'POST /updateCustomerSupplier'),
(1209, 'πελατες προμηθευτες', 93, 46, '-', '2021-03-08 03:12:20', 'POST /updateCustomerSupplier'),
(1210, 'πελατες προμηθευτες', 93, 46, '-', '2021-03-08 03:12:22', 'POST /updateCustomerSupplier'),
(1211, 'πελατες προμηθευτες', 93, 46, '-', '2021-03-08 03:12:32', 'POST /updateCustomerSupplier'),
(1212, 'πελατες προμηθευτες', 93, 46, '-', '2021-03-08 03:13:34', 'POST /updateCustomerSupplier'),
(1213, 'πελατες προμηθευτες', 93, 46, '-', '2021-03-08 03:14:33', 'POST /updateCustomerSupplier'),
(1214, 'πελατες προμηθευτες', 93, 46, '-', '2021-03-08 03:14:37', 'POST /updateCustomerSupplier'),
(1215, 'πελατες προμηθευτες', 93, 46, '-', '2021-03-08 03:14:52', 'POST /updateCustomerSupplier'),
(1216, 'πελατες προμηθευτες', 93, 46, '-', '2021-03-08 03:15:50', 'POST /updateCustomerSupplier'),
(1217, 'πελατες προμηθευτες', 93, 46, '-', '2021-03-08 03:15:56', 'POST /updateCustomerSupplier'),
(1218, 'πελατες προμηθευτες', 93, 46, '-', '2021-03-08 03:21:46', 'POST /updateCustomerSupplier'),
(1219, 'πελατες προμηθευτες', 93, 46, '-', '2021-03-08 03:26:07', 'POST /updateCustomerSupplier'),
(1220, 'Προσφορές', 93, 111, '-', '2021-03-08 03:34:48', 'POST /updateOffer'),
(1221, 'Προσφορές', 93, 109, '-', '2021-03-08 03:36:35', 'POST /updateOffer'),
(1222, 'Προσφορές', 93, 111, '-', '2021-03-08 03:39:48', 'POST /updateOffer'),
(1223, 'Προσφορές', 93, 111, '-', '2021-03-08 03:39:51', 'POST /updateOffer'),
(1239, 'Προσφορές', 93, 111, '-', '2021-03-08 04:06:17', 'POST /updateOffer'),
(1242, 'ΠΑΡΑΓΓΕΛΙΕΣ', 93, 28, '-', '2021-03-08 04:09:26', 'POST /createOrder'),
(1243, 'ΠΑΡΑΓΓΕΛΙΕΣ', 93, 28, '-', '2021-03-08 04:09:29', 'POST /updateOrder'),
(1244, 'login', 93, 93, '-', '2021-03-09 12:25:45', 'POST /login'),
(1245, 'πελατες προμηθευτες', 93, 2, '-', '2021-03-09 16:08:55', 'POST /addTruck'),
(1246, 'πελατες προμηθευτες', 93, 3, '-', '2021-03-09 16:09:28', 'POST /addTruck'),
(1247, 'πελατες προμηθευτες', 93, 3, '-', '2021-03-09 16:19:49', 'POST /updateTruck'),
(1248, 'πελατες προμηθευτες', 93, 3, '-', '2021-03-09 16:19:54', 'POST /updateTruck'),
(1249, 'πελατες προμηθευτες', 93, 3, '-', '2021-03-09 16:19:59', 'POST /updateTruck'),
(1250, 'πελατες προμηθευτες', 93, 3, '-', '2021-03-09 16:21:49', 'POST /updateTruck');
INSERT INTO `audit_logs` (`id`, `system`, `user_id`, `object_id`, `message`, `creation_date`, `method`) VALUES
(1251, 'πελατες προμηθευτες', 93, 2, '-', '2021-03-09 16:23:50', 'POST /deleteTruck'),
(1252, 'πελατες προμηθευτες', 93, 4, '-', '2021-03-09 16:23:54', 'POST /addTruck'),
(1253, 'πελατες προμηθευτες', 93, 5, '-', '2021-03-09 16:23:59', 'POST /addTruck'),
(1254, 'πελατες προμηθευτες', 93, 6, '-', '2021-03-09 16:24:14', 'POST /addTruck'),
(1255, 'πελατες προμηθευτες', 93, 7, '-', '2021-03-09 16:24:25', 'POST /addTruck'),
(1256, 'πελατες προμηθευτες', 93, 8, '-', '2021-03-09 16:24:29', 'POST /addTruck'),
(1257, 'πελατες προμηθευτες', 93, 9, '-', '2021-03-09 16:24:34', 'POST /addTruck'),
(1258, 'πελατες προμηθευτες', 93, 10, '-', '2021-03-09 16:24:40', 'POST /addTruck'),
(1259, 'πελατες προμηθευτες', 93, 11, '-', '2021-03-09 16:24:50', 'POST /addTruck'),
(1260, 'πελατες προμηθευτες', 93, 12, '-', '2021-03-09 16:24:53', 'POST /addTruck'),
(1261, 'πελατες προμηθευτες', 93, 13, '-', '2021-03-09 16:24:56', 'POST /addTruck'),
(1262, 'πελατες προμηθευτες', 93, 14, '-', '2021-03-09 16:25:00', 'POST /addTruck'),
(1263, 'τύποι φορτηγών', 93, 0, '-', '2021-03-09 17:26:47', 'POST /addTruckType'),
(1264, 'τύποι φορτηγών', 93, 0, '-', '2021-03-09 17:26:57', 'POST /addTruckType'),
(1265, 'τύποι φορτηγών', 93, 3, '-', '2021-03-09 17:29:07', 'POST /updateTruckType'),
(1266, 'τύποι φορτηγών', 93, 3, '-', '2021-03-09 17:29:11', 'POST /updateTruckType'),
(1267, 'τύποι φορτηγών', 93, 3, '-', '2021-03-09 17:30:18', 'POST /updateTruckType'),
(1268, 'τύποι φορτηγών', 93, 3, '-', '2021-03-09 17:30:31', 'POST /updateTruckType'),
(1269, 'τύποι φορτηγών', 93, 1, '-', '2021-03-09 17:30:40', 'POST /updateTruckType'),
(1270, 'τύποι φορτηγών', 93, 3, '-', '2021-03-09 17:32:09', 'POST /updateTruckType'),
(1271, 'τύποι φορτηγών', 93, 1, '-', '2021-03-09 17:32:45', 'POST /updateTruckType'),
(1272, 'τύποι φορτηγών', 93, 3, '-', '2021-03-09 17:32:58', 'POST /updateTruckType'),
(1273, 'τύποι φορτηγών', 93, 2, '-', '2021-03-09 17:33:05', 'POST /updateTruckType'),
(1274, 'τύποι φορτηγών', 93, 0, '-', '2021-03-09 17:33:13', 'POST /addTruckType'),
(1275, 'τύποι φορτηγών', 93, 0, '-', '2021-03-09 17:33:22', 'POST /addTruckType'),
(1276, 'Φορτηγά', 93, 14, '-', '2021-03-09 17:51:00', 'POST /updateTruck'),
(1277, 'Φορτηγά', 93, 14, '-', '2021-03-09 18:24:25', 'POST /updateTruck'),
(1278, 'Φορτηγά', 93, 13, '-', '2021-03-09 18:26:15', 'POST /updateTruck'),
(1279, 'Φορτηγά', 93, 14, '-', '2021-03-09 18:26:39', 'POST /updateTruck'),
(1280, 'Φορτηγά', 93, 14, '-', '2021-03-09 18:28:22', 'POST /updateTruck'),
(1281, 'Φορτηγά', 93, 14, '-', '2021-03-09 18:29:14', 'POST /updateTruck'),
(1282, 'Φορτηγά', 93, 14, '-', '2021-03-09 18:31:21', 'POST /updateTruck'),
(1283, 'Φορτηγά', 93, 14, '-', '2021-03-09 18:31:24', 'POST /updateTruck'),
(1284, 'Φορτηγά', 93, 14, '-', '2021-03-09 18:32:38', 'POST /updateTruck'),
(1285, 'Φορτηγά', 93, 14, '-', '2021-03-09 18:37:28', 'POST /updateTruck'),
(1286, 'Φορτηγά', 93, 14, '-', '2021-03-09 18:38:29', 'POST /updateTruck'),
(1287, 'Φορτηγά', 93, 14, '-', '2021-03-09 18:38:39', 'POST /updateTruck'),
(1288, 'Φορτηγά', 93, 14, '-', '2021-03-09 18:38:59', 'POST /updateTruck'),
(1289, 'Φορτηγά', 93, 13, '-', '2021-03-09 18:40:37', 'POST /updateTruck'),
(1290, 'Φορτηγά', 93, 14, '-', '2021-03-09 18:40:41', 'POST /updateTruck'),
(1291, 'Φορτηγά', 93, 13, '-', '2021-03-09 18:40:45', 'POST /updateTruck'),
(1292, 'Φορτηγά', 93, 15, '-', '2021-03-09 18:42:47', 'POST /addTruck'),
(1293, 'Φορτηγά', 93, 16, '-', '2021-03-09 18:43:36', 'POST /addTruck'),
(1294, 'Φορτηγά', 93, 16, '-', '2021-03-09 18:55:13', 'POST /updateTruck'),
(1295, 'Φορτηγά', 93, 10, '-', '2021-03-09 18:55:26', 'POST /updateTruck'),
(1296, 'Φορτηγά', 93, 15, '-', '2021-03-09 18:55:29', 'POST /updateTruck'),
(1297, 'Φορτηγά', 93, 12, '-', '2021-03-09 18:55:33', 'POST /updateTruck'),
(1298, 'Φορτηγά', 93, 11, '-', '2021-03-09 18:55:37', 'POST /updateTruck'),
(1299, 'Φορτηγά', 93, 16, '-', '2021-03-09 19:10:58', 'POST /updateTruck'),
(1300, 'πελατες προμηθευτες', 93, 46, '-', '2021-03-09 19:15:57', 'POST /updateCustomerSupplier'),
(1301, 'Υπεύθυνοι', 93, 0, '-', '2021-03-09 19:29:49', 'POST /addManager'),
(1302, 'Φορτηγά', 93, 17, '-', '2021-03-10 01:06:29', 'POST /addTruck'),
(1303, 'Φορτηγά', 93, 18, '-', '2021-03-10 01:07:42', 'POST /addTruck'),
(1304, 'Φορτηγά', 93, 19, '-', '2021-03-10 01:08:48', 'POST /addTruck'),
(1305, 'Φορτηγά', 93, 20, '-', '2021-03-10 01:09:48', 'POST /addTruck'),
(1306, 'Φορτηγά', 93, 21, '-', '2021-03-10 01:11:30', 'POST /addTruck'),
(1307, 'Φορτηγά', 93, 22, '-', '2021-03-10 01:18:06', 'POST /addTruck'),
(1308, 'Φορτηγά', 93, 23, '-', '2021-03-10 01:19:10', 'POST /addTruck'),
(1309, 'Φορτηγά', 93, 3, '-', '2021-03-10 01:26:23', 'POST /updateTruck'),
(1310, 'Φορτηγά', 93, 3, '-', '2021-03-10 01:27:31', 'POST /updateTruck'),
(1311, 'Φορτηγά', 93, 4, '-', '2021-03-10 01:28:20', 'POST /updateTruck'),
(1312, 'Φορτηγά', 93, 3, '-', '2021-03-10 01:48:59', 'POST /updateTruck'),
(1313, 'Φορτηγά', 93, 5, '-', '2021-03-10 01:49:16', 'POST /updateTruck'),
(1314, 'Φορτηγά', 93, 11, '-', '2021-03-10 02:07:14', 'POST /updateTruck'),
(1315, 'Φορτηγά', 93, 11, '-', '2021-03-10 02:07:26', 'POST /updateTruck'),
(1316, 'Package/type', 0, 6, '-', '2021-03-10 02:21:24', 'POST /deletePackageTypeEntry'),
(1317, 'τύποι φορτηγών', 93, 0, '-', '2021-03-10 02:29:12', 'POST /addTruckType'),
(1318, 'τύποι φορτηγών', 93, 6, '-', '2021-03-10 02:29:15', 'POST /deleteTruckTypes'),
(1319, 'login', 93, 93, '-', '2021-03-10 12:26:05', 'POST /login'),
(1320, 'Υπεύθυνοι', 93, 0, '-', '2021-03-10 17:51:10', 'POST /addManager'),
(1321, 'Φορτηγά', 93, 3, '-', '2021-03-10 17:51:41', 'POST /updateTruck'),
(1322, 'Φορτηγά', 93, 11, '-', '2021-03-10 17:51:47', 'POST /updateTruck'),
(1323, 'πελατες προμηθευτες', 93, 46, '-', '2021-03-10 17:51:53', 'POST /updateCustomerSupplier'),
(1324, 'Φορτηγά', 93, 15, '-', '2021-03-10 18:44:23', 'POST /updateTruck'),
(1325, 'Φορτηγά', 93, 16, '-', '2021-03-11 00:48:56', 'POST /updateTruck'),
(1326, 'Φορτηγά', 93, 16, '-', '2021-03-11 01:24:12', 'POST /updateTruck'),
(1327, 'Φορτηγά', 93, 16, '-', '2021-03-11 01:26:33', 'POST /updateTruck'),
(1328, 'Φορτηγά', 93, 16, '-', '2021-03-11 01:26:38', 'POST /updateTruck'),
(1329, 'Φορτηγά', 93, 16, '-', '2021-03-11 01:29:30', 'POST /updateTruck'),
(1330, 'Φορτηγά', 93, 16, '-', '2021-03-11 01:29:34', 'POST /updateTruck'),
(1331, 'Φορτηγά', 93, 16, '-', '2021-03-11 01:29:37', 'POST /updateTruck'),
(1332, 'Φορτηγά', 93, 16, '-', '2021-03-11 01:32:27', 'POST /updateTruck'),
(1333, 'Φορτηγά', 93, 16, '-', '2021-03-11 01:32:31', 'POST /updateTruck'),
(1334, 'Φορτηγά', 93, 16, '-', '2021-03-11 01:33:16', 'POST /updateTruck'),
(1335, 'Φορτηγά', 93, 16, '-', '2021-03-11 01:33:19', 'POST /updateTruck'),
(1336, 'Φορτηγά', 93, 16, '-', '2021-03-11 01:33:26', 'POST /updateTruck'),
(1337, 'Φορτηγά', 93, 16, '-', '2021-03-11 01:33:29', 'POST /updateTruck'),
(1338, 'Φορτηγά', 93, 16, '-', '2021-03-11 01:33:41', 'POST /updateTruck'),
(1339, 'Φορτηγά', 93, 16, '-', '2021-03-11 01:34:21', 'POST /updateTruck'),
(1340, 'Φορτηγά', 93, 16, '-', '2021-03-11 01:34:26', 'POST /updateTruck'),
(1341, 'Φορτηγά', 93, 16, '-', '2021-03-11 01:34:31', 'POST /updateTruck'),
(1342, 'Φορτηγά', 93, 16, '-', '2021-03-11 01:34:34', 'POST /updateTruck'),
(1343, 'Φορτηγά', 93, 16, '-', '2021-03-11 01:34:37', 'POST /updateTruck'),
(1344, 'Φορτηγά', 93, 16, '-', '2021-03-11 01:34:41', 'POST /updateTruck'),
(1345, 'Φορτηγά', 93, 16, '-', '2021-03-11 01:44:48', 'POST /updateTruck'),
(1346, 'Φορτηγά', 93, 15, '-', '2021-03-11 01:44:51', 'POST /updateTruck'),
(1347, 'Φορτηγά', 93, 16, '-', '2021-03-11 01:46:53', 'POST /updateTruck'),
(1348, 'Φορτηγά', 93, 16, '-', '2021-03-11 01:58:56', 'POST /updateTruck'),
(1349, 'Φορτηγά', 93, 16, '-', '2021-03-11 01:59:57', 'POST /updateTruck'),
(1350, 'Φορτηγά', 93, 16, '-', '2021-03-11 02:00:00', 'POST /updateTruck'),
(1351, 'Φορτηγά', 93, 16, '-', '2021-03-11 02:00:04', 'POST /updateTruck'),
(1352, 'Φορτηγά', 93, 16, '-', '2021-03-11 02:01:07', 'POST /updateTruck'),
(1353, 'Φορτηγά', 93, 15, '-', '2021-03-11 02:01:10', 'POST /updateTruck'),
(1354, 'Φορτηγά', 93, 14, '-', '2021-03-11 02:01:13', 'POST /updateTruck'),
(1355, 'Φορτηγά', 93, 9, '-', '2021-03-11 02:01:18', 'POST /updateTruck'),
(1356, 'Φορτηγά', 93, 16, '-', '2021-03-11 02:01:23', 'POST /updateTruck'),
(1357, 'Φορτηγά', 93, 16, '-', '2021-03-11 10:51:36', 'POST /updateTruck'),
(1358, 'Φορτηγά', 93, 11, '-', '2021-03-11 11:06:01', 'POST /updateTruck'),
(1359, 'Φορτηγά', 93, 11, '-', '2021-03-11 11:08:26', 'POST /updateTruck'),
(1360, 'Φορτηγά', 93, 11, '-', '2021-03-11 11:08:30', 'POST /updateTruck'),
(1361, 'Φορτηγά', 93, 3, '-', '2021-03-11 11:08:34', 'POST /updateTruck'),
(1362, 'Φορτηγά', 93, 3, '-', '2021-03-11 11:08:39', 'POST /updateTruck'),
(1363, 'Φορτηγά', 93, 3, '-', '2021-03-11 11:08:43', 'POST /updateTruck'),
(1364, 'πελατες προμηθευτες', 93, 46, '-', '2021-03-11 11:28:39', 'POST /updateCustomerSupplier'),
(1365, 'πελατες προμηθευτες', 93, 47, '-', '2021-03-11 11:29:28', 'POST /addCustomerSupplier'),
(1366, 'πελατες προμηθευτες', 93, 47, '-', '2021-03-11 11:30:04', 'POST /updateCustomerSupplier'),
(1367, 'πελατες προμηθευτες', 93, 48, '-', '2021-03-11 11:32:54', 'POST /addCustomerSupplier'),
(1368, 'πελατες προμηθευτες', 93, 49, '-', '2021-03-11 11:36:39', 'POST /addCustomerSupplier'),
(1369, 'πελατες προμηθευτες', 93, 50, '-', '2021-03-11 11:39:23', 'POST /addCustomerSupplier'),
(1370, 'πελατες προμηθευτες', 93, 51, '-', '2021-03-11 11:46:53', 'POST /addCustomerSupplier'),
(1371, 'πελατες προμηθευτες', 93, 52, '-', '2021-03-11 11:48:44', 'POST /addCustomerSupplier'),
(1372, 'πελατες προμηθευτες', 93, 52, '-', '2021-03-11 11:49:59', 'POST /updateCustomerSupplier'),
(1373, 'πελατες προμηθευτες', 93, 53, '-', '2021-03-11 11:59:13', 'POST /addCustomerSupplier'),
(1374, 'πελατες προμηθευτες', 93, 54, '-', '2021-03-11 12:08:19', 'POST /addCustomerSupplier'),
(1375, 'πελατες προμηθευτες', 93, 54, '-', '2021-03-11 12:08:42', 'POST /updateCustomerSupplier'),
(1376, 'πελατες προμηθευτες', 93, 55, '-', '2021-03-11 12:13:00', 'POST /addCustomerSupplier'),
(1377, 'πελατες προμηθευτες', 93, 56, '-', '2021-03-11 12:14:44', 'POST /addCustomerSupplier'),
(1378, 'login', 93, 93, '-', '2021-03-11 12:30:37', 'POST /login'),
(1379, 'ΠΑΡΑΓΓΕΛΙΕΣ', 93, 27, '-', '2021-03-11 15:08:00', 'POST /updateOrder'),
(1380, 'εργοστάσια', 93, 102, '-', '2021-03-11 15:08:26', 'POST /addFactory'),
(1381, 'ΠΑΡΑΓΓΕΛΙΕΣ', 93, 27, '-', '2021-03-11 15:08:27', 'POST /updateOrder'),
(1382, 'ΠΑΡΑΓΓΕΛΙΕΣ', 93, 27, '-', '2021-03-11 15:08:40', 'POST /updateOrder'),
(1383, 'ΠΑΡΑΓΓΕΛΙΕΣ', 93, 28, '-', '2021-03-11 15:36:23', 'POST /updateOrder'),
(1384, 'ΠΑΡΑΓΓΕΛΙΕΣ', 93, 26, '-', '2021-03-11 15:36:54', 'POST /updateOrder'),
(1385, 'ΠΑΡΑΓΓΕΛΙΕΣ', 93, 25, '-', '2021-03-11 15:37:23', 'POST /updateOrder'),
(1386, 'ΠΑΡΑΓΓΕΛΙΕΣ', 93, 24, '-', '2021-03-11 15:38:45', 'POST /updateOrder'),
(1387, 'Προσφορές', 93, 113, '-', '2021-03-12 11:28:13', 'POST /addOffer'),
(1388, 'Προσφορές', 93, 114, '-', '2021-03-12 11:34:47', 'POST /addOffer'),
(1389, 'Προσφορές', 93, 115, '-', '2021-03-12 11:36:12', 'POST /addOffer'),
(1390, 'Προσφορές', 93, 116, '-', '2021-03-12 11:36:37', 'POST /addOffer'),
(1391, 'Προσφορές', 93, 117, '-', '2021-03-12 11:37:43', 'POST /addOffer'),
(1392, 'Προσφορές', 93, 118, '-', '2021-03-12 11:41:00', 'POST /addOffer'),
(1393, 'Προσφορές', 93, 119, '-', '2021-03-12 11:41:32', 'POST /addOffer'),
(1394, 'εργοστάσια', 93, 103, '-', '2021-03-12 11:45:02', 'POST /addFactory'),
(1395, 'εργοστάσια', 93, 104, '-', '2021-03-12 11:45:45', 'POST /addFactory'),
(1396, 'εργοστάσια', 93, 105, '-', '2021-03-12 11:49:51', 'POST /addFactory'),
(1397, 'εργοστάσια', 93, 106, '-', '2021-03-12 11:52:59', 'POST /addFactory'),
(1398, 'εργοστάσια', 93, 107, '-', '2021-03-12 11:55:10', 'POST /addFactory'),
(1399, 'Φορτηγά', 93, 24, '-', '2021-03-13 00:24:09', 'POST /addTruck'),
(1400, 'Φορτηγά', 93, 13, '-', '2021-03-13 00:47:18', 'POST /updateTruck'),
(1401, 'Φορτηγά', 93, 16, '-', '2021-03-13 00:47:29', 'POST /updateTruck'),
(1402, 'Φορτηγά', 93, 16, '-', '2021-03-13 00:48:47', 'POST /updateTruck'),
(1403, 'Φορτηγά', 93, 14, '-', '2021-03-13 01:05:35', 'POST /updateTruck'),
(1404, 'Φορτηγά', 93, 11, '-', '2021-03-13 01:05:52', 'POST /updateTruck'),
(1405, 'Φορτηγά', 93, 24, '-', '2021-03-13 01:39:15', 'POST /updateTruck'),
(1406, 'Φορτηγά', 93, 25, '-', '2021-03-13 01:41:07', 'POST /addTruck'),
(1407, 'Φορτηγά', 93, 3, '-', '2021-03-13 03:18:33', 'POST /updateTruck'),
(1408, 'Φορτηγά', 93, 4, '-', '2021-03-13 03:18:51', 'POST /updateTruck'),
(1409, 'Φορτηγά', 93, 6, '-', '2021-03-13 03:20:16', 'POST /updateTruck'),
(1410, 'login', 93, 93, '-', '2021-03-13 13:31:37', 'POST /login'),
(1411, 'login', 93, 93, '-', '2021-03-15 12:17:35', 'POST /login'),
(1412, 'login', 93, 93, '-', '2021-03-16 12:26:27', 'POST /login'),
(1413, 'login', 93, 93, '-', '2021-03-17 15:15:12', 'POST /login'),
(1414, 'login', 93, 93, '-', '2021-03-18 20:03:27', 'POST /login'),
(1415, 'login', 93, 93, '-', '2021-03-18 21:41:24', 'POST /login'),
(1416, 'πελατες προμηθευτες', 93, 56, '-', '2021-03-19 02:28:47', 'POST /updateCustomerSupplier'),
(1417, 'πελατες προμηθευτες', 93, 56, '-', '2021-03-19 02:28:56', 'POST /updateCustomerSupplier'),
(1418, 'πελατες προμηθευτες', 93, 56, '-', '2021-03-19 02:29:13', 'POST /updateCustomerSupplier'),
(1419, 'πελατες προμηθευτες', 93, 56, '-', '2021-03-19 02:39:23', 'POST /updateCustomerSupplier'),
(1420, 'πελατες προμηθευτες', 93, 56, '-', '2021-03-19 02:41:51', 'POST /updateCustomerSupplier'),
(1421, 'πελατες προμηθευτες', 93, 56, '-', '2021-03-19 03:00:33', 'POST /updateCustomerSupplier'),
(1422, 'πελατες προμηθευτες', 93, 56, '-', '2021-03-19 03:00:45', 'POST /updateCustomerSupplier'),
(1423, 'πελατες προμηθευτες', 93, 56, '-', '2021-03-19 03:01:03', 'POST /updateCustomerSupplier'),
(1424, 'login', 93, 93, '-', '2021-03-24 11:14:53', 'POST /login'),
(1425, 'ΠΑΡΑΓΓΕΛΙΕΣ', 93, 28, '-', '2021-03-24 11:27:27', 'POST /updateOrder'),
(1426, 'ΠΑΡΑΓΓΕΛΙΕΣ', 93, 28, '-', '2021-03-24 13:45:02', 'POST /updateOrder'),
(1427, 'ΠΑΡΑΓΓΕΛΙΕΣ', 93, 28, '-', '2021-03-24 14:30:49', 'POST /updateOrder'),
(1428, 'ΠΑΡΑΓΓΕΛΙΕΣ', 93, 28, '-', '2021-03-24 14:31:04', 'POST /updateOrder'),
(1429, 'ΠΑΡΑΓΓΕΛΙΕΣ', 93, 28, '-', '2021-03-24 14:31:11', 'POST /updateOrder'),
(1430, 'ΠΑΡΑΓΓΕΛΙΕΣ', 93, 28, '-', '2021-03-24 14:32:44', 'POST /updateOrder'),
(1431, 'ΠΑΡΑΓΓΕΛΙΕΣ', 93, 28, '-', '2021-03-24 14:35:30', 'POST /updateOrder'),
(1432, 'ΠΑΡΑΓΓΕΛΙΕΣ', 93, 28, '-', '2021-03-24 14:37:28', 'POST /updateOrder'),
(1433, 'ΠΑΡΑΓΓΕΛΙΕΣ', 93, 28, '-', '2021-03-24 14:37:38', 'POST /updateOrder'),
(1434, 'ΠΑΡΑΓΓΕΛΙΕΣ', 93, 28, '-', '2021-03-24 15:45:35', 'POST /updateOrder'),
(1435, 'ΠΑΡΑΓΓΕΛΙΕΣ', 93, 28, '-', '2021-03-24 15:48:37', 'POST /updateOrder'),
(1436, 'ΠΑΡΑΓΓΕΛΙΕΣ', 93, 27, '-', '2021-03-24 16:00:21', 'POST /updateOrder'),
(1437, 'ΠΑΡΑΓΓΕΛΙΕΣ', 93, 27, '-', '2021-03-24 16:06:57', 'POST /updateOrder'),
(1438, 'ΠΑΡΑΓΓΕΛΙΕΣ', 93, 27, '-', '2021-03-24 16:14:30', 'POST /updateOrder'),
(1439, 'πελατες προμηθευτες', 93, 56, '-', '2021-03-24 16:44:07', 'POST /updateCustomerSupplier'),
(1440, '', 0, 0, '-', '2021-03-26 15:00:40', 'POST /sendEmailWS'),
(1441, '', 0, 0, '-', '2021-03-26 15:02:37', 'POST /sendEmailWS'),
(1442, '', 0, 0, '-', '2021-03-26 15:09:44', 'POST /sendEmailWS'),
(1443, '', 0, 0, '-', '2021-03-26 15:27:12', 'POST /sendEmailWS'),
(1444, '', 0, 0, '-', '2021-03-26 15:27:44', 'POST /sendEmailWS'),
(1445, '', 0, 0, '-', '2021-03-26 15:28:49', 'POST /sendEmailWS'),
(1446, '', 0, 0, '-', '2021-03-26 15:30:52', 'POST /sendEmailWS'),
(1447, '', 0, 0, '-', '2021-03-26 15:34:32', 'POST /sendEmailWS'),
(1448, '', 0, 0, '-', '2021-03-26 15:42:13', 'POST /sendEmailWS'),
(1449, '', 0, 0, '-', '2021-03-26 15:43:43', 'POST /sendEmailWS'),
(1450, '', 0, 0, '-', '2021-03-26 15:48:45', 'POST /sendEmailWS'),
(1451, '', 0, 0, '-', '2021-03-26 15:49:24', 'POST /sendEmailWS'),
(1452, '', 0, 0, '-', '2021-03-26 16:38:58', 'POST /sendEmailWS'),
(1453, '', 0, 0, '-', '2021-03-26 16:39:49', 'POST /sendEmailWS'),
(1454, '', 0, 0, '-', '2021-03-26 16:40:11', 'POST /sendEmailWS'),
(1455, '', 0, 0, '-', '2021-03-26 16:47:43', 'POST /sendEmailWS'),
(1456, '', 0, 0, '-', '2021-03-26 16:48:44', 'POST /sendEmailWS'),
(1457, '', 0, 0, '-', '2021-03-26 17:36:16', 'POST /sendEmailWS'),
(1458, '', 0, 0, '-', '2021-03-26 17:36:40', 'POST /sendEmailWS'),
(1459, 'login', 93, 93, '-', '2021-04-01 11:16:26', 'POST /login'),
(1460, 'login', 93, 93, '-', '2021-04-02 11:42:27', 'POST /login'),
(1461, 'ΠΑΡΑΓΓΕΛΙΕΣ', 93, 29, '-', '2021-04-02 11:48:09', 'POST /createOrder'),
(1462, 'ΠΑΡΑΓΓΕΛΙΕΣ', 93, 30, '-', '2021-04-02 11:48:33', 'POST /createOrder'),
(1463, 'login', 93, 93, '-', '2021-04-03 11:52:32', 'POST /login'),
(1464, 'εργοστάσια', 93, 108, '-', '2021-04-04 02:53:07', 'POST /addFactory'),
(1465, 'ΠΑΡΑΓΓΕΛΙΕΣ', 93, 24, '-', '2021-04-04 02:53:12', 'POST /updateOrder'),
(1466, 'login', 93, 93, '-', '2021-04-04 14:40:27', 'POST /login'),
(1467, 'ΠΑΡΑΓΓΕΛΙΕΣ', 93, 23, '-', '2021-04-05 03:17:37', 'POST /updateOrder'),
(1468, 'ΠΑΡΑΓΓΕΛΙΕΣ', 93, 23, '-', '2021-04-05 04:08:02', 'POST /updateOrder'),
(1469, 'ΠΑΡΑΓΓΕΛΙΕΣ', 93, 23, '-', '2021-04-05 04:08:44', 'POST /updateOrder'),
(1470, 'Φόρτωση', 0, 0, '-', '2021-04-05 14:09:52', 'POST /saveOrderLoading'),
(1471, 'Φόρτωση', 0, 0, '-', '2021-04-05 14:43:10', 'POST /saveOrderLoading'),
(1472, 'Φόρτωση', 0, 0, '-', '2021-04-05 15:04:10', 'POST /saveOrderLoading'),
(1473, 'Φόρτωση', 0, 0, '-', '2021-04-05 15:05:17', 'POST /saveOrderLoading'),
(1474, 'login', 93, 93, '-', '2021-04-05 15:18:53', 'POST /login'),
(1475, 'login', 93, 93, '-', '2021-04-05 15:40:30', 'POST /login'),
(1476, 'login', 93, 93, '-', '2021-04-05 15:43:53', 'POST /login'),
(1477, 'login', 93, 93, '-', '2021-04-05 15:45:01', 'POST /login'),
(1478, 'login', 93, 93, '-', '2021-04-06 17:49:13', 'POST /login'),
(1479, 'Φόρτωση', 0, 0, '-', '2021-04-06 19:46:48', 'POST /saveOrderLoading'),
(1480, 'Φόρτωση', 0, 0, '-', '2021-04-06 19:58:52', 'POST /saveOrderLoading'),
(1481, 'Φόρτωση', 0, 0, '-', '2021-04-06 20:24:38', 'POST /saveOrderLoading'),
(1482, 'Φόρτωση', 0, 0, '-', '2021-04-06 20:28:19', 'POST /saveOrderLoading'),
(1483, 'Φόρτωση', 0, 0, '-', '2021-04-06 20:28:51', 'POST /saveOrderLoading'),
(1484, 'ΠΑΡΑΓΓΕΛΙΕΣ', 93, 23, '-', '2021-04-06 20:31:25', 'POST /updateOrder'),
(1485, 'Φόρτωση', 0, 0, '-', '2021-04-06 20:34:17', 'POST /saveOrderLoading'),
(1486, 'Φόρτωση', 0, 0, '-', '2021-04-06 20:36:40', 'POST /saveOrderLoading'),
(1487, 'Φόρτωση', 0, 0, '-', '2021-04-06 20:44:15', 'POST /saveOrderLoading'),
(1488, 'Φόρτωση', 0, 0, '-', '2021-04-06 21:30:29', 'POST /saveOrderLoading'),
(1489, 'Φόρτωση', 0, 12, '-', '2021-04-06 23:32:30', 'POST /updateOrderLoading'),
(1490, 'Φόρτωση', 0, 12, '-', '2021-04-06 23:35:18', 'POST /updateOrderLoading'),
(1491, 'Φόρτωση', 0, 12, '-', '2021-04-06 23:35:41', 'POST /updateOrderLoading'),
(1492, 'Φόρτωση', 0, 12, '-', '2021-04-06 23:35:56', 'POST /updateOrderLoading'),
(1493, 'Φόρτωση', 0, 12, '-', '2021-04-06 23:37:13', 'POST /updateOrderLoading'),
(1494, 'Φόρτωση', 0, 12, '-', '2021-04-06 23:39:13', 'POST /updateOrderLoading'),
(1495, 'Φόρτωση', 0, 12, '-', '2021-04-06 23:41:23', 'POST /updateOrderLoading'),
(1496, 'Φόρτωση', 0, 11, '-', '2021-04-06 23:41:42', 'POST /updateOrderLoading'),
(1497, 'Φόρτωση', 0, 0, '-', '2021-04-06 23:50:51', 'POST /saveOrderLoading'),
(1498, 'Φόρτωση', 0, 13, '-', '2021-04-07 00:16:29', 'POST /updateOrderLoading'),
(1499, 'Φόρτωση', 0, 13, '-', '2021-04-07 00:17:43', 'POST /updateOrderLoading'),
(1500, 'Φόρτωση', 0, 13, '-', '2021-04-07 00:17:59', 'POST /updateOrderLoading'),
(1501, 'Φόρτωση', 0, 13, '-', '2021-04-07 00:27:50', 'POST /updateOrderLoading'),
(1502, 'Φόρτωση', 0, 0, '-', '2021-04-07 00:38:20', 'POST /saveOrderLoading'),
(1503, 'Φόρτωση', 0, 0, '-', '2021-04-07 00:40:41', 'POST /saveOrderLoading'),
(1504, 'Φόρτωση', 0, 15, '-', '2021-04-07 02:42:53', 'POST /updateOrderLoading'),
(1505, 'Φόρτωση', 0, 15, '-', '2021-04-07 02:46:16', 'POST /updateOrderLoading'),
(1506, 'Φόρτωση', 0, 17, '-', '2021-04-07 02:50:07', 'POST /updateOrderLoading'),
(1507, 'Φόρτωση', 0, 17, '-', '2021-04-07 02:59:07', 'POST /updateOrderLoading'),
(1508, 'Φόρτωση', 0, 17, '-', '2021-04-07 03:00:47', 'POST /updateOrderLoading'),
(1509, 'Φόρτωση', 0, 17, '-', '2021-04-07 03:02:25', 'POST /updateOrderLoading'),
(1510, 'Φόρτωση', 0, 17, '-', '2021-04-07 03:02:49', 'POST /updateOrderLoading'),
(1511, 'Φόρτωση', 0, 17, '-', '2021-04-07 03:04:10', 'POST /updateOrderLoading'),
(1512, 'Φόρτωση', 0, 17, '-', '2021-04-07 03:04:14', 'POST /updateOrderLoading'),
(1513, 'Φόρτωση', 0, 17, '-', '2021-04-07 03:04:37', 'POST /updateOrderLoading'),
(1514, 'Φόρτωση', 0, 17, '-', '2021-04-07 03:05:23', 'POST /updateOrderLoading'),
(1515, 'ΠΑΡΑΓΓΕΛΙΕΣ', 93, 31, '-', '2021-04-07 03:12:07', 'POST /createOrder'),
(1516, 'εργοστάσια', 93, 109, '-', '2021-04-07 03:12:34', 'POST /addFactory'),
(1517, 'ΠΑΡΑΓΓΕΛΙΕΣ', 93, 31, '-', '2021-04-07 03:12:37', 'POST /updateOrder'),
(1518, 'ΠΑΡΑΓΓΕΛΙΕΣ', 93, 31, '-', '2021-04-07 03:12:50', 'POST /updateOrder'),
(1519, 'εργοστάσια', 93, 110, '-', '2021-04-07 03:13:05', 'POST /addFactory'),
(1520, 'ΠΑΡΑΓΓΕΛΙΕΣ', 93, 31, '-', '2021-04-07 03:13:07', 'POST /updateOrder'),
(1521, 'ΠΑΡΑΓΓΕΛΙΕΣ', 93, 32, '-', '2021-04-07 03:13:51', 'POST /createOrder'),
(1522, 'Προσφορές', 93, 87, '-', '2021-04-07 03:14:04', 'POST /updateOffer'),
(1523, 'Προσφορές', 93, 87, '-', '2021-04-07 03:14:11', 'POST /updateOffer'),
(1524, 'ΠΑΡΑΓΓΕΛΙΕΣ', 93, 33, '-', '2021-04-07 03:14:14', 'POST /createOrder'),
(1525, 'Φόρτωση', 0, 17, '-', '2021-04-07 03:14:33', 'POST /updateOrderLoading'),
(1526, 'Φόρτωση', 0, 17, '-', '2021-04-07 03:14:36', 'POST /updateOrderLoading'),
(1527, 'Φόρτωση', 0, 17, '-', '2021-04-07 03:15:14', 'POST /updateOrderLoading'),
(1528, 'Φόρτωση', 0, 0, '-', '2021-04-07 10:47:29', 'POST /saveOrderLoading'),
(1529, 'Φόρτωση', 0, 0, '-', '2021-04-07 12:16:01', 'POST /saveOrderLoading'),
(1530, 'Φόρτωση', 0, 0, '-', '2021-04-07 12:19:31', 'POST /saveOrderLoading'),
(1531, 'Φόρτωση', 0, 0, '-', '2021-04-07 12:23:14', 'POST /saveOrderLoading'),
(1532, 'Φόρτωση', 0, 0, '-', '2021-04-07 12:29:19', 'POST /saveOrderLoading'),
(1533, 'Φόρτωση', 0, 0, '-', '2021-04-07 12:33:51', 'POST /saveOrderLoading'),
(1534, 'Φόρτωση', 0, 0, '-', '2021-04-07 12:35:09', 'POST /saveOrderLoading'),
(1535, 'Φόρτωση', 0, 0, '-', '2021-04-07 12:38:33', 'POST /saveOrderLoading'),
(1536, 'Φορτηγά', 93, 26, '-', '2021-04-07 13:00:49', 'POST /addTruck'),
(1537, 'Φορτηγά', 93, 27, '-', '2021-04-07 13:01:14', 'POST /addTruck'),
(1538, 'Φόρτωση', 0, 0, '-', '2021-04-07 13:19:05', 'POST /saveOrderLoading'),
(1539, 'Φόρτωση', 0, 0, '-', '2021-04-07 13:21:43', 'POST /saveOrderLoading'),
(1540, 'Φόρτωση', 0, 0, '-', '2021-04-07 13:23:30', 'POST /saveOrderLoading'),
(1541, 'Φόρτωση', 0, 0, '-', '2021-04-07 13:33:41', 'POST /saveOrderLoading'),
(1542, 'Φόρτωση', 0, 0, '-', '2021-04-07 13:47:27', 'POST /saveOrderLoading'),
(1543, 'Φόρτωση', 0, 0, '-', '2021-04-07 13:49:05', 'POST /saveOrderLoading'),
(1544, 'Φόρτωση', 0, 0, '-', '2021-04-07 14:07:00', 'POST /saveOrderLoading'),
(1545, 'Φόρτωση', 0, 0, '-', '2021-04-07 14:12:04', 'POST /saveOrderLoading'),
(1546, 'Φόρτωση', 0, 0, '-', '2021-04-07 14:13:44', 'POST /saveOrderLoading'),
(1547, 'Φόρτωση', 0, 0, '-', '2021-04-07 14:14:27', 'POST /saveOrderLoading'),
(1548, 'Φόρτωση', 0, 0, '-', '2021-04-07 14:27:23', 'POST /saveOrderLoading'),
(1549, 'Φόρτωση', 0, 0, '-', '2021-04-07 14:28:54', 'POST /saveOrderLoading'),
(1550, 'εργοστάσια', 93, 110, '-', '2021-04-07 14:32:56', 'POST /updateFactory'),
(1551, 'ΠΑΡΑΓΓΕΛΙΕΣ', 93, 33, '-', '2021-04-07 14:33:06', 'POST /updateOrder'),
(1552, 'Φόρτωση', 0, 0, '-', '2021-04-07 14:35:08', 'POST /saveOrderLoading'),
(1553, 'Φόρτωση', 0, 0, '-', '2021-04-07 14:41:27', 'POST /saveOrderLoading'),
(1554, 'Φόρτωση', 0, 0, '-', '2021-04-07 14:41:47', 'POST /saveOrderLoading'),
(1555, 'Φόρτωση', 0, 40, '-', '2021-04-07 15:30:22', 'POST /updateOrderLoading'),
(1556, 'Φόρτωση', 0, 40, '-', '2021-04-07 15:33:20', 'POST /updateOrderLoading'),
(1557, 'Φόρτωση', 0, 0, '-', '2021-04-07 16:23:40', 'POST /saveOrderLoading'),
(1558, 'ΗΜΕΡΙΔΕΣ', 93, 0, '-', '2021-04-07 16:38:08', 'POST /deleteOrderLoading'),
(1559, 'login', 93, 93, '-', '2021-04-07 17:56:52', 'POST /login'),
(1560, 'Φόρτωση', 0, 41, '-', '2021-04-07 21:39:13', 'POST /updateOrderLoading'),
(1561, 'ΗΜΕΡΙΔΕΣ', 93, 0, '-', '2021-04-07 21:40:02', 'POST /deleteOrderLoading'),
(1562, 'ΗΜΕΡΙΔΕΣ', 93, 0, '-', '2021-04-07 21:40:05', 'POST /deleteOrderLoading'),
(1563, 'εργοστάσια', 93, 102, '-', '2021-04-07 21:41:23', 'POST /updateFactory'),
(1564, 'ΠΑΡΑΓΓΕΛΙΕΣ', 93, 27, '-', '2021-04-07 21:41:25', 'POST /updateOrder'),
(1565, 'εργοστάσια', 93, 102, '-', '2021-04-07 21:42:16', 'POST /updateFactory'),
(1566, 'ΠΑΡΑΓΓΕΛΙΕΣ', 93, 27, '-', '2021-04-07 21:42:17', 'POST /updateOrder'),
(1567, 'εργοστάσια', 93, 102, '-', '2021-04-07 21:42:47', 'POST /updateFactory'),
(1568, 'ΠΑΡΑΓΓΕΛΙΕΣ', 93, 27, '-', '2021-04-07 21:42:49', 'POST /updateOrder'),
(1569, 'Φόρτωση', 0, 0, '-', '2021-04-07 21:43:43', 'POST /saveOrderLoading'),
(1570, 'Φόρτωση', 0, 0, '-', '2021-04-07 21:45:46', 'POST /saveOrderLoading'),
(1571, 'Φόρτωση', 0, 0, '-', '2021-04-07 21:46:03', 'POST /saveOrderLoading'),
(1572, 'εργοστάσια', 93, 111, '-', '2021-04-07 21:47:35', 'POST /addFactory'),
(1573, 'ΠΑΡΑΓΓΕΛΙΕΣ', 93, 32, '-', '2021-04-07 21:48:04', 'POST /updateOrder'),
(1574, 'login', 93, 93, '-', '2021-04-08 17:57:10', 'POST /login'),
(1575, 'login', 93, 93, '-', '2021-04-08 17:58:05', 'POST /login'),
(1576, 'Φορτηγά', 93, 27, '-', '2021-04-08 21:01:24', 'POST /updateTruck'),
(1577, 'Φορτηγά', 93, 27, '-', '2021-04-08 21:01:32', 'POST /updateTruck'),
(1578, 'Φορτηγά', 93, 9, '-', '2021-04-08 21:02:04', 'POST /updateTruck'),
(1579, 'Φορτηγά', 93, 14, '-', '2021-04-08 21:06:42', 'POST /updateTruck'),
(1580, 'Φορτηγά', 93, 15, '-', '2021-04-08 21:06:51', 'POST /updateTruck'),
(1581, 'Φορτηγά', 93, 27, '-', '2021-04-08 21:08:02', 'POST /updateTruck'),
(1582, 'Φορτηγά', 93, 24, '-', '2021-04-08 21:08:13', 'POST /updateTruck'),
(1583, 'Φορτηγά', 93, 24, '-', '2021-04-08 21:08:18', 'POST /updateTruck'),
(1584, 'Φορτηγά', 93, 25, '-', '2021-04-08 21:08:21', 'POST /updateTruck'),
(1585, 'Φορτηγά', 93, 26, '-', '2021-04-08 21:08:28', 'POST /updateTruck'),
(1586, 'Φορτηγά', 93, 16, '-', '2021-04-08 21:08:45', 'POST /updateTruck'),
(1587, 'Φορτηγά', 93, 13, '-', '2021-04-08 21:08:58', 'POST /updateTruck'),
(1588, 'Φορτηγά', 93, 12, '-', '2021-04-08 21:09:21', 'POST /updateTruck'),
(1589, 'Φορτηγά', 93, 11, '-', '2021-04-08 21:09:31', 'POST /updateTruck'),
(1590, 'Φορτηγά', 93, 10, '-', '2021-04-08 21:09:43', 'POST /updateTruck'),
(1591, 'Φορτηγά', 93, 8, '-', '2021-04-08 21:09:53', 'POST /updateTruck'),
(1592, 'Φορτηγά', 93, 7, '-', '2021-04-08 21:10:01', 'POST /updateTruck'),
(1593, 'Φορτηγά', 93, 6, '-', '2021-04-08 21:10:09', 'POST /updateTruck'),
(1594, 'Φορτηγά', 93, 5, '-', '2021-04-08 21:10:20', 'POST /updateTruck'),
(1595, 'Φορτηγά', 93, 4, '-', '2021-04-08 21:10:27', 'POST /updateTruck'),
(1596, 'Φορτηγά', 93, 3, '-', '2021-04-08 21:10:35', 'POST /updateTruck'),
(1597, 'Φόρτωση', 0, 43, '-', '2021-04-08 21:50:16', 'POST /updateOrderLoading'),
(1598, 'Φόρτωση', 0, 43, '-', '2021-04-08 21:50:39', 'POST /updateOrderLoading'),
(1599, 'Φόρτωση', 0, 43, '-', '2021-04-08 21:53:12', 'POST /updateOrderLoading'),
(1600, 'Φόρτωση', 0, 43, '-', '2021-04-08 21:54:30', 'POST /updateOrderLoading'),
(1601, 'Φόρτωση', 0, 43, '-', '2021-04-08 21:54:41', 'POST /updateOrderLoading'),
(1602, 'Φόρτωση', 0, 44, '-', '2021-04-08 22:09:27', 'POST /updateOrderLoading'),
(1603, 'Φορτηγά', 93, 3, '-', '2021-04-08 22:29:50', 'POST /updateTruck'),
(1604, 'Φόρτωση', 0, 43, '-', '2021-04-08 22:30:23', 'POST /updateOrderLoading'),
(1605, 'Φόρτωση', 0, 44, '-', '2021-04-08 22:41:12', 'POST /updateOrderLoading'),
(1606, 'Φόρτωση', 0, 43, '-', '2021-04-09 00:52:44', 'POST /updateOrderLoading'),
(1607, 'Φόρτωση', 0, 42, '-', '2021-04-09 00:54:51', 'POST /updateOrderLoading'),
(1608, 'Φόρτωση', 0, 43, '-', '2021-04-09 00:55:43', 'POST /updateOrderLoading'),
(1609, 'Φόρτωση', 0, 43, '-', '2021-04-09 00:56:13', 'POST /updateOrderLoading'),
(1610, 'Φόρτωση', 0, 43, '-', '2021-04-09 01:32:27', 'POST /updateOrderLoading'),
(1611, 'Φόρτωση', 0, 43, '-', '2021-04-09 01:32:37', 'POST /updateOrderLoading'),
(1612, 'Φόρτωση', 0, 43, '-', '2021-04-09 01:37:00', 'POST /updateOrderLoading'),
(1613, 'Φόρτωση', 0, 43, '-', '2021-04-09 01:43:24', 'POST /updateOrderLoading'),
(1614, 'Φόρτωση', 0, 43, '-', '2021-04-09 01:47:58', 'POST /updateOrderLoading'),
(1615, 'Φόρτωση', 0, 43, '-', '2021-04-09 01:48:03', 'POST /updateOrderLoading'),
(1616, 'Φόρτωση', 0, 43, '-', '2021-04-09 01:48:06', 'POST /updateOrderLoading'),
(1617, 'Φόρτωση', 0, 43, '-', '2021-04-09 01:48:12', 'POST /updateOrderLoading'),
(1618, 'Φόρτωση', 0, 43, '-', '2021-04-09 01:48:25', 'POST /updateOrderLoading'),
(1619, 'Φόρτωση', 0, 43, '-', '2021-04-09 01:48:28', 'POST /updateOrderLoading'),
(1620, 'Φόρτωση', 0, 43, '-', '2021-04-09 01:49:32', 'POST /updateOrderLoading'),
(1621, 'Φόρτωση', 0, 43, '-', '2021-04-09 01:49:37', 'POST /updateOrderLoading'),
(1622, 'Φόρτωση', 0, 43, '-', '2021-04-09 01:55:32', 'POST /updateOrderLoading'),
(1623, 'Φόρτωση', 0, 43, '-', '2021-04-09 02:03:24', 'POST /updateOrderLoading'),
(1624, 'Φόρτωση', 0, 43, '-', '2021-04-09 02:03:35', 'POST /updateOrderLoading'),
(1625, 'Φόρτωση', 0, 43, '-', '2021-04-09 02:03:53', 'POST /updateOrderLoading'),
(1626, 'Φόρτωση', 0, 43, '-', '2021-04-09 02:04:11', 'POST /updateOrderLoading'),
(1627, 'Φόρτωση', 0, 43, '-', '2021-04-09 02:04:29', 'POST /updateOrderLoading'),
(1628, 'Φόρτωση', 0, 43, '-', '2021-04-09 02:04:49', 'POST /updateOrderLoading'),
(1629, 'Φόρτωση', 0, 43, '-', '2021-04-09 02:06:49', 'POST /updateOrderLoading'),
(1630, 'Φόρτωση', 0, 43, '-', '2021-04-09 02:06:58', 'POST /updateOrderLoading'),
(1631, 'Φόρτωση', 0, 43, '-', '2021-04-09 02:08:46', 'POST /updateOrderLoading'),
(1632, 'Φόρτωση', 0, 43, '-', '2021-04-09 02:09:25', 'POST /updateOrderLoading'),
(1633, 'Φόρτωση', 0, 43, '-', '2021-04-09 02:09:30', 'POST /updateOrderLoading'),
(1634, 'Φόρτωση', 0, 43, '-', '2021-04-09 02:29:33', 'POST /updateOrderLoading'),
(1635, 'Φόρτωση', 0, 43, '-', '2021-04-09 02:30:50', 'POST /updateOrderLoading'),
(1636, 'Φόρτωση', 0, 44, '-', '2021-04-09 02:31:17', 'POST /updateOrderLoading'),
(1637, 'Φόρτωση', 0, 44, '-', '2021-04-09 02:31:37', 'POST /updateOrderLoading'),
(1638, 'Φόρτωση', 0, 44, '-', '2021-04-09 02:31:55', 'POST /updateOrderLoading'),
(1639, 'Φόρτωση', 0, 44, '-', '2021-04-09 02:32:03', 'POST /updateOrderLoading'),
(1640, 'Φόρτωση', 0, 44, '-', '2021-04-09 02:32:15', 'POST /updateOrderLoading'),
(1641, 'Φόρτωση', 0, 44, '-', '2021-04-09 02:32:28', 'POST /updateOrderLoading'),
(1642, 'Φόρτωση', 0, 44, '-', '2021-04-09 02:39:23', 'POST /updateOrderLoading'),
(1643, 'Φόρτωση', 0, 44, '-', '2021-04-09 02:39:38', 'POST /updateOrderLoading'),
(1644, 'Φόρτωση', 0, 44, '-', '2021-04-09 02:39:49', 'POST /updateOrderLoading'),
(1645, 'Φόρτωση', 0, 44, '-', '2021-04-09 02:40:01', 'POST /updateOrderLoading'),
(1646, 'Φόρτωση', 0, 44, '-', '2021-04-09 02:40:36', 'POST /updateOrderLoading'),
(1647, 'Φόρτωση', 0, 44, '-', '2021-04-09 02:45:35', 'POST /updateOrderLoading'),
(1648, 'Φόρτωση', 0, 44, '-', '2021-04-09 02:45:48', 'POST /updateOrderLoading'),
(1649, 'Φόρτωση', 0, 44, '-', '2021-04-09 02:48:20', 'POST /updateOrderLoading'),
(1650, 'Φόρτωση', 0, 44, '-', '2021-04-09 02:49:51', 'POST /updateOrderLoading'),
(1651, 'Φόρτωση', 0, 44, '-', '2021-04-09 02:50:06', 'POST /updateOrderLoading'),
(1652, 'Φόρτωση', 0, 44, '-', '2021-04-09 02:50:12', 'POST /updateOrderLoading'),
(1653, 'Φόρτωση', 0, 44, '-', '2021-04-09 02:50:18', 'POST /updateOrderLoading'),
(1654, 'Φόρτωση', 0, 44, '-', '2021-04-09 02:50:28', 'POST /updateOrderLoading'),
(1655, 'Φόρτωση', 0, 44, '-', '2021-04-09 02:50:36', 'POST /updateOrderLoading'),
(1656, 'Φόρτωση', 0, 44, '-', '2021-04-09 02:50:47', 'POST /updateOrderLoading'),
(1657, 'Φόρτωση', 0, 44, '-', '2021-04-09 02:50:55', 'POST /updateOrderLoading'),
(1658, 'Φόρτωση', 0, 44, '-', '2021-04-09 02:51:07', 'POST /updateOrderLoading'),
(1659, 'Φόρτωση', 0, 44, '-', '2021-04-09 02:51:23', 'POST /updateOrderLoading'),
(1660, 'Φόρτωση', 0, 44, '-', '2021-04-09 02:51:29', 'POST /updateOrderLoading'),
(1661, 'Φόρτωση', 0, 44, '-', '2021-04-09 02:51:44', 'POST /updateOrderLoading'),
(1662, 'Φόρτωση', 0, 44, '-', '2021-04-09 02:52:08', 'POST /updateOrderLoading'),
(1663, 'Φόρτωση', 0, 44, '-', '2021-04-09 02:52:24', 'POST /updateOrderLoading'),
(1664, 'Φόρτωση', 0, 44, '-', '2021-04-09 02:52:40', 'POST /updateOrderLoading'),
(1665, 'Φόρτωση', 0, 44, '-', '2021-04-09 02:53:02', 'POST /updateOrderLoading'),
(1666, 'Φόρτωση', 0, 44, '-', '2021-04-09 02:53:17', 'POST /updateOrderLoading'),
(1667, 'Φόρτωση', 0, 44, '-', '2021-04-09 03:08:40', 'POST /updateOrderLoading'),
(1668, 'Φόρτωση', 0, 44, '-', '2021-04-09 03:10:49', 'POST /updateOrderLoading'),
(1669, 'Φόρτωση', 0, 44, '-', '2021-04-09 03:12:09', 'POST /updateOrderLoading'),
(1670, 'Φόρτωση', 0, 44, '-', '2021-04-09 03:12:29', 'POST /updateOrderLoading'),
(1671, 'Φόρτωση', 0, 42, '-', '2021-04-09 16:53:15', 'POST /updateOrderLoading'),
(1672, 'Φόρτωση', 0, 42, '-', '2021-04-09 16:53:20', 'POST /updateOrderLoading'),
(1673, 'Φόρτωση', 0, 43, '-', '2021-04-09 16:56:27', 'POST /updateOrderLoading'),
(1674, 'Φόρτωση', 0, 43, '-', '2021-04-09 16:56:34', 'POST /updateOrderLoading'),
(1675, 'Προσφορές', 93, 120, '-', '2021-04-09 17:18:40', 'POST /addOffer'),
(1676, 'Προσφορές', 93, 120, '-', '2021-04-09 17:18:47', 'POST /updateOffer'),
(1677, 'ΠΑΡΑΓΓΕΛΙΕΣ', 93, 34, '-', '2021-04-09 17:18:51', 'POST /createOrder'),
(1678, 'ΠΑΡΑΓΓΕΛΙΕΣ', 93, 34, '-', '2021-04-09 17:19:06', 'POST /updateOrder'),
(1679, 'ΠΑΡΑΓΓΕΛΙΕΣ', 93, 34, '-', '2021-04-09 17:19:20', 'POST /updateOrder'),
(1680, 'εργοστάσια', 93, 112, '-', '2021-04-09 17:19:47', 'POST /addFactory'),
(1681, 'ΠΑΡΑΓΓΕΛΙΕΣ', 93, 34, '-', '2021-04-09 17:19:49', 'POST /updateOrder'),
(1682, 'εργοστάσια', 93, 113, '-', '2021-04-09 17:20:31', 'POST /addFactory'),
(1683, 'ΠΑΡΑΓΓΕΛΙΕΣ', 93, 34, '-', '2021-04-09 17:20:32', 'POST /updateOrder'),
(1684, 'εργοστάσια', 93, 114, '-', '2021-04-09 17:21:07', 'POST /addFactory'),
(1685, 'ΠΑΡΑΓΓΕΛΙΕΣ', 93, 34, '-', '2021-04-09 17:21:16', 'POST /updateOrder'),
(1686, 'εργοστάσια', 93, 115, '-', '2021-04-09 17:21:36', 'POST /addFactory'),
(1687, 'ΠΑΡΑΓΓΕΛΙΕΣ', 93, 34, '-', '2021-04-09 17:21:38', 'POST /updateOrder'),
(1688, 'εργοστάσια', 93, 116, '-', '2021-04-09 17:22:12', 'POST /addFactory'),
(1689, 'ΠΑΡΑΓΓΕΛΙΕΣ', 93, 34, '-', '2021-04-09 17:22:13', 'POST /updateOrder'),
(1690, 'εργοστάσια', 93, 117, '-', '2021-04-09 17:22:31', 'POST /addFactory'),
(1691, 'ΠΑΡΑΓΓΕΛΙΕΣ', 93, 34, '-', '2021-04-09 17:22:37', 'POST /updateOrder'),
(1692, 'ΠΑΡΑΓΓΕΛΙΕΣ', 93, 34, '-', '2021-04-09 17:27:29', 'POST /updateOrder'),
(1693, 'Φόρτωση', 0, 0, '-', '2021-04-09 17:44:35', 'POST /saveOrderLoading'),
(1694, 'login', 93, 93, '-', '2021-04-09 18:11:21', 'POST /login'),
(1695, 'Φόρτωση', 0, 45, '-', '2021-04-09 18:12:08', 'POST /updateOrderLoading'),
(1696, 'ΗΜΕΡΙΔΕΣ', 93, 0, '-', '2021-04-09 18:12:23', 'POST /deleteOrderLoading'),
(1697, 'Φόρτωση', 0, 0, '-', '2021-04-09 18:13:19', 'POST /saveOrderLoading'),
(1698, 'Φόρτωση', 0, 46, '-', '2021-04-09 18:13:48', 'POST /updateOrderLoading'),
(1699, 'Φόρτωση', 0, 46, '-', '2021-04-09 18:16:00', 'POST /updateOrderLoading'),
(1700, 'Φόρτωση', 0, 46, '-', '2021-04-09 18:20:34', 'POST /updateOrderLoading'),
(1701, 'Φόρτωση', 0, 0, '-', '2021-04-09 18:21:09', 'POST /saveOrderLoading'),
(1702, 'Φόρτωση', 0, 47, '-', '2021-04-09 18:21:23', 'POST /updateOrderLoading'),
(1703, 'login', 93, 93, '-', '2021-04-09 18:23:11', 'POST /login'),
(1704, 'login', 93, 93, '-', '2021-04-09 18:27:03', 'POST /login'),
(1705, 'login', 93, 93, '-', '2021-04-09 18:29:14', 'POST /login'),
(1706, 'Φόρτωση', 0, 47, '-', '2021-04-09 18:30:10', 'POST /updateOrderLoading'),
(1707, 'Φόρτωση', 0, 47, '-', '2021-04-09 18:31:38', 'POST /updateOrderLoading'),
(1708, 'login', 93, 93, '-', '2021-04-09 18:34:36', 'POST /login'),
(1709, 'login', 93, 93, '-', '2021-04-09 18:39:44', 'POST /login'),
(1710, 'login', 93, 93, '-', '2021-04-09 18:42:31', 'POST /login'),
(1711, 'Φορτηγά', 93, 24, '-', '2021-04-10 02:38:48', 'POST /updateTruck'),
(1712, 'login', 93, 93, '-', '2021-04-12 12:25:15', 'POST /login'),
(1713, 'ΠΑΡΑΓΓΕΛΙΕΣ', 93, 35, '-', '2021-04-12 12:27:39', 'POST /createOrder'),
(1714, 'εργοστάσια', 93, 118, '-', '2021-04-12 12:30:17', 'POST /addFactory'),
(1715, 'εργοστάσια', 93, 119, '-', '2021-04-12 12:31:43', 'POST /addFactory'),
(1716, 'ΠΑΡΑΓΓΕΛΙΕΣ', 93, 35, '-', '2021-04-12 12:31:52', 'POST /updateOrder'),
(1717, 'εργοστάσια', 93, 120, '-', '2021-04-12 12:52:00', 'POST /addFactory'),
(1718, 'ΠΑΡΑΓΓΕΛΙΕΣ', 93, 35, '-', '2021-04-12 12:55:43', 'POST /updateOrder'),
(1719, 'εργοστάσια', 93, 121, '-', '2021-04-12 13:01:20', 'POST /addFactory'),
(1720, 'ΠΑΡΑΓΓΕΛΙΕΣ', 93, 35, '-', '2021-04-12 13:01:21', 'POST /updateOrder'),
(1721, 'εργοστάσια', 93, 122, '-', '2021-04-12 13:01:58', 'POST /addFactory'),
(1722, 'ΠΑΡΑΓΓΕΛΙΕΣ', 93, 35, '-', '2021-04-12 13:01:59', 'POST /updateOrder'),
(1723, 'εργοστάσια', 93, 123, '-', '2021-04-12 13:26:23', 'POST /addFactory'),
(1724, 'ΠΑΡΑΓΓΕΛΙΕΣ', 93, 30, '-', '2021-04-12 13:26:24', 'POST /updateOrder'),
(1725, 'εργοστάσια', 93, 124, '-', '2021-04-12 13:26:54', 'POST /addFactory'),
(1726, 'ΠΑΡΑΓΓΕΛΙΕΣ', 93, 30, '-', '2021-04-12 13:26:55', 'POST /updateOrder'),
(1727, 'εργοστάσια', 93, 125, '-', '2021-04-12 13:46:05', 'POST /addFactory'),
(1728, 'ΠΑΡΑΓΓΕΛΙΕΣ', 93, 26, '-', '2021-04-12 13:46:06', 'POST /updateOrder'),
(1729, 'εργοστάσια', 93, 126, '-', '2021-04-12 21:31:22', 'POST /addFactory'),
(1730, 'ΠΑΡΑΓΓΕΛΙΕΣ', 93, 30, '-', '2021-04-12 21:31:24', 'POST /updateOrder'),
(1731, 'εργοστάσια', 93, 127, '-', '2021-04-12 21:32:08', 'POST /addFactory'),
(1732, 'ΠΑΡΑΓΓΕΛΙΕΣ', 93, 29, '-', '2021-04-12 21:32:09', 'POST /updateOrder'),
(1733, 'Φόρτωση', 0, 47, '-', '2021-04-14 12:55:24', 'POST /updateOrderLoading'),
(1734, 'login', 93, 93, '-', '2021-04-15 10:35:49', 'POST /login'),
(1735, 'Φόρτωση', 0, 47, '-', '2021-04-15 12:01:39', 'POST /updateOrderLoading'),
(1736, 'εργοστάσια', 93, 123, '-', '2021-04-15 12:31:44', 'POST /updateFactory'),
(1737, 'ΠΑΡΑΓΓΕΛΙΕΣ', 93, 30, '-', '2021-04-15 12:31:45', 'POST /updateOrder'),
(1738, 'εργοστάσια', 93, 126, '-', '2021-04-15 12:31:56', 'POST /updateFactory'),
(1739, 'εργοστάσια', 93, 124, '-', '2021-04-15 12:32:09', 'POST /updateFactory'),
(1740, 'ΠΑΡΑΓΓΕΛΙΕΣ', 93, 30, '-', '2021-04-15 12:32:14', 'POST /updateOrder'),
(1741, 'Προσφορές', 93, 119, '-', '2021-04-15 12:59:57', 'POST /updateOffer'),
(1742, 'Προσφορές', 93, 119, '-', '2021-04-15 13:00:21', 'POST /updateOffer'),
(1743, 'Προσφορές', 93, 119, '-', '2021-04-15 13:00:36', 'POST /updateOffer'),
(1744, 'Προσφορές', 93, 119, '-', '2021-04-15 13:01:29', 'POST /updateOffer'),
(1745, 'Προσφορές', 93, 119, '-', '2021-04-15 13:01:37', 'POST /updateOffer'),
(1746, 'Προσφορές', 93, 119, '-', '2021-04-15 13:01:42', 'POST /updateOffer'),
(1747, 'ΠΑΡΑΓΓΕΛΙΕΣ', 93, 36, '-', '2021-04-15 13:01:45', 'POST /createOrder'),
(1748, 'ΠΑΡΑΓΓΕΛΙΕΣ', 93, 36, '-', '2021-04-15 13:02:27', 'POST /updateOrder'),
(1749, 'Προσφορές', 93, 121, '-', '2021-04-15 13:04:31', 'POST /addOffer'),
(1750, 'Προσφορές', 93, 121, '-', '2021-04-15 13:07:45', 'POST /updateOffer'),
(1751, 'Προσφορές', 93, 121, '-', '2021-04-15 13:08:14', 'POST /updateOffer'),
(1752, 'ΠΑΡΑΓΓΕΛΙΕΣ', 93, 37, '-', '2021-04-15 13:08:34', 'POST /createOrder'),
(1753, 'ΠΑΡΑΓΓΕΛΙΕΣ', 93, 37, '-', '2021-04-15 13:09:10', 'POST /updateOrder'),
(1754, 'ΠΑΡΑΓΓΕΛΙΕΣ', 93, 37, '-', '2021-04-15 13:09:44', 'POST /updateOrder'),
(1755, 'εργοστάσια', 93, 128, '-', '2021-04-15 13:10:43', 'POST /addFactory'),
(1756, 'ΠΑΡΑΓΓΕΛΙΕΣ', 93, 37, '-', '2021-04-15 13:10:45', 'POST /updateOrder'),
(1757, 'ΠΑΡΑΓΓΕΛΙΕΣ', 93, 37, '-', '2021-04-15 13:11:38', 'POST /updateOrder'),
(1758, 'ΠΑΡΑΓΓΕΛΙΕΣ', 93, 37, '-', '2021-04-15 13:12:05', 'POST /updateOrder'),
(1759, 'εργοστάσια', 93, 129, '-', '2021-04-15 13:12:32', 'POST /addFactory'),
(1760, 'ΠΑΡΑΓΓΕΛΙΕΣ', 93, 37, '-', '2021-04-15 13:12:35', 'POST /updateOrder'),
(1761, 'εργοστάσια', 93, 130, '-', '2021-04-15 13:13:08', 'POST /addFactory'),
(1762, 'εργοστάσια', 93, 130, '-', '2021-04-15 13:13:33', 'POST /updateFactory'),
(1763, 'ΠΑΡΑΓΓΕΛΙΕΣ', 93, 37, '-', '2021-04-15 13:13:38', 'POST /updateOrder'),
(1764, 'ΠΑΡΑΓΓΕΛΙΕΣ', 93, 37, '-', '2021-04-15 13:13:48', 'POST /updateOrder'),
(1765, 'εργοστάσια', 93, 131, '-', '2021-04-15 13:14:13', 'POST /addFactory'),
(1766, 'ΠΑΡΑΓΓΕΛΙΕΣ', 93, 37, '-', '2021-04-15 13:14:15', 'POST /updateOrder'),
(1767, 'ΠΑΡΑΓΓΕΛΙΕΣ', 93, 37, '-', '2021-04-15 13:14:49', 'POST /updateOrder'),
(1768, 'Φόρτωση', 0, 0, '-', '2021-04-15 13:16:24', 'POST /saveOrderLoading'),
(1769, 'Φόρτωση', 0, 48, '-', '2021-04-15 13:16:46', 'POST /updateOrderLoading'),
(1770, 'Φόρτωση', 0, 48, '-', '2021-04-15 13:16:53', 'POST /updateOrderLoading'),
(1771, 'Φόρτωση', 0, 48, '-', '2021-04-15 13:25:24', 'POST /updateOrderLoading'),
(1772, 'Φόρτωση', 0, 48, '-', '2021-04-15 13:25:30', 'POST /updateOrderLoading'),
(1773, 'Φόρτωση', 0, 48, '-', '2021-04-15 13:25:35', 'POST /updateOrderLoading'),
(1774, 'Φόρτωση', 0, 48, '-', '2021-04-15 13:25:42', 'POST /updateOrderLoading'),
(1775, 'Φόρτωση', 0, 48, '-', '2021-04-15 13:53:14', 'POST /updateOrderLoading'),
(1776, 'Φόρτωση', 0, 48, '-', '2021-04-15 13:59:31', 'POST /updateOrderLoading'),
(1777, 'Φόρτωση', 0, 48, '-', '2021-04-15 14:17:05', 'POST /updateOrderLoading'),
(1778, 'Φορτηγά', 93, 28, '-', '2021-04-15 14:27:06', 'POST /addTruck'),
(1779, 'Φόρτωση', 0, 0, '-', '2021-04-15 14:27:53', 'POST /saveOrderLoading'),
(1780, 'Φόρτωση', 0, 49, '-', '2021-04-15 14:27:59', 'POST /updateOrderLoading'),
(1781, 'Φόρτωση', 0, 49, '-', '2021-04-15 14:28:01', 'POST /updateOrderLoading'),
(1782, 'Φόρτωση', 0, 0, '-', '2021-04-15 14:29:10', 'POST /saveOrderLoading'),
(1783, 'Φόρτωση', 0, 50, '-', '2021-04-15 14:29:18', 'POST /updateOrderLoading'),
(1784, 'Φόρτωση', 0, 50, '-', '2021-04-15 14:29:21', 'POST /updateOrderLoading'),
(1785, 'Φόρτωση', 0, 50, '-', '2021-04-15 14:34:56', 'POST /updateOrderLoading'),
(1786, 'Φόρτωση', 0, 50, '-', '2021-04-15 14:35:03', 'POST /updateOrderLoading'),
(1787, 'Φόρτωση', 0, 50, '-', '2021-04-15 14:35:07', 'POST /updateOrderLoading'),
(1788, 'Φόρτωση', 0, 50, '-', '2021-04-15 14:35:15', 'POST /updateOrderLoading'),
(1789, 'Φόρτωση', 0, 0, '-', '2021-04-15 14:35:45', 'POST /saveOrderLoading'),
(1790, 'Φόρτωση', 0, 51, '-', '2021-04-15 14:35:49', 'POST /updateOrderLoading'),
(1791, 'Φόρτωση', 0, 51, '-', '2021-04-15 14:35:50', 'POST /updateOrderLoading'),
(1792, 'Φόρτωση', 0, 0, '-', '2021-04-15 14:37:33', 'POST /saveOrderLoading'),
(1793, 'ΗΜΕΡΙΔΕΣ', 93, 0, '-', '2021-04-15 14:48:05', 'POST /deleteOrderLoading'),
(1794, 'ΗΜΕΡΙΔΕΣ', 93, 0, '-', '2021-04-15 14:48:10', 'POST /deleteOrderLoading'),
(1795, 'ΗΜΕΡΙΔΕΣ', 93, 0, '-', '2021-04-15 14:48:13', 'POST /deleteOrderLoading'),
(1796, 'ΗΜΕΡΙΔΕΣ', 93, 0, '-', '2021-04-15 14:48:17', 'POST /deleteOrderLoading'),
(1797, 'ΗΜΕΡΙΔΕΣ', 93, 0, '-', '2021-04-15 14:48:20', 'POST /deleteOrderLoading'),
(1798, 'ΗΜΕΡΙΔΕΣ', 93, 0, '-', '2021-04-15 14:48:23', 'POST /deleteOrderLoading'),
(1799, 'Φόρτωση', 0, 0, '-', '2021-04-15 15:03:13', 'POST /saveOrderLoading'),
(1800, 'Φόρτωση', 0, 46, '-', '2021-04-15 15:20:12', 'POST /updateOrderLoading'),
(1801, 'Φόρτωση', 0, 53, '-', '2021-04-15 16:33:28', 'POST /updateOrderLoading'),
(1802, 'Φόρτωση', 0, 53, '-', '2021-04-15 16:33:59', 'POST /updateOrderLoading'),
(1803, 'Φόρτωση', 0, 53, '-', '2021-04-15 16:35:26', 'POST /updateOrderLoading'),
(1804, 'Φόρτωση', 0, 53, '-', '2021-04-15 16:35:40', 'POST /updateOrderLoading'),
(1805, 'Φόρτωση', 0, 53, '-', '2021-04-15 16:40:14', 'POST /updateOrderLoading'),
(1806, 'Φόρτωση', 0, 53, '-', '2021-04-15 16:41:29', 'POST /updateOrderLoading'),
(1807, 'Φόρτωση', 0, 53, '-', '2021-04-15 16:42:03', 'POST /updateOrderLoading'),
(1808, 'Φόρτωση', 0, 53, '-', '2021-04-15 16:43:02', 'POST /updateOrderLoading'),
(1809, 'Φόρτωση', 0, 53, '-', '2021-04-15 16:43:30', 'POST /updateOrderLoading'),
(1810, 'Φόρτωση', 0, 53, '-', '2021-04-15 16:46:31', 'POST /updateOrderLoading'),
(1811, 'Φόρτωση', 0, 53, '-', '2021-04-15 16:49:10', 'POST /updateOrderLoading'),
(1812, 'Φόρτωση', 0, 53, '-', '2021-04-15 22:27:41', 'POST /updateOrderLoading'),
(1813, 'Φόρτωση', 0, 53, '-', '2021-04-15 22:27:47', 'POST /updateOrderLoading'),
(1814, 'Φόρτωση', 0, 53, '-', '2021-04-15 22:27:58', 'POST /updateOrderLoading'),
(1815, 'Φόρτωση', 0, 53, '-', '2021-04-15 22:28:01', 'POST /updateOrderLoading'),
(1816, 'Φόρτωση', 0, 53, '-', '2021-04-15 22:28:20', 'POST /updateOrderLoading'),
(1817, 'Φόρτωση', 0, 53, '-', '2021-04-15 22:28:35', 'POST /updateOrderLoading'),
(1818, 'Φόρτωση', 0, 53, '-', '2021-04-15 22:28:40', 'POST /updateOrderLoading'),
(1819, 'Φόρτωση', 0, 53, '-', '2021-04-15 22:28:44', 'POST /updateOrderLoading'),
(1820, 'Φόρτωση', 0, 53, '-', '2021-04-15 22:28:47', 'POST /updateOrderLoading'),
(1821, 'Φόρτωση', 0, 53, '-', '2021-04-15 22:28:52', 'POST /updateOrderLoading'),
(1822, 'Φόρτωση', 0, 53, '-', '2021-04-15 22:28:55', 'POST /updateOrderLoading'),
(1823, 'Φόρτωση', 0, 53, '-', '2021-04-15 22:30:45', 'POST /updateOrderLoading'),
(1824, 'Φόρτωση', 0, 53, '-', '2021-04-15 22:30:57', 'POST /updateOrderLoading'),
(1825, 'Φόρτωση', 0, 53, '-', '2021-04-15 22:31:14', 'POST /updateOrderLoading'),
(1826, 'Φόρτωση', 0, 42, '-', '2021-04-15 22:32:51', 'POST /updateOrderLoading'),
(1827, 'Φόρτωση', 0, 43, '-', '2021-04-15 22:38:48', 'POST /updateOrderLoading'),
(1828, 'Φόρτωση', 0, 44, '-', '2021-04-15 23:18:14', 'POST /updateOrderLoading'),
(1829, 'Φόρτωση', 0, 44, '-', '2021-04-15 23:18:38', 'POST /updateOrderLoading'),
(1830, 'ΠΑΡΑΓΓΕΛΙΕΣ', 93, 37, '-', '2021-04-15 23:44:09', 'POST /updateOrder'),
(1831, 'Φόρτωση', 0, 0, '-', '2021-04-16 00:14:38', 'POST /saveOrderLoading'),
(1832, 'Φόρτωση', 0, 0, '-', '2021-04-16 00:16:39', 'POST /saveOrderLoading'),
(1833, 'Φόρτωση', 0, 55, '-', '2021-04-16 00:17:16', 'POST /updateOrderLoading'),
(1834, 'Φόρτωση', 0, 55, '-', '2021-04-16 00:19:41', 'POST /updateOrderLoading'),
(1835, 'Φόρτωση', 0, 55, '-', '2021-04-16 00:20:18', 'POST /updateOrderLoading'),
(1836, 'Φόρτωση', 0, 55, '-', '2021-04-16 00:21:19', 'POST /updateOrderLoading'),
(1837, 'Φόρτωση', 0, 55, '-', '2021-04-16 00:21:59', 'POST /updateOrderLoading'),
(1838, 'Φόρτωση', 0, 55, '-', '2021-04-16 00:22:41', 'POST /updateOrderLoading'),
(1839, 'Φόρτωση', 0, 55, '-', '2021-04-16 00:38:46', 'POST /updateOrderLoading'),
(1840, 'Φόρτωση', 0, 55, '-', '2021-04-16 00:38:49', 'POST /updateOrderLoading'),
(1841, 'Φόρτωση', 0, 55, '-', '2021-04-16 00:38:53', 'POST /updateOrderLoading'),
(1842, 'Φόρτωση', 0, 55, '-', '2021-04-16 00:38:58', 'POST /updateOrderLoading'),
(1843, 'Φόρτωση', 0, 55, '-', '2021-04-16 00:38:59', 'POST /updateOrderLoading'),
(1844, 'Φόρτωση', 0, 55, '-', '2021-04-16 19:14:03', 'POST /updateOrderLoading'),
(1845, 'Φόρτωση', 0, 55, '-', '2021-04-16 19:15:15', 'POST /updateOrderLoading'),
(1846, 'Φόρτωση', 0, 55, '-', '2021-04-16 19:16:10', 'POST /updateOrderLoading'),
(1847, 'Φόρτωση', 0, 0, '-', '2021-04-16 19:17:16', 'POST /saveOrderLoading'),
(1848, 'ΗΜΕΡΙΔΕΣ', 2, 0, '-', '2021-04-16 19:17:57', 'POST /deleteOrderLoading'),
(1849, 'ΗΜΕΡΙΔΕΣ', 2, 0, '-', '2021-04-16 19:18:00', 'POST /deleteOrderLoading'),
(1850, 'Φόρτωση', 0, 0, '-', '2021-04-16 19:18:14', 'POST /saveOrderLoading'),
(1851, 'Φόρτωση', 0, 57, '-', '2021-04-16 19:32:16', 'POST /updateOrderLoading'),
(1852, 'Φόρτωση', 0, 57, '-', '2021-04-16 19:36:48', 'POST /updateOrderLoading'),
(1853, 'Φόρτωση', 0, 57, '-', '2021-04-16 19:37:11', 'POST /updateOrderLoading'),
(1854, 'Φόρτωση', 0, 57, '-', '2021-04-16 19:37:52', 'POST /updateOrderLoading'),
(1855, 'Φόρτωση', 0, 57, '-', '2021-04-16 19:46:39', 'POST /updateOrderLoading'),
(1856, 'Φόρτωση', 0, 57, '-', '2021-04-16 20:12:08', 'POST /updateOrderLoading'),
(1857, 'Φόρτωση', 0, 57, '-', '2021-04-16 20:24:09', 'POST /updateOrderLoading'),
(1858, 'Φόρτωση', 0, 57, '-', '2021-04-16 20:25:11', 'POST /updateOrderLoading'),
(1859, 'Φόρτωση', 0, 57, '-', '2021-04-16 20:25:25', 'POST /updateOrderLoading'),
(1860, 'Φόρτωση', 0, 57, '-', '2021-04-16 20:25:42', 'POST /updateOrderLoading'),
(1861, 'Φόρτωση', 0, 57, '-', '2021-04-16 20:26:16', 'POST /updateOrderLoading'),
(1862, 'ΗΜΕΡΙΔΕΣ', 2, 0, '-', '2021-04-16 20:36:40', 'POST /deleteOrderLoading'),
(1863, 'Φόρτωση', 0, 54, '-', '2021-04-16 20:36:49', 'POST /updateOrderLoading'),
(1864, 'Φόρτωση', 0, 54, '-', '2021-04-16 20:44:28', 'POST /updateOrderLoading'),
(1865, 'Φόρτωση', 0, 54, '-', '2021-04-16 20:46:07', 'POST /updateOrderLoading'),
(1866, 'Φόρτωση', 0, 54, '-', '2021-04-16 20:47:24', 'POST /updateOrderLoading'),
(1867, 'Φόρτωση', 0, 54, '-', '2021-04-16 20:47:56', 'POST /updateOrderLoading'),
(1868, 'Φόρτωση', 0, 54, '-', '2021-04-16 21:10:46', 'POST /updateOrderLoading'),
(1869, 'Φόρτωση', 0, 54, '-', '2021-04-16 21:10:58', 'POST /updateOrderLoading'),
(1870, 'Φόρτωση', 0, 54, '-', '2021-04-16 21:11:46', 'POST /updateOrderLoading'),
(1871, 'Φόρτωση', 0, 54, '-', '2021-04-16 21:13:29', 'POST /updateOrderLoading'),
(1872, 'Φόρτωση', 0, 54, '-', '2021-04-16 21:13:42', 'POST /updateOrderLoading'),
(1873, 'Φόρτωση', 0, 54, '-', '2021-04-16 21:15:09', 'POST /updateOrderLoading'),
(1874, 'Φόρτωση', 0, 54, '-', '2021-04-16 21:15:13', 'POST /updateOrderLoading'),
(1875, 'Φόρτωση', 0, 0, '-', '2021-04-16 21:18:34', 'POST /saveOrderLoading'),
(1876, 'ΗΜΕΡΙΔΕΣ', 2, 0, '-', '2021-04-16 21:19:33', 'POST /deleteOrderLoading'),
(1877, 'Φόρτωση', 0, 0, '-', '2021-04-16 21:19:44', 'POST /saveOrderLoading'),
(1878, 'Φόρτωση', 0, 59, '-', '2021-04-16 21:20:30', 'POST /updateOrderLoading'),
(1879, 'ΗΜΕΡΙΔΕΣ', 2, 0, '-', '2021-04-16 21:20:40', 'POST /deleteOrderLoading'),
(1880, 'ΗΜΕΡΙΔΕΣ', 2, 0, '-', '2021-04-16 21:22:27', 'POST /deleteOrderLoading'),
(1881, 'ΗΜΕΡΙΔΕΣ', 2, 0, '-', '2021-04-16 21:22:30', 'POST /deleteOrderLoading'),
(1882, 'Φόρτωση', 0, 0, '-', '2021-04-16 21:27:58', 'POST /saveOrderLoading'),
(1883, 'Φόρτωση', 0, 0, '-', '2021-04-16 21:29:53', 'POST /saveOrderLoading'),
(1884, 'ΗΜΕΡΙΔΕΣ', 2, 0, '-', '2021-04-16 21:30:43', 'POST /deleteOrderLoading'),
(1885, 'Φόρτωση', 0, 0, '-', '2021-04-16 21:31:06', 'POST /saveOrderLoading'),
(1886, 'Φόρτωση', 0, 0, '-', '2021-04-16 21:32:14', 'POST /saveOrderLoading'),
(1887, 'ΗΜΕΡΙΔΕΣ', 2, 0, '-', '2021-04-16 21:34:41', 'POST /deleteOrderLoading'),
(1888, 'ΗΜΕΡΙΔΕΣ', 2, 0, '-', '2021-04-16 21:34:46', 'POST /deleteOrderLoading'),
(1889, 'ΗΜΕΡΙΔΕΣ', 2, 0, '-', '2021-04-16 21:34:52', 'POST /deleteOrderLoading'),
(1890, 'Φόρτωση', 0, 0, '-', '2021-04-16 21:35:05', 'POST /saveOrderLoading'),
(1891, 'Φόρτωση', 0, 0, '-', '2021-04-16 21:36:56', 'POST /saveOrderLoading'),
(1892, 'ΗΜΕΡΙΔΕΣ', 2, 0, '-', '2021-04-16 21:37:49', 'POST /deleteOrderLoading');
INSERT INTO `audit_logs` (`id`, `system`, `user_id`, `object_id`, `message`, `creation_date`, `method`) VALUES
(1893, 'Φόρτωση', 0, 0, '-', '2021-04-16 21:38:08', 'POST /saveOrderLoading'),
(1894, 'Φόρτωση', 0, 0, '-', '2021-04-16 21:42:36', 'POST /saveOrderLoading');

-- --------------------------------------------------------

--
-- Δομή πίνακα για τον πίνακα `billings`
--

CREATE TABLE `billings` (
  `id` bigint(20) NOT NULL,
  `name` varchar(255) DEFAULT NULL,
  `description` varchar(255) DEFAULT NULL,
  `creation_date` datetime DEFAULT NULL,
  `update_date` datetime DEFAULT NULL
) ENGINE=InnoDB DEFAULT CHARSET=utf8;

--
-- Άδειασμα δεδομένων του πίνακα `billings`
--

INSERT INTO `billings` (`id`, `name`, `description`, `creation_date`, `update_date`) VALUES
(1, 'BILLING-1', '-', '2020-11-16 01:23:55', NULL),
(2, 'BILLING-2', '-', '2020-11-16 01:23:55', NULL),
(3, 'BILLING-3', '-', '2020-11-16 01:23:55', NULL),
(4, 'BILLING-4', '-', '2020-11-16 01:23:55', NULL),
(5, 'BILLING-5', '-', '2020-11-16 01:23:55', '2020-11-16 20:02:11'),
(19, 'BILLING-6', '-', '2020-11-16 13:29:02', NULL),
(23, 'BILLING-7', '-', '2020-11-16 18:20:35', '2020-11-16 18:32:25'),
(24, 'BILLING-77', '-', '2020-11-16 18:20:45', '2020-11-19 18:01:17'),
(25, 'BILLING-88', '-', '2020-11-16 18:26:31', '2020-11-16 18:32:22'),
(27, 'BILLING-99', '-', '2020-11-16 18:32:44', NULL),
(30, 'BILLING-44', '-', '2020-11-19 18:01:03', NULL),
(34, 'fwwef', 'wefw', '2020-12-11 23:56:25', NULL);

-- --------------------------------------------------------

--
-- Δομή πίνακα για τον πίνακα `core_position`
--

CREATE TABLE `core_position` (
  `id` int(11) NOT NULL,
  `position` varchar(255) DEFAULT NULL,
  `creation_date` datetime DEFAULT NULL,
  `update_date` datetime DEFAULT NULL,
  `role_id` bigint(20) DEFAULT NULL
) ENGINE=InnoDB DEFAULT CHARSET=utf8;

-- --------------------------------------------------------

--
-- Δομή πίνακα για τον πίνακα `core_variables`
--

CREATE TABLE `core_variables` (
  `id` bigint(200) NOT NULL,
  `stacking_factor` double DEFAULT NULL,
  `creation_date` datetime DEFAULT NULL,
  `update_date` datetime DEFAULT NULL
) ENGINE=InnoDB DEFAULT CHARSET=utf8mb4;

--
-- Άδειασμα δεδομένων του πίνακα `core_variables`
--

INSERT INTO `core_variables` (`id`, `stacking_factor`, `creation_date`, `update_date`) VALUES
(1, 2, '2020-10-26 18:54:55', '2020-10-26 18:54:55');

-- --------------------------------------------------------

--
-- Δομή πίνακα για τον πίνακα `countries`
--

CREATE TABLE `countries` (
  `id` int(11) NOT NULL,
  `name` varchar(345) DEFAULT NULL,
  `name_en` varchar(345) DEFAULT NULL,
  `code` varchar(345) DEFAULT NULL,
  `code_2` varchar(345) DEFAULT NULL,
  `creation_date` datetime DEFAULT NULL
) ENGINE=InnoDB DEFAULT CHARSET=utf8mb4;

--
-- Άδειασμα δεδομένων του πίνακα `countries`
--

INSERT INTO `countries` (`id`, `name`, `name_en`, `code`, `code_2`, `creation_date`) VALUES
(1, 'Αγία Λουκία', 'Saint Lucia', 'lc', 'lca', '2021-01-25 19:27:57'),
(2, 'Άγιος Βικέντιος και Γρεναδίνες', 'Saint Vincent and the Grenadines', 'vc', 'vct', '2021-01-25 19:27:57'),
(3, 'Άγιος Μαρίνος', 'San Marino', 'sm', 'smr', '2021-01-25 19:27:57'),
(4, 'Άγιος Χριστόφορος και Νέβις', 'Saint Kitts and Nevis', 'kn', 'kna', '2021-01-25 19:27:57'),
(5, 'Αζερμπαϊτζάν', 'Azerbaijan', 'az', 'aze', '2021-01-25 19:27:57'),
(6, 'Αίγυπτος', 'Egypt', 'eg', 'egy', '2021-01-25 19:27:57'),
(7, 'Αιθιοπία', 'Ethiopia', 'et', 'eth', '2021-01-25 19:27:57'),
(8, 'Αϊτή', 'Haiti', 'ht', 'hti', '2021-01-25 19:27:57'),
(9, 'Ακτή Ελεφαντοστού', 'Ivory Coast', 'ci', 'civ', '2021-01-25 19:27:57'),
(10, 'Αλβανία', 'Albania', 'al', 'alb', '2021-01-25 19:27:57'),
(11, 'Αλγερία', 'Algeria', 'dz', 'dza', '2021-01-25 19:27:57'),
(12, 'Ανατολικό Τιμόρ', 'East Timor', 'tl', 'tls', '2021-01-25 19:27:57'),
(13, 'Ανγκόλα', 'Angola', 'ao', 'ago', '2021-01-25 19:27:57'),
(14, 'Ανδόρρα', 'Andorra', 'ad', 'and', '2021-01-25 19:27:57'),
(15, 'Antigua and Barbuda', 'Antigua and Barbuda', 'ag', 'atg', '2021-01-25 19:27:57'),
(16, 'Αργεντινή', 'Argentina', 'ar', 'arg', '2021-01-25 19:27:57'),
(17, 'Αρμενία', 'Armenia', 'am', 'arm', '2021-01-25 19:27:57'),
(18, 'Αυστραλία', 'Australia', 'au', 'aus', '2021-01-25 19:27:57'),
(19, 'Αυστρία', 'Austria', 'at', 'aut', '2021-01-25 19:27:57'),
(20, 'Αφγανιστάν', 'Afghanistan', 'af', 'afg', '2021-01-25 19:27:57'),
(21, 'Βανουάτου', 'Vanuatu', 'vu', 'vut', '2021-01-25 19:27:57'),
(22, 'Βέλγιο', 'Belgium', 'be', 'bel', '2021-01-25 19:27:57'),
(23, 'Βενεζουέλα', 'Venezuela', 've', 'ven', '2021-01-25 19:27:57'),
(24, 'Βιετνάμ', 'Vietnam', 'vn', 'vnm', '2021-01-25 19:27:57'),
(25, 'Βολιβία', 'Bolivia', 'bo', 'bol', '2021-01-25 19:27:57'),
(26, 'Βόρεια Κορέα', 'North Korea', 'kp', 'prk', '2021-01-25 19:27:57'),
(27, 'Βοσνία-Ερζεγοβίνη', 'Bosnia and Herzegovina', 'ba', 'bih', '2021-01-25 19:27:57'),
(28, 'Βουλγαρία', 'Bulgaria', 'bg', 'bgr', '2021-01-25 19:27:57'),
(29, 'Βραζιλία', 'Brazil', 'br', 'bra', '2021-01-25 19:27:57'),
(30, 'Γαλλία', 'France', 'fr', 'fra', '2021-01-25 19:27:57'),
(31, 'Γερμανία', 'Germany', 'de', 'deu', '2021-01-25 19:27:57'),
(32, 'Γεωργία', 'Georgia', 'ge', 'geo', '2021-01-25 19:27:57'),
(33, 'Γκάμπια', 'Gambia', 'gm', 'gmb', '2021-01-25 19:27:57'),
(34, 'Γκαμπόν', 'Gabon', 'ga', 'gab', '2021-01-25 19:27:57'),
(35, 'Γκάνα', 'Ghana', 'gh', 'gha', '2021-01-25 19:27:58'),
(36, 'Γουατεμάλα', 'Guatemala', 'gt', 'gtm', '2021-01-25 19:27:58'),
(37, 'Γουιάνα', 'Guyana', 'gy', 'guy', '2021-01-25 19:27:58'),
(38, 'Γουινέα', 'Guinea', 'gn', 'gin', '2021-01-25 19:27:58'),
(39, 'Γουινέα-Μπισσάου', 'Guinea-Bissau', 'gw', 'gnb', '2021-01-25 19:27:58'),
(40, 'Γρενάδα', 'Grenada', 'gd', 'grd', '2021-01-25 19:27:58'),
(41, 'Δανία', 'Denmark', 'dk', 'dnk', '2021-01-25 19:27:58'),
(42, 'Δομινικανή Δημοκρατία', 'Dominican Republic', 'do', 'dom', '2021-01-25 19:27:58'),
(43, 'Ελ Σαλβαδόρ', 'El Salvador', 'sv', 'slv', '2021-01-25 19:27:58'),
(44, 'Ελβετία', 'Switzerland', 'ch', 'che', '2021-01-25 19:27:58'),
(45, 'Ελλάδα', 'Hellas', 'gr', 'grc', '2021-01-25 19:27:58'),
(46, 'Ερυθραία', 'Eritrea', 'er', 'eri', '2021-01-25 19:27:58'),
(47, 'Εσθονία', 'Estonia', 'ee', 'est', '2021-01-25 19:27:58'),
(48, 'Ζάμπια', 'Zambia', 'zm', 'zmb', '2021-01-25 19:27:58'),
(49, 'Ζιμπάμπουε', 'Zimbabwe', 'zw', 'zwe', '2021-01-25 19:27:58'),
(50, 'Ηνωμένα Αραβικά Εμιράτα', 'United Arab Emirates', 'ae', 'are', '2021-01-25 19:27:58'),
(51, 'Ηνωμένες Πολιτείες Αμερικής', 'USA', 'us', 'usa', '2021-01-25 19:27:58'),
(52, 'Ηνωμένο Βασίλειο', 'United Kingdom', 'gb', 'gbr', '2021-01-25 19:27:58'),
(53, 'Ιαπωνία', 'Japan', 'jp', 'jpn', '2021-01-25 19:27:58'),
(54, 'Ινδία', 'India', 'in', 'ind', '2021-01-25 19:27:58'),
(55, 'Ινδονησία', 'Indonesia', 'id', 'idn', '2021-01-25 19:27:58'),
(56, 'Ιορδανία', 'Jordan', 'jo', 'jor', '2021-01-25 19:27:58'),
(57, 'Ιράκ', 'Iraq', 'iq', 'irq', '2021-01-25 19:27:58'),
(58, 'Ιράν', 'Iran', 'ir', 'irn', '2021-01-25 19:27:58'),
(59, 'Ιρλανδία', 'Ireland', 'ie', 'irl', '2021-01-25 19:27:58'),
(60, 'Ισημερινή Γουινέα', 'Equatorial Guinea', 'gq', 'gnq', '2021-01-25 19:27:58'),
(61, 'Ισημερινός', 'Equator', 'ec', 'ecu', '2021-01-25 19:27:58'),
(62, 'Ισλανδία', 'Iceland', 'is', 'isl', '2021-01-25 19:27:58'),
(63, 'Ισπανία', 'Spain', 'es', 'esp', '2021-01-25 19:27:58'),
(64, 'Ισραήλ', 'Israel', 'il', 'isr', '2021-01-25 19:27:58'),
(65, 'Ιταλία', 'Italy', 'it', 'ita', '2021-01-25 19:27:58'),
(66, 'Καζακστάν', 'Kazakhstan', 'kz', 'kaz', '2021-01-25 19:27:58'),
(67, 'Καμερούν', 'Cameroon', 'cm', 'cmr', '2021-01-25 19:27:58'),
(68, 'Καμπότζη', 'Cambodia', 'kh', 'khm', '2021-01-25 19:27:58'),
(69, 'Καναδάς', 'Canada', 'ca', 'can', '2021-01-25 19:27:58'),
(70, 'Κατάρ', 'Qatar', 'qa', 'qat', '2021-01-25 19:27:58'),
(71, 'Κεντροαφρικανική Δημοκρατία', 'Central African Republic', 'cf', 'caf', '2021-01-25 19:27:58'),
(72, 'Κένυα', 'Kenya', 'ke', 'ken', '2021-01-25 19:27:58'),
(73, 'Κίνα', 'China', 'cn', 'chn', '2021-01-25 19:27:58'),
(74, 'Κιργιζία', 'Kyrgyzstan', 'kg', 'kgz', '2021-01-25 19:27:58'),
(75, 'Κιριμπάτι', 'Kiribati', 'ki', 'kir', '2021-01-25 19:27:58'),
(76, 'Κογκό', 'Congo', 'cg', 'cog', '2021-01-25 19:27:58'),
(77, 'Κολομβία', 'Colombia', 'co', 'col', '2021-01-25 19:27:58'),
(78, 'Κομόρες', 'Comoros', 'km', 'com', '2021-01-25 19:27:58'),
(79, 'Κόστα Ρίκα', 'Costa Rica', 'cr', 'cri', '2021-01-25 19:27:58'),
(80, 'Κούβα', 'Cuba', 'cu', 'cub', '2021-01-25 19:27:58'),
(81, 'Κουβέιτ', 'Kuwait', 'kw', 'kwt', '2021-01-25 19:27:58'),
(82, 'Κροατία', 'Croatian', 'hr', 'hrv', '2021-01-25 19:27:58'),
(83, 'Κύπρος', 'Cyprus', 'cy', 'cyp', '2021-01-25 19:27:58'),
(84, 'Λαϊκή Δημοκρατία του Κογκό', 'Democratic Republic of the Congo', 'cd', 'cod', '2021-01-25 19:27:58'),
(85, 'Λάος', 'Laos', 'la', 'lao', '2021-01-25 19:27:58'),
(86, 'Λεσότο', 'Lesotho', 'ls', 'lso', '2021-01-25 19:27:58'),
(87, 'Λεττονία', 'Latvia', 'lv', 'lva', '2021-01-25 19:27:58'),
(88, 'Λευκορωσία', 'Belarus', 'by', 'blr', '2021-01-25 19:27:58'),
(89, 'Λίβανος', 'Lebanon', 'lb', 'lbn', '2021-01-25 19:27:58'),
(90, 'Λιβερία', 'Liberia', 'lr', 'lbr', '2021-01-25 19:27:58'),
(91, 'Λιβύη', 'Libya', 'ly', 'lby', '2021-01-25 19:27:58'),
(92, 'Λιθουανία', 'Lithuania', 'lt', 'ltu', '2021-01-25 19:27:58'),
(93, 'Λίχτενσταϊν', 'Liechtenstein', 'li', 'lie', '2021-01-25 19:27:58'),
(94, 'Λουξεμβούργο', 'Luxembourg', 'lu', 'lux', '2021-01-25 19:27:58'),
(95, 'Μαδαγασκάρη', 'Madagascar', 'mg', 'mdg', '2021-01-25 19:27:58'),
(96, 'Μαλαισία', 'Malaysia', 'my', 'mys', '2021-01-25 19:27:58'),
(97, 'Μαλάουι', 'Malawi', 'mw', 'mwi', '2021-01-25 19:27:58'),
(98, 'Μαλδίβες', 'Maldives', 'mv', 'mdv', '2021-01-25 19:27:58'),
(99, 'Μάλι', 'Mali', 'ml', 'mli', '2021-01-25 19:27:58'),
(100, 'Μάλτα', 'Malta', 'mt', 'mlt', '2021-01-25 19:27:58'),
(101, 'Μαρόκο', 'Morocco', 'ma', 'mar', '2021-01-25 19:27:58'),
(102, 'Μαυρίκιος', 'Mauritius', 'mu', 'mus', '2021-01-25 19:27:58'),
(103, 'Μαυριτανία', 'Mauritania', 'mr', 'mrt', '2021-01-25 19:27:58'),
(104, 'Μαυροβούνιο', 'Montenegro', 'me', 'mne', '2021-01-25 19:27:58'),
(105, 'Μεξικό', 'Mexico', 'mx', 'mex', '2021-01-25 19:27:58'),
(106, 'Μιανμάρ', 'Myanmar', 'mm', 'mmr', '2021-01-25 19:27:58'),
(107, 'Μογγολία', 'Mongolia', 'mn', 'mng', '2021-01-25 19:27:58'),
(108, 'Μοζαμβίκη', 'Mozambique', 'mz', 'moz', '2021-01-25 19:27:58'),
(109, 'Μολδαβία', 'Moldova', 'md', 'mda', '2021-01-25 19:27:58'),
(110, 'Μονακό', 'Monaco', 'mc', 'mco', '2021-01-25 19:27:58'),
(111, 'Μπανγκλαντές', 'Bangladesh', 'bd', 'bgd', '2021-01-25 19:27:58'),
(112, 'Μπαρμπάντος', 'Barbados', 'bb', 'brb', '2021-01-25 19:27:58'),
(113, 'Μπαχάμες', 'Bahamas', 'bs', 'bhs', '2021-01-25 19:27:58'),
(114, 'Μπαχρέιν', 'Bahrain', 'bh', 'bhr', '2021-01-25 19:27:58'),
(115, 'Μπελίζ', 'Belize', 'bz', 'blz', '2021-01-25 19:27:58'),
(116, 'Μπενίν', 'Benin', 'bj', 'ben', '2021-01-25 19:27:58'),
(117, 'Μποτσουάνα', 'Μποτσουάνα', 'bw', 'bwa', '2021-01-25 19:27:58'),
(118, 'Μπουρκίνα Φάσο', 'Burkina Faso', 'bf', 'bfa', '2021-01-25 19:27:58'),
(119, 'Μπουρούντι', 'Burundi', 'bi', 'bdi', '2021-01-25 19:27:58'),
(120, 'Μπουτάν', 'Bhutan', 'bt', 'btn', '2021-01-25 19:27:58'),
(121, 'Μπρουνέι', 'Brunei', 'bn', 'brn', '2021-01-25 19:27:58'),
(122, 'Ναμίμπια', 'Namibia', 'na', 'nam', '2021-01-25 19:27:58'),
(123, 'Ναουρού', 'Naouroú', 'nr', 'nru', '2021-01-25 19:27:58'),
(124, 'Νέα Ζηλανδία', 'New Zealand', 'nz', 'nzl', '2021-01-25 19:27:58'),
(125, 'Νεπάλ', 'Nepal', 'np', 'npl', '2021-01-25 19:27:58'),
(126, 'Νήσοι Μάρσαλ', 'Marshall Islands', 'mh', 'mhl', '2021-01-25 19:27:58'),
(127, 'Νήσοι Σολομώντα', 'Solomon Islands', 'sb', 'slb', '2021-01-25 19:27:58'),
(128, 'Νίγηρας', 'Niger', 'ne', 'ner', '2021-01-25 19:27:58'),
(129, 'Νιγηρία', 'Nigeria', 'ng', 'nga', '2021-01-25 19:27:58'),
(130, 'Νικαράγουα', 'Nicaragua', 'ni', 'nic', '2021-01-25 19:27:58'),
(131, 'Νορβηγία', 'Norway', 'no', 'nor', '2021-01-25 19:27:58'),
(132, 'Νότια Αφρική', 'South Africa', 'za', 'zaf', '2021-01-25 19:27:58'),
(133, 'Νότια Κορέα', 'South Korea', 'kr', 'kor', '2021-01-25 19:27:58'),
(134, 'Νότιο Σουδάν', 'South Sudan', 'ss', 'ssd', '2021-01-25 19:27:58'),
(135, 'Δομινίκα', 'Dominica', 'dm', 'dma', '2021-01-25 19:27:58'),
(136, 'Ολλανδία (Κάτω Χώρες)', 'Netherlands', 'nl', 'nld', '2021-01-25 19:27:58'),
(137, 'Ομάν', 'Oman', 'om', 'omn', '2021-01-25 19:27:58'),
(138, 'Ομόσπονδες Πολιτείες της Μικρονησίας', 'Federated States of Micronesia', 'fm', 'fsm', '2021-01-25 19:27:58'),
(139, 'Honduras', 'Honduras', 'hn', 'hnd', '2021-01-25 19:27:58'),
(140, 'Ουγγαρία', 'Hungary', 'hu', 'hun', '2021-01-25 19:27:58'),
(141, 'Ουγκάντα', 'Uganda', 'ug', 'uga', '2021-01-25 19:27:58'),
(142, 'Ουζμπεκιστάν', 'Uzbekistan', 'uz', 'uzb', '2021-01-25 19:27:58'),
(143, 'Ουκρανία', 'Ukraine', 'ua', 'ukr', '2021-01-25 19:27:58'),
(144, 'Ουρουγουάη', 'Uruguay', 'uy', 'ury', '2021-01-25 19:27:58'),
(145, 'Πακιστάν', 'Pakistan', 'pk', 'pak', '2021-01-25 19:27:58'),
(146, 'Παλάου', 'Palau', 'pw', 'plw', '2021-01-25 19:27:58'),
(147, 'Παναμάς', 'Panama', 'pa', 'pan', '2021-01-25 19:27:58'),
(148, 'Παπούα Νέα Γουινέα', 'Papua New Guinea', 'pg', 'png', '2021-01-25 19:27:58'),
(149, 'Παραγουάη', 'Paraguay', 'py', 'pry', '2021-01-25 19:27:58'),
(150, 'Βόρεια Μακεδονία', 'Northern Macedonia', 'mk', 'mkd', '2021-01-25 19:27:58'),
(151, 'Περού', 'Peru', 'pe', 'per', '2021-01-25 19:27:58'),
(152, 'Πολωνία', 'Poland', 'pl', 'pol', '2021-01-25 19:27:58'),
(153, 'Πορτογαλία', 'Portugal', 'pt', 'prt', '2021-01-25 19:27:58'),
(154, 'Πράσινο Ακρωτήρι', 'Cape Verde', 'cv', 'cpv', '2021-01-25 19:27:58'),
(155, 'Ρουάντα', 'Rwanda', 'rw', 'rwa', '2021-01-25 19:27:58'),
(156, 'Ρουμανία', 'Romania', 'ro', 'rou', '2021-01-25 19:27:58'),
(157, 'Ρωσία', 'Russia', 'ru', 'rus', '2021-01-25 19:27:58'),
(158, 'Σαμόα', 'Samoa', 'ws', 'wsm', '2021-01-25 19:27:58'),
(159, 'Σάο Τομέ και Πρίνσιπε', 'Sao Tome and Principe', 'st', 'stp', '2021-01-25 19:27:58'),
(160, 'Σαουδική Αραβία', 'Saudi Arabia', 'sa', 'sau', '2021-01-25 19:27:58'),
(161, 'Σενεγάλη', 'Senegal', 'sn', 'sen', '2021-01-25 19:27:58'),
(162, 'Σερβία', 'Serbia', 'rs', 'srb', '2021-01-25 19:27:58'),
(163, 'Σεϋχέλλες', 'Seychelles', 'sc', 'syc', '2021-01-25 19:27:58'),
(164, 'Σιέρα Λεόνε', 'Sierra Leone', 'sl', 'sle', '2021-01-25 19:27:58'),
(165, 'Σιγκαπούρη', 'Singapore', 'sg', 'sgp', '2021-01-25 19:27:58'),
(166, 'Σλοβακία', 'Slovakia', 'sk', 'svk', '2021-01-25 19:27:58'),
(167, 'Σλοβενία', 'Slovenia', 'si', 'svn', '2021-01-25 19:27:58'),
(168, 'Σομαλία', 'Somalia', 'so', 'som', '2021-01-25 19:27:58'),
(169, 'Εσουατίνι', 'Eswatini', 'sz', 'swz', '2021-01-25 19:27:58'),
(170, 'Σουδάν', 'Sudan', 'sd', 'sdn', '2021-01-25 19:27:58'),
(171, 'Σουηδία', 'Sweden', 'se', 'swe', '2021-01-25 19:27:58'),
(172, 'Σουρινάμ', 'Suriname', 'sr', 'sur', '2021-01-25 19:27:58'),
(173, 'Σρι Λάνκα', 'Sri Lanka', 'lk', 'lka', '2021-01-25 19:27:58'),
(174, 'Συρία', 'Syria', 'sy', 'syr', '2021-01-25 19:27:58'),
(175, 'Ταϊλάνδη', 'Thailand', 'th', 'tha', '2021-01-25 19:27:58'),
(176, 'Τανζανία', 'Tanzania', 'tz', 'tza', '2021-01-25 19:27:58'),
(177, 'Τατζικιστάν', 'Tajikistan', 'tj', 'tjk', '2021-01-25 19:27:58'),
(178, 'Τζαμάικα', 'Jamaica', 'jm', 'jam', '2021-01-25 19:27:58'),
(179, 'Τζιμπουτί', 'Djibouti', 'dj', 'dji', '2021-01-25 19:27:58'),
(180, 'Τόγκα', 'Tonga', 'to', 'ton', '2021-01-25 19:27:58'),
(181, 'Τόγκο', 'Togo', 'tg', 'tgo', '2021-01-25 19:27:58'),
(182, 'Τουβαλού', 'Tuvalu', 'tv', 'tuv', '2021-01-25 19:27:58'),
(183, 'Τουρκία', 'Turkey', 'tr', 'tur', '2021-01-25 19:27:58'),
(184, 'Τουρκμενιστάν', 'Turkmenistan', 'tm', 'tkm', '2021-01-25 19:27:58'),
(185, 'Τρινιντάντ και Τομπάγκο', 'Trinidad and Tobago', 'tt', 'tto', '2021-01-25 19:27:58'),
(186, 'Τσαντ', 'Chad', 'td', 'tcd', '2021-01-25 19:27:58'),
(187, 'Τσεχία', 'Czech republic', 'cz', 'cze', '2021-01-25 19:27:58'),
(188, 'Τυνησία', 'Tunisia', 'tn', 'tun', '2021-01-25 19:27:58'),
(189, 'Υεμένη', 'Yemen', 'ye', 'yem', '2021-01-25 19:27:58'),
(190, 'Φιλιππίνες', 'Philippines', 'ph', 'phl', '2021-01-25 19:27:58'),
(191, 'Φινλανδία', 'Finland', 'fi', 'fin', '2021-01-25 19:27:58'),
(192, 'Φίτζι', 'Fiji', 'fj', 'fji', '2021-01-25 19:27:58'),
(193, 'Χιλή', 'Chile', 'cl', 'chl', '2021-01-25 19:27:58');

-- --------------------------------------------------------

--
-- Δομή πίνακα για τον πίνακα `customers`
--

CREATE TABLE `customers` (
  `id` bigint(100) NOT NULL,
  `cust_key` varchar(255) DEFAULT NULL,
  `cust_id` varchar(255) DEFAULT NULL,
  `cust_rev` varchar(255) DEFAULT NULL,
  `created_time` varchar(255) DEFAULT NULL,
  `email` varchar(255) DEFAULT NULL,
  `first_name` varchar(255) DEFAULT NULL,
  `last_name` varchar(255) DEFAULT NULL,
  `mobile_phone` varchar(255) DEFAULT NULL,
  `modified_time` varchar(255) DEFAULT NULL,
  `office_phone` varchar(255) DEFAULT NULL,
  `organization_key` varchar(255) DEFAULT NULL,
  `title` varchar(255) DEFAULT NULL,
  `department` varchar(255) DEFAULT NULL,
  `date_of_birth` varchar(255) DEFAULT NULL,
  `street` varchar(255) DEFAULT NULL,
  `zip_code` varchar(255) DEFAULT NULL,
  `invoice_city` varchar(255) DEFAULT NULL,
  `assistant` varchar(255) DEFAULT NULL,
  `city` varchar(255) DEFAULT NULL,
  `state` varchar(255) DEFAULT NULL,
  `invoice_tax_office` varchar(255) DEFAULT NULL,
  `invoice_postal_code` varchar(255) DEFAULT NULL,
  `invoice_phone_1` varchar(255) DEFAULT NULL,
  `invoice_occupation` varchar(255) DEFAULT NULL,
  `invoice_email` varchar(255) DEFAULT NULL,
  `invoice_afm` varchar(255) DEFAULT NULL,
  `invoice_address` varchar(255) DEFAULT NULL,
  `description` varchar(255) DEFAULT NULL,
  `org_id` bigint(100) DEFAULT NULL,
  `username` varchar(45) DEFAULT NULL,
  `password` varchar(45) DEFAULT NULL,
  `doy` varchar(200) DEFAULT NULL
) ENGINE=InnoDB DEFAULT CHARSET=utf8;

--
-- Άδειασμα δεδομένων του πίνακα `customers`
--

INSERT INTO `customers` (`id`, `cust_key`, `cust_id`, `cust_rev`, `created_time`, `email`, `first_name`, `last_name`, `mobile_phone`, `modified_time`, `office_phone`, `organization_key`, `title`, `department`, `date_of_birth`, `street`, `zip_code`, `invoice_city`, `assistant`, `city`, `state`, `invoice_tax_office`, `invoice_postal_code`, `invoice_phone_1`, `invoice_occupation`, `invoice_email`, `invoice_afm`, `invoice_address`, `description`, `org_id`, `username`, `password`, `doy`) VALUES
(1, '2444379', 'CONTACT/2444379', '_Uksl8Ke---', '2016-12-15T08:49:20.000Z', 'gehadjigeorgiou@dits.mof.gov.cy', 'Γιώργος', 'Χατζηγεωργίου', '00357 99330242', '2017-01-17 12:13:54', '00357 22602838', '2316285', '', NULL, NULL, NULL, '', NULL, NULL, NULL, NULL, NULL, NULL, '', NULL, NULL, NULL, NULL, NULL, 10, NULL, NULL, NULL),
(2, '510900240500', 'CONTACT/510900240500', '_UpKonYe---', '2017-03-09 15:04:22', 'kostas@iema.gr', 'Κώστας', 'Μόσχος', NULL, '2017-03-09 15:04:22', '3434434343', '510900240405', NULL, NULL, NULL, 'weewtwekj8ij', 'ertaa', NULL, NULL, NULL, NULL, NULL, NULL, '', NULL, NULL, NULL, NULL, NULL, 59, NULL, NULL, NULL),
(4, '514556620335', 'CONTACT/514556620335', '_Xp6lcfS---', '2018-10-29 11:28:47', 'stamou@planet.gr', 'Ντορίνα', 'Στάμου', NULL, '2018-10-29 11:28:47', '210 690 5000', '2199261', 'Business Acquisition Coordinator', NULL, NULL, NULL, '', NULL, NULL, NULL, NULL, NULL, NULL, '', NULL, NULL, NULL, NULL, NULL, 78, NULL, NULL, NULL),
(5, '514522671728', 'CONTACT/514522671728', '_WNhz0O----', '2018-01-15T08:34:15.000Z', 'metaxaki@nationalopera.gr', 'Μαρία', 'Μεταξάκη', '+30 697 4648461', '2018-01-15 10:35:54', '+30 2130885811', '514522671044', 'Artistic Associate', 'ΚΑΛΛΙΤΕΧΝΙΚΗ ΔΙΕΥΘΥΝΣΗ', '', NULL, '', NULL, NULL, NULL, NULL, NULL, NULL, '', NULL, NULL, NULL, NULL, NULL, 47, NULL, NULL, NULL),
(6, '2601369', 'CONTACT/2601369', '_Uge3cnu---', '2016-12-16 15:15:45', 'megoulistom@gmail.com', 'Δήμητρα', 'Κολλέρου', '693 78 97 041', '2016-12-16 15:15:45', '2102409955', '2315358', NULL, NULL, NULL, 'Λεωφ. Καραμανλή  227', '', NULL, NULL, 'Αχαρνές (Μενίδι)', NULL, NULL, NULL, '', NULL, NULL, NULL, NULL, NULL, 100, NULL, NULL, NULL),
(7, '510897009625', 'CONTACT/510897009625', '_Uge3cnu--_', '2017-02-09 11:29:58', 'npapaef@gmail.com', 'Κωνσταντίνα', 'Ευθυμίου', NULL, '2017-02-09 11:29:58', NULL, '510897009489', NULL, NULL, NULL, 'Χανδρή 1', '18346', NULL, NULL, 'Μοσχάτο', NULL, NULL, NULL, '', NULL, NULL, NULL, NULL, NULL, 82, NULL, NULL, NULL),
(8, '2452798', 'CONTACT/2452798', '_VQsmfP2---', '2016-12-15T10:17:01.000Z', 'papakosmas@ath.forthnet.gr', 'Χάρης', 'Παπακοσμάς', '6977006076', '2017-07-10 11:40:43', '2105313383', '510914672714', NULL, NULL, '', 'Θηβών 387', '', 'ΑΙΓΑΛΕΩ', 'Λογιστής', 'Αιγάλεω', NULL, 'ΑΙΓΑΛΕΩ', NULL, '', 'ΕΜΠΟΡΙΟ ΤΡΟΦΙΜΩΝ-ΠΟΤΩΝ', NULL, '800690592', 'Λ. ΚΗΦΙΣΣΟΥ 82', 'αρ.ταυτότητας ΑΗ 501522\nΧΑΡΑΛΑΜΠΟΣ ΠΑΠΑΚΟΣΜΑΣ ΤΟΥ ΛΕΩΝΙΔΑ', 73, NULL, NULL, NULL),
(9, '2469607', 'CONTACT/2469607', '_VsBtQ9O---', '2016-12-15 15:13:32', 'info@foodech.gr', 'Λευτέρης', 'Χατζής', NULL, '2016-12-15 15:13:32', NULL, '514510274020', NULL, NULL, NULL, 'Αγίου Μελετίου 162 & Λεωφ. Ιωνίας 15', '', NULL, NULL, 'Αθήνα', NULL, NULL, NULL, '', NULL, NULL, NULL, NULL, NULL, 88, NULL, NULL, NULL),
(10, '2598029', 'CONTACT/2598029', '_Uge3cnu--C', '2016-12-16 14:43:01', 'clouris@me.com', 'Κώστας', 'Λουρής', NULL, '2016-12-16 14:43:01', NULL, '2327128', NULL, NULL, NULL, NULL, '', NULL, NULL, NULL, NULL, NULL, NULL, '', NULL, NULL, NULL, NULL, NULL, 36, NULL, NULL, NULL),
(11, '2596343', 'CONTACT/2596343', '_VzKbOmu---', '2016-12-16 14:23:43', 'sales@kleopatraelectronics.gr', 'Sales', 'Kleopatra Electronics', NULL, '2016-12-16 14:23:43', '2106852549', '2465864', NULL, NULL, NULL, 'Ζαλοκώστα 4', '15233', NULL, NULL, 'Χαλάνδρι', NULL, NULL, NULL, '', NULL, NULL, NULL, NULL, NULL, 3, NULL, NULL, NULL),
(12, '514547020979', 'CONTACT/514547020979', '_XP3j4mO---', '2018-08-09T11:14:46.000Z', 'marameimaridi@yahoo.gr', 'Ελένη', 'Λιβέρη', NULL, '2018-08-09 14:15:22', NULL, '514547020828', NULL, NULL, '', NULL, '', NULL, NULL, NULL, NULL, NULL, NULL, '', NULL, NULL, NULL, NULL, NULL, 9, NULL, NULL, NULL),
(13, '2606564', 'CONTACT/2606564', '_Uge3cnu--E', '2016-12-16 16:10:47', 'info@proopsis.gr', 'Αντώνης', 'Γιαννιούδης', NULL, '2016-12-16 16:10:47', '210 5244760', '2313495', NULL, NULL, NULL, 'Τρεμπεσίνας 32', '12136', NULL, NULL, 'Περιστέρι', NULL, NULL, NULL, '', NULL, NULL, NULL, NULL, NULL, 96, NULL, NULL, NULL),
(14, '2468529', 'CONTACT/2468529', '_Uge3cnu--F', '2016-12-15 15:02:08', 'koumeri@citlos.gr', 'Ραφαέλ', 'Κουμέρη', NULL, '2016-12-15 15:02:08', NULL, '2332293', NULL, NULL, NULL, 'Λουίζης Ριανκούρ 64', '11523', NULL, NULL, 'Αθήνα', NULL, NULL, NULL, '', NULL, NULL, NULL, NULL, NULL, 104, NULL, NULL, NULL),
(15, '510913962070', 'CONTACT/510913962070', '_VaWKoB----', '2017-07-04T07:40:51.000Z', 'ibebis@synergic.gr', 'Ηλίας', 'Μπέμπης', '6945454210', '2017-08-09 11:11:43', '6945454210', '2444931', NULL, NULL, '', 'Πολυδώτου 1-3', '', NULL, NULL, 'Αγία Παρασεκυή', '', NULL, NULL, '', NULL, NULL, NULL, NULL, NULL, 24, NULL, NULL, NULL),
(16, '510903110332', 'CONTACT/510903110332', '_UxKTVUq---', '2017-04-03 12:11:26', 'info@synergic.gr', 'Δημήτρης', 'Γεωργίου', '6937415416', '2017-04-03 12:11:26', '2105814692', '2444931', NULL, NULL, NULL, NULL, '', NULL, NULL, NULL, NULL, NULL, NULL, '', NULL, NULL, NULL, NULL, '1η επικοινωνία 3/4/2017', 24, NULL, NULL, NULL),
(17, '510901147324', 'CONTACT/510901147324', '_UrssWF6---', '2017-03-17 11:52:45', 'babiskara91@hotmail.com', 'Μπάμπης', 'Καραμούζης', '6971706875', '2017-03-17 11:52:45', NULL, '2444931', NULL, NULL, NULL, NULL, '', NULL, NULL, NULL, NULL, NULL, NULL, '', NULL, NULL, NULL, NULL, NULL, 24, NULL, NULL, NULL),
(18, '2468083', 'CONTACT/2468083', '_Uge3cnu--G', '2016-12-15 15:00:05', 'lchatzis@isolution.gr', 'Λευτέρης', 'Χατζής', '6947526656', '2016-12-15 15:00:05', NULL, '2332701', NULL, NULL, NULL, NULL, '', NULL, NULL, NULL, NULL, NULL, NULL, '', NULL, NULL, NULL, NULL, NULL, 80, NULL, NULL, NULL),
(19, '2458627', 'CONTACT/2458627', '_Uge3cnu--H', '2016-12-15 13:17:46', 'xristosdr08@gmail.com', 'Χρήστος', 'Δρόσος', '697 816 3799', '2016-12-15 13:17:46', '2130354750', '2325222', NULL, NULL, NULL, NULL, '', NULL, NULL, NULL, NULL, NULL, NULL, '', NULL, NULL, NULL, NULL, NULL, 93, NULL, NULL, NULL),
(20, '514519907414', 'CONTACT/514519907414', '_WF5BNN6---', '2017-12-22 17:06:47', 'info@cadd.gr', 'Zak', 'Louspas', '6948412136', '2017-12-22 17:06:47', NULL, '', NULL, NULL, NULL, NULL, '', NULL, NULL, NULL, NULL, NULL, NULL, '', NULL, NULL, NULL, NULL, NULL, NULL, NULL, NULL, NULL),
(21, '510912149082', 'CONTACT/510912149082', '_WLXG4k----', '2017-06-19T12:34:15.000Z', 'dtheoharis@gqtechgr.com', 'Δημήτρης', 'Θεοχάρης', '6974950434', '2018-01-08 17:00:07', '210 664 0025', '510912148737', NULL, NULL, '', NULL, '', NULL, 'Technical suppor', NULL, NULL, NULL, NULL, '', 'Security Products (Εμπορεία Συστημάτων Ασφαλείας)', NULL, NULL, NULL, NULL, 38, NULL, NULL, NULL),
(22, '2447369', 'CONTACT/2447369', '_VWf4D3G---', '2016-12-15T09:21:54.000Z', 'a.daouliaris@gmail.com', 'Αργύρης', 'Νταουλιάρης', '6944031691', '2017-07-28 12:14:45', '2106072000', '2203622', NULL, NULL, '', 'Μεσογείων 275', '15231', NULL, NULL, 'Χαλάνδρι', NULL, NULL, NULL, '', NULL, NULL, NULL, NULL, NULL, 55, NULL, NULL, NULL),
(23, '514531150171', 'CONTACT/514531150171', '_WkZb3C2---', '2018-03-27 12:50:41', 'ngeorgiou@thefixers.gr', 'Νίκος', 'Γεωργίου', NULL, '2018-03-27 12:50:41', '2103215564', '514531149722', NULL, NULL, NULL, NULL, '', NULL, NULL, NULL, NULL, NULL, NULL, '', NULL, NULL, NULL, NULL, NULL, 42, NULL, NULL, NULL),
(24, '2600156', 'CONTACT/2600156', '_Uge3cnu--J', '2016-12-16 15:05:29', 'IsminiNiki.Charalambous@bankofcyprus.com', 'Ismini-Niki', 'Charalambous', NULL, '2016-12-16 15:05:29', NULL, '2599551', 'Bank of Cyprus', NULL, NULL, '66-68 Arch. Makariou Ave. & Markou Drakou , Mesa Yeitonia', '4003.', NULL, NULL, 'Limassol', NULL, NULL, NULL, '', NULL, NULL, NULL, NULL, NULL, 12, NULL, NULL, NULL),
(25, '2597905', 'CONTACT/2597905', '_Uge3cnu--K', '2016-12-16 14:41:00', 'm.siganou@proopsis.gr', 'Μαρία', 'Σιγανού', NULL, '2016-12-16 14:41:00', NULL, '2313495', NULL, NULL, NULL, 'Τρεμπεσίνας 32', '12136', NULL, NULL, 'Περιστέρι', NULL, NULL, NULL, '', NULL, NULL, NULL, NULL, NULL, 96, NULL, NULL, NULL),
(26, '2445644', 'CONTACT/2445644', '_Uge3cnu--L', '2016-12-15 11:01:28', 'paipetissofoklis@gmail.com', 'Σοφοκλής', 'Παϊπέτης', '6983501153', '2016-12-15 11:01:28', NULL, '2202172', NULL, NULL, NULL, NULL, '', NULL, NULL, NULL, NULL, NULL, NULL, '', NULL, NULL, NULL, NULL, NULL, 16, NULL, NULL, NULL),
(27, '514534631949', 'CONTACT/514534631949', '_WuBMMJe---', '2018-04-26T07:14:25.000Z', 'VHadjiadamou@kepa.mlsi.gov.cy', 'Βασιλική', 'Χατζηαδάμου', NULL, '2018-04-26 10:15:18', '00357 22400861', '514512362686', 'Κυρία', 'ΚΕΠΑ ΚΥΠΡΟΣ', '', NULL, '', NULL, NULL, NULL, NULL, NULL, NULL, '', NULL, NULL, NULL, NULL, NULL, 90, NULL, NULL, NULL),
(28, '2470056', 'CONTACT/2470056', '_Uge3cnu--M', '2016-12-15 15:16:16', 'dimi@rekor-agrotic.gr', 'Δήμητρα', 'Χασταζέρη', NULL, '2016-12-15 15:16:16', NULL, '2337203', NULL, NULL, NULL, 'Βαθύλακος Θεσσαλονίκης', '57011', NULL, NULL, 'Θεσσαλονίκη', NULL, NULL, NULL, '', NULL, NULL, NULL, NULL, NULL, 33, NULL, NULL, NULL),
(29, '510900925385', 'CONTACT/510900925385', '_UtBiR_S---', '2017-03-15T11:39:13.000Z', 'anasa07@otenet.gr', 'Μαρία', 'Ροδίτη', NULL, '2017-03-21 14:43:06', '210 9234904', '510901623901', NULL, NULL, NULL, 'Λ. Συγγρού 36-38', '11742', NULL, NULL, 'Αθήνα', NULL, NULL, NULL, '', NULL, NULL, NULL, NULL, 'FAX 210 9234907', 1, NULL, NULL, NULL),
(30, '514512362788', 'CONTACT/514512362788', '_V4-Cz0y---', '2017-10-19T06:01:24.000Z', 'mevgeniou@dl.mlsi.gov.cy', 'Μάριος', 'Ευγενίου', NULL, '2017-11-09 11:03:02', '00357 22400907', '514512362686', 'Λειτουργός Εργασίας Α’', 'Τμήμα  Εργασίας (Φορέας Διαχείρισης)', '', NULL, '', NULL, NULL, NULL, NULL, NULL, NULL, '', NULL, NULL, NULL, NULL, NULL, 90, NULL, NULL, NULL),
(31, '2607536', 'CONTACT/2607536', '_Uge3cnu--N', '2016-12-16 16:21:35', 'konitsamaslidou@gmail.com', 'Κορνηλία', 'Τσαμασλίδου', '69 79 79 2344', '2016-12-16 16:21:35', NULL, '2607454', NULL, NULL, NULL, 'Θράκης 13', '55337', NULL, NULL, 'Θεσσαλονίκη (Τριανδρία)', NULL, NULL, NULL, '', NULL, NULL, NULL, NULL, NULL, 34, NULL, NULL, NULL),
(32, '2452904', 'CONTACT/2452904', '_Uge3cny---', '2016-12-15 12:18:46', 'info@agiografies-diaxeiros.gr', 'Γιώργος', 'Κερμαλής', '6932950950', '2016-12-15 12:18:46', '210 57 27 113', '2321151', NULL, NULL, NULL, 'Σκουφα 128', '', NULL, NULL, 'Πετρούπολη', NULL, NULL, NULL, '', NULL, NULL, NULL, NULL, NULL, 67, NULL, NULL, NULL),
(33, '3688671', 'CONTACT/3688671', '_VzKbhHa---', '2017-01-10 15:02:12', 'c.hauschildt@valeu-consulting.com', 'Christian', 'Hauschildt', NULL, '2017-01-10 15:02:12', NULL, '3688581', NULL, NULL, NULL, NULL, '', NULL, NULL, NULL, NULL, NULL, NULL, '', NULL, NULL, NULL, NULL, NULL, 92, NULL, NULL, NULL),
(34, '510914321776', 'CONTACT/510914321776', '_VaVz_gm---', '2017-07-07T08:01:46.000Z', 'fkaramanidis@synergic.gr', 'Θεοφάνης', 'Καραμανίδης', '6986847653', '2017-08-09 10:45:55', '6986847653', '2444931', NULL, NULL, '', 'Χασιά', '', 'Α. Λιόσια', NULL, NULL, NULL, 'Άνω Λιοσίων', '13341', '6986847653', NULL, NULL, '158060395', 'Παπανικολή 13', NULL, 24, NULL, NULL, NULL),
(35, '2474259', 'CONTACT/2474259', '_Uge3cny--A', '2016-12-15 16:01:56', 'psarakis@ereyna.gr', 'Βασίλης', 'Ψαράκης', '6945151825', '2016-12-15 16:01:56', '2821093118', '2473690', NULL, NULL, NULL, 'Μ.Μπότσαρη 64Α', '', NULL, NULL, 'Χανιά', '73100', NULL, NULL, '', NULL, NULL, NULL, NULL, NULL, 84, NULL, NULL, NULL),
(36, '2458065', 'CONTACT/2458065', '_Uge3cny--B', '2016-12-15 13:13:29', 'spatelida@planet.gr', 'Στυλιανή', 'Πατελίδα', NULL, '2016-12-15 13:13:29', NULL, '2199261', NULL, NULL, NULL, 'Λουίζης Ριανκούρ 64 (Πύργος Απόλλων)', '11523', NULL, NULL, 'Αθήνα', NULL, NULL, NULL, '', NULL, NULL, NULL, NULL, NULL, 78, NULL, NULL, NULL),
(37, '510901954187', 'CONTACT/510901954187', '_Ut8P82m---', '2017-03-24T09:06:02.000Z', 'antikeros@yahoo.com', 'Χρυσούλα', 'Μπουκουβάλα', '6977464461', '2017-03-24 11:07:43', '2106005312', '510901954077', NULL, NULL, NULL, NULL, '', NULL, NULL, NULL, NULL, NULL, NULL, '', NULL, NULL, NULL, NULL, NULL, 95, NULL, NULL, NULL),
(38, '2600652', 'CONTACT/2600652', '_Uge3cny--C', '2016-12-16 15:08:04', 'sales@kleopatraelectronics.gr', 'Χρήστος', 'Λιγνός', '697 002 7939', '2016-12-16 15:08:04', '211 012 1587', '2465864', NULL, NULL, NULL, NULL, '', NULL, 'Τεχνικός Υπεύθυνος', NULL, NULL, NULL, NULL, '', NULL, NULL, NULL, NULL, NULL, 3, NULL, NULL, NULL),
(39, '2467820', 'CONTACT/2467820', '_Uge3cny--D', '2016-12-15 14:56:04', 'johnvl@vlavianos.gr', 'Γιάννης', 'Βλαβιανός', NULL, '2016-12-15 14:56:04', '210 2407070', '2333620', NULL, NULL, NULL, 'Λεωφ. Δεκελείας 184', '', NULL, NULL, 'Αχαρνές (Μενίδι)', NULL, NULL, NULL, '', NULL, NULL, NULL, NULL, NULL, 49, NULL, NULL, NULL),
(40, '2604520', 'CONTACT/2604520', '_Uge3cny--E', '2016-12-16 15:51:14', 'info@socooldesign.gr', 'Σταυρούλα', 'Λώλη', NULL, '2016-12-16 15:51:14', '211 2144455', '2331653', NULL, NULL, NULL, 'Στρ. Μακρυγιάννη 55', '12243', NULL, NULL, 'Αιγάλεω', NULL, NULL, NULL, '', NULL, NULL, NULL, NULL, NULL, 62, NULL, NULL, NULL),
(41, '2598782', 'CONTACT/2598782', '_Uge3cny--F', '2016-12-16 14:51:28', 'info@robopolis.gr', 'Κίμωνας', 'Νικολακόπουλος', NULL, '2016-12-16 14:51:28', '210 60 18 800', '2596581', NULL, NULL, NULL, NULL, '', NULL, NULL, NULL, NULL, NULL, NULL, '', NULL, NULL, NULL, NULL, NULL, 43, NULL, NULL, NULL),
(42, '2608684', 'CONTACT/2608684', '_Uge3cny--G', '2016-12-16 16:31:39', 'info@dragonera.gr', 'Μαρία', 'Καράπα', '6984599036', '2016-12-16 16:31:39', NULL, '2202172', NULL, NULL, NULL, NULL, '', NULL, 'Ταμίας', NULL, NULL, NULL, NULL, '', NULL, NULL, NULL, NULL, NULL, 16, NULL, NULL, NULL),
(43, '2598090', 'CONTACT/2598090', '_Uge3cny--H', '2016-12-16 14:43:59', 'sttofa@treasury.gov.cy', 'Σταύρη', 'Τόφα', NULL, '2016-12-16 14:43:59', '00357 22602965', '2316285', NULL, NULL, NULL, NULL, '', NULL, NULL, NULL, NULL, NULL, NULL, '', NULL, NULL, NULL, NULL, NULL, 10, NULL, NULL, NULL),
(44, '514566667765', 'CONTACT/514566667765', '_YFrl6o----', '2019-01-23 17:50:43', 'spyrosmavropodis@gmail.com', 'Σπύρος   (old)', 'Μαυροπόδης', NULL, '2019-01-23 17:50:43', 'null', '514566667622', 'Mr', NULL, NULL, 'null', '', NULL, NULL, NULL, NULL, NULL, NULL, '', NULL, NULL, NULL, NULL, NULL, 102, NULL, NULL, NULL),
(45, '510904180886', 'CONTACT/510904180886', '_U0GQj5K---', '2017-04-12 15:12:53', 'kdimitrokallis@dpm-agency.gr', 'Κυριάκος', 'Δημητροκάλλης', '6978098449', '2017-04-12 15:12:53', '210.331.7989', '510904180603', NULL, NULL, NULL, NULL, '', NULL, NULL, NULL, NULL, NULL, NULL, '', NULL, NULL, NULL, NULL, NULL, 4, NULL, NULL, NULL),
(46, '510898281859', 'CONTACT/510898281859', '_Ujrd_Sa---', '2017-02-20 13:55:04', 'info@synergic.gr', 'Δημήτρης', 'Μαυροπόδης', '6932500875', '2017-02-20 13:55:04', NULL, '510898281332', NULL, NULL, NULL, NULL, '', NULL, NULL, NULL, NULL, NULL, NULL, '', NULL, NULL, NULL, NULL, NULL, 101, NULL, NULL, NULL),
(47, '510906008959', 'CONTACT/510906008959', '_VrzoWDy---', '2017-04-28T11:00:15.000Z', 'constantinos.tolias@gmail.com', 'Κωνσταντίνος', 'Τολιάς', NULL, '2017-10-02 17:08:03', '22890 25331', '514510187155', NULL, NULL, '', 'Άγιος Λάζαρος', '84600', 'Κόρινθος', NULL, 'Μύκονος', 'Κυκλάδες', 'Κορίνθου', '201 00', '69367002525', 'Πολιτικός Μηχανικός Μελος Τ.Ε.Ε. ΑΡ. ΜΗΤΡ. 125618', 'constantinos.tolias@gmail.com', '31879165', 'Δαμασκηνού 85', NULL, 106, NULL, NULL, NULL),
(48, '2600848', 'CONTACT/2600848', '_Uge3cny--I', '2016-12-16 15:11:33', 'info@profilesw.com', 'Τάκης', 'Μπανανής', '694 587 7450', '2016-12-16 15:11:33', NULL, '2330773', NULL, NULL, NULL, 'Λ.Συγγρού 199', '17121', NULL, NULL, 'Αθήνα', NULL, NULL, NULL, '', NULL, NULL, NULL, NULL, NULL, 44, NULL, NULL, NULL),
(49, '2466043', 'CONTACT/2466043', '_Uge3cny--J', '2016-12-15 14:38:47', 'info@scsknowhow.com', 'Στέλιος', 'Χατζημανώλης', NULL, '2016-12-15 14:38:47', '210 9418106', '2335289', NULL, NULL, NULL, 'Κ. Παλαιολόγου 38 & Ασκληπιού', '17564', NULL, NULL, 'Π. Φάληρο', NULL, NULL, NULL, '', NULL, NULL, NULL, NULL, NULL, 86, NULL, NULL, NULL),
(50, '2472385', 'CONTACT/2472385', '_Uge3cny--K', '2016-12-15 15:43:44', 'center@dp.gr', 'Δημήτρης', 'Παπαματθαιάκης', NULL, '2016-12-15 15:43:44', '2810240024', '2472123', NULL, NULL, NULL, 'Κορωναίου 4', '71201', NULL, NULL, 'Ηράκλειο', NULL, NULL, NULL, '', NULL, NULL, NULL, NULL, NULL, 21, NULL, NULL, NULL),
(51, '514574931680', 'CONTACT/514574931680', '_YcZjF0i---', '2019-04-04 08:49:34', 'marameimaridi@yahoo.gr', 'Elena', 'L.', NULL, '2019-04-04 08:49:34', NULL, '514574931502', NULL, NULL, NULL, NULL, '', NULL, NULL, NULL, NULL, NULL, NULL, '', NULL, NULL, NULL, NULL, NULL, 37, NULL, NULL, NULL),
(52, '2608282', 'CONTACT/2608282', '_Uge3cny--L', '2016-12-16 16:29:55', 'info@dragonera.gr', 'Αλεξάνδρα', 'Δούνα', NULL, '2016-12-16 16:29:55', NULL, '2202172', NULL, NULL, NULL, NULL, '', NULL, 'Αντιπρόεδρος', NULL, NULL, NULL, NULL, '', NULL, NULL, NULL, NULL, NULL, 16, NULL, NULL, NULL),
(54, '2469519', 'CONTACT/2469519', '_Uge3cny--M', '2016-12-15 15:12:01', 'parnas-ski@otenet.gr', 'Λεωνίδας', 'Παπαθανασίου', '697 284 6395', '2016-12-15 15:12:01', '22670-22646', '2328563', NULL, NULL, NULL, '15χιλ Εθνικής οδού Λιβαδειάς', '', NULL, NULL, 'Αράχωβας', NULL, NULL, NULL, '', NULL, NULL, NULL, NULL, NULL, 70, NULL, NULL, NULL),
(55, '510908810651', 'CONTACT/510908810651', '_VB__PeG---', '2017-05-22 16:03:38', 'takis.kaplanis@gmail.com', 'Τάκης', 'Καπλάνης', NULL, '2017-05-22 16:03:38', NULL, '510908810528', NULL, NULL, NULL, NULL, '', NULL, NULL, NULL, NULL, NULL, NULL, '', NULL, NULL, NULL, NULL, NULL, 94, NULL, NULL, NULL),
(56, '2447879', 'CONTACT/2447879', '_Uge3cny--N', '2016-12-15 11:25:34', 'mkourkouli@planet.gr', 'Μαρία', 'Κουρκούλη', '6974149440', '2016-12-15 11:25:34', '2106905038', '2199261', NULL, NULL, NULL, 'Λουίζης Ριανκούρ 64 (Πύργος Απόλλων)', '11523', NULL, NULL, 'Αθήνα', NULL, NULL, NULL, '', NULL, NULL, NULL, NULL, NULL, 78, NULL, NULL, NULL),
(57, '2449467', 'CONTACT/2449467', '_Uge3cny--O', '2016-12-15 11:43:37', 'adouso@yahoo.com', 'Αντιγόνη', 'Δουσοπούλου', NULL, '2016-12-15 11:43:37', NULL, '2315621', NULL, NULL, NULL, 'Μητροπόλεως 70 & Μητροπολίτου Ιωσήφ γωνία', '54622', NULL, NULL, 'Θεσσαλονίκη', NULL, NULL, NULL, '', NULL, NULL, NULL, NULL, NULL, 51, NULL, NULL, NULL),
(58, '2457826', 'CONTACT/2457826', '_Uge3cny--P', '2016-12-15 13:11:09', 'ekalou@planet.gr', 'Ευαγγελία', 'Καλού', NULL, '2016-12-15 13:11:09', NULL, '2317504', NULL, NULL, NULL, 'Λ. Ριανκούρ 64', '11523', NULL, NULL, 'Αθήνα', NULL, NULL, NULL, '', NULL, NULL, NULL, NULL, NULL, 89, NULL, NULL, NULL),
(60, '2445267', 'CONTACT/2445267', '_Uge3cny--Q', '2016-12-15 10:59:56', 'lpsalti@planet.gr', 'Λέτα', 'Ψάλτη', NULL, '2016-12-15 10:59:56', '210 690 5132', '2201560', NULL, NULL, NULL, 'Λ. Ριανκούρ 64', '11523', NULL, NULL, 'Αθήνα', NULL, NULL, NULL, '', NULL, NULL, NULL, NULL, NULL, 17, NULL, NULL, NULL),
(61, '2458539', 'CONTACT/2458539', '_Uge3cny--R', '2016-12-15 13:16:26', 'karabela.a@intersalonica.gr', 'Αφροδίτη', 'Καράμπελα', NULL, '2016-12-15 13:16:26', '2310 492106', '2324690', NULL, NULL, NULL, '15ο χλμ ΘΕΣΣΑΛΟΝΙΚΗΣ-ΠΕΙΡΑΙΑΣ', '55102', NULL, NULL, 'ΘΕΣΣΑΛΟΝΙΚΗ', NULL, NULL, NULL, '', NULL, NULL, NULL, NULL, NULL, 71, NULL, NULL, NULL),
(62, '2456676', 'CONTACT/2456676', '_Uge3cny--S', '2016-12-15 13:00:33', 'tzanasp@gmail.com', 'Πασχάλης', 'Τζάνας', NULL, '2016-12-15 13:00:33', '210 90 10 323', '2323805', NULL, NULL, NULL, 'Λ. Βουλιαγμένης 123', '11631', NULL, NULL, 'Αθήνα', NULL, NULL, NULL, '', NULL, NULL, NULL, NULL, NULL, 74, NULL, NULL, NULL),
(63, '2453675', 'CONTACT/2453675', '_Uge3cny--T', '2016-12-15 12:27:21', 'etheodoulou@dgepcd.gov.cy', 'Ελεάνα', 'Θεοδούλου', NULL, '2016-12-15 12:27:21', '00357 22602813', '2316285', NULL, NULL, NULL, 'Λεωφόρος Βύρωνος 29', '1096,', NULL, NULL, 'Λευκωσία', 'Κύπρος', NULL, NULL, '', NULL, NULL, NULL, NULL, NULL, 10, NULL, NULL, NULL),
(64, '2444219', 'CONTACT/2444219', '_U0GScYu---', '2016-12-15T08:46:34.000Z', 'info@serafinoshoes.gr', 'Σεραφείμ', 'Μανώλης', '6973995351', '2017-04-12 15:14:59', '22610 26300', '2200672', NULL, NULL, NULL, 'Δ. Ανδρεαδάκη 29(πρώην Πεσόντων Μαχητων) Λιβαδειά', '32100', NULL, NULL, 'Λιβαδειά', 'Βοιωτία', NULL, NULL, '', NULL, NULL, NULL, NULL, NULL, 48, NULL, NULL, NULL),
(65, '2448863', 'CONTACT/2448863', '_Uge3cny--V', '2016-12-15 11:37:37', 'maria.hopespot@yahoo.gr', 'Μαρία', 'Σταμάτη', '6944 570 864', '2016-12-15 11:37:37', '2310 620 785', '2316889', NULL, NULL, NULL, 'ΔΩΔΕΚΑΝΗΣΟΥ 22', '', NULL, NULL, 'Θεσσαλονίκη', NULL, NULL, NULL, '', NULL, NULL, NULL, NULL, NULL, 61, NULL, NULL, NULL),
(66, '2469298', 'CONTACT/2469298', '_Uge3cny--W', '2016-12-15 15:08:28', 'yiannis.kaminis@gmail.com', 'Γιάννης', 'Καμίνης', '6945958524', '2016-12-15 15:08:28', NULL, '2328842', NULL, NULL, NULL, 'Πρόξενου Κορομηλά 31', '54622', NULL, NULL, 'Θεσσαλονίκη', NULL, NULL, NULL, '', NULL, NULL, NULL, NULL, NULL, 98, NULL, NULL, NULL),
(67, '2450869', 'CONTACT/2450869', '_Uge3cny--X', '2016-12-15 11:58:50', 'info@proopsis.gr', 'Μαρίνος', 'Ρουσιάς', NULL, '2016-12-15 11:58:50', '2105244760', '2313495', NULL, NULL, NULL, 'Τρεμπεσίνας 32', '12136', NULL, NULL, 'Περιστέρι', NULL, NULL, NULL, '', NULL, NULL, NULL, NULL, NULL, 96, NULL, NULL, NULL),
(68, '514531150090', 'CONTACT/514531150090', '_WkcEX6W---', '2018-03-27T09:49:41.000Z', 'dzidianakis@hotmail.com', 'ΔΗΜΗΤΡΙΟΣ Ε.', 'ΖΗΔΙΑΝΑΚΗΣ', '6973354000', '2018-03-27 15:54:54', NULL, '514531149722', NULL, NULL, '', NULL, '', NULL, NULL, NULL, NULL, NULL, NULL, '', NULL, NULL, NULL, NULL, NULL, 42, NULL, NULL, NULL),
(69, '2605872', 'CONTACT/2605872', '_Uge3cny--Y', '2016-12-16 16:04:43', 'ppan@planet.gr', 'Παναγιώτης', 'Πανοτόπουλος', NULL, '2016-12-16 16:04:43', NULL, '2199261', NULL, NULL, NULL, 'Λουίζης Ριανκούρ 64 (Πύργος Απόλλων)', '11523', NULL, NULL, 'Αθήνα', NULL, NULL, NULL, '', NULL, NULL, NULL, NULL, NULL, 78, NULL, NULL, NULL),
(70, '2451660', 'CONTACT/2451660', '_Uge3cny--Z', '2016-12-15 12:08:11', 'rulakom@yahoo.com', 'Ρούλα', 'Δουδουλακάκη', '6937177656', '2016-12-15 12:08:11', '2531082828', '2320547', NULL, NULL, NULL, 'Ορφέως 30', '69132', NULL, NULL, 'Κομοτηνή', NULL, NULL, NULL, '', NULL, NULL, NULL, NULL, NULL, 39, NULL, NULL, NULL),
(71, '2465007', 'CONTACT/2465007', '_Uge3cny--a', '2016-12-15 14:26:14', 'kostaskalogritsas@yahoo.gr', 'Γιώργος', 'Μανίκας', NULL, '2016-12-15 14:26:14', '210 6618344', '2322640', NULL, NULL, NULL, 'Λ.Λαύριου  109', '15354', NULL, NULL, 'Γλυκά Νερά', NULL, NULL, NULL, '', NULL, NULL, NULL, NULL, NULL, 91, NULL, NULL, NULL),
(72, '2602495', 'CONTACT/2602495', '_Uge3cny--b', '2016-12-16 15:30:27', 'info@army-market.gr', 'Παναγιώτης', 'Πατεράκης', '697 922 1501', '2016-12-16 15:30:27', NULL, '2316083', NULL, NULL, NULL, 'Θερμοπυλών 2', '67100', NULL, NULL, 'Ξάνθη', NULL, NULL, NULL, '', NULL, NULL, NULL, NULL, NULL, 103, NULL, NULL, NULL),
(73, '510902294228', 'CONTACT/510902294228', '_Uu5PGji---', '2017-03-27 11:11:04', 'margietta.thomas@gmail.com', 'Μαρία', 'Σγούρου', '6944310904', '2017-03-27 11:11:04', '2102013010', '510902294135', NULL, NULL, NULL, NULL, '', NULL, NULL, NULL, NULL, NULL, NULL, '', NULL, NULL, NULL, NULL, NULL, 108, NULL, NULL, NULL),
(74, '2468732', 'CONTACT/2468732', '_Uge3cny--c', '2016-12-15 15:05:25', 'info@socooldesign.gr', 'Κατερίνα', 'Χριστοφορίδου', NULL, '2016-12-15 15:05:25', '211 2144455', '2331653', NULL, NULL, NULL, 'Στρ. Μακρυγιάννη 55', '', NULL, NULL, 'Αιγάλεω', NULL, NULL, NULL, '', NULL, NULL, NULL, NULL, NULL, 62, NULL, NULL, NULL),
(75, '510901954287', 'CONTACT/510901954287', '_U7keRMu---', '2017-03-24T09:07:12.000Z', 'panosgrig@gmail.com', 'Παναγιώτης', 'Γρηγορίου', '6970367092', '2017-05-05 20:20:16', NULL, '510901954077', NULL, NULL, '', NULL, '', NULL, NULL, NULL, NULL, NULL, NULL, '', NULL, NULL, NULL, NULL, NULL, 95, NULL, NULL, NULL),
(76, '514502223318', 'CONTACT/514502223318', '_VWiqPFm---', '2017-07-28 15:29:22', 'v.gerolimos@proopsis.gr', 'Βασίλης', 'Γερόλυμος', NULL, '2017-07-28 15:29:22', '2105773361', '2313495', NULL, NULL, NULL, 'Τρεμπεσίνας 32, 121 36', '121 3', NULL, NULL, 'Περιστέρι', NULL, NULL, NULL, '', NULL, NULL, NULL, NULL, NULL, 96, NULL, NULL, NULL),
(77, '2468946', 'CONTACT/2468946', '_Uge3cn2---', '2016-12-15 15:09:10', 'melgrace9@yahoo.com', 'Μελίνα', 'Σταμάτη', NULL, '2016-12-15 15:09:10', '2310620785', '2316889', NULL, NULL, NULL, 'ΔΩΔΕΚΑΝΗΣΟΥ 22', '', NULL, NULL, 'ΘΕΣ/ΝΙΚΗ', NULL, NULL, NULL, '', NULL, NULL, NULL, NULL, NULL, 61, NULL, NULL, NULL),
(78, '2456570', 'CONTACT/2456570', '_Uge3cn2--_', '2016-12-15 12:58:48', 'info@lydra.gr', 'Κατερίνα', 'Σπερέντζου', NULL, '2016-12-15 12:58:48', NULL, '2456497', NULL, NULL, NULL, NULL, '', NULL, NULL, NULL, NULL, NULL, NULL, '', NULL, NULL, NULL, NULL, NULL, 81, NULL, NULL, NULL),
(79, '510915142900', 'CONTACT/510915142900', '_VS-PcIS---', '2017-07-14 10:47:49', 'l_koratzani@hellasdms.com', 'Λίνα', 'Κορατζάνη', NULL, '2017-07-14 10:47:49', NULL, '510915142789', NULL, NULL, NULL, NULL, '', NULL, NULL, NULL, NULL, NULL, NULL, '', NULL, NULL, NULL, NULL, NULL, 57, NULL, NULL, NULL),
(80, '510908322815', 'CONTACT/510908322815', '_VrzopkW---', '2017-05-18T07:23:38.000Z', 'vlassisxplan@gmail.com', 'Βλάσης', 'Χατζής', '6945755454', '2017-10-02 17:08:23', NULL, '514510187155', NULL, NULL, '', NULL, '', NULL, NULL, NULL, NULL, NULL, NULL, '', NULL, NULL, NULL, NULL, NULL, 106, NULL, NULL, NULL),
(81, '2458180', 'CONTACT/2458180', '_Uge3cn2--A', '2016-12-15 13:15:18', 'nkri@planet.gr', 'Νικόλαος', 'Κριεζής', NULL, '2016-12-15 13:15:18', '210 690 5000', '2199261', NULL, NULL, NULL, 'Λουίζης Ριανκούρ 64 (Πύργος Απόλλων)', '11523', NULL, NULL, 'Αθήνα', NULL, NULL, NULL, '', NULL, NULL, NULL, NULL, NULL, 78, NULL, NULL, NULL),
(82, '2457720', 'CONTACT/2457720', '_Uge3cn2--B', '2016-12-15 13:09:22', 'agian@planet.gr', 'Αντώνης', 'Γιαννακόπουλος', NULL, '2016-12-15 13:09:22', NULL, '2201560', NULL, NULL, NULL, 'Λ. Ριανκούρ 64', '11523', NULL, NULL, 'Αθήνα', NULL, NULL, NULL, '', NULL, NULL, NULL, NULL, NULL, 17, NULL, NULL, NULL),
(83, '2601493', 'CONTACT/2601493', '_Uge3cn2--C', '2016-12-16 15:17:50', 'info@cleverservices.gr', 'Γιάννης', 'Χατζής', NULL, '2016-12-16 15:17:50', NULL, '2334352', NULL, NULL, NULL, 'Αρκαδίας 3', '12132', NULL, NULL, 'Περιστέρι', NULL, NULL, NULL, '', NULL, NULL, NULL, NULL, NULL, 45, NULL, NULL, NULL),
(85, '2602317', 'CONTACT/2602317', '_Uge3cn2--D', '2016-12-16 15:27:18', 'manousis@gmail.com', 'Μάριος', 'Μανούσης', NULL, '2016-12-16 15:27:18', NULL, '2602226', NULL, NULL, NULL, 'ΑΛΙΚΑΡΝΑΣΣΟΥ 45', '13123', NULL, NULL, 'ΙΛΙΟΝ', NULL, NULL, NULL, '', NULL, NULL, NULL, NULL, NULL, 63, NULL, NULL, NULL),
(86, '2450022', 'CONTACT/2450022', '_Uge3cn2--E', '2016-12-15 11:48:14', 'spergos@hotmail.com', 'Γρηγόρης', 'Σπερέντζος', '6972551925', '2016-12-15 11:48:14', NULL, '2317078', NULL, NULL, NULL, 'Ερμού 64', '10551', NULL, NULL, 'Αθήνα', NULL, NULL, NULL, '', NULL, NULL, NULL, NULL, NULL, 72, NULL, NULL, NULL),
(87, '514506520046', 'CONTACT/514506520046', '_ViNQU5----', '2017-09-02T18:17:58.000Z', 'nikassotiris@yahoo.gr', 'Σωτήρης', 'Νίκας', '697 777 9400', '2017-09-02 21:20:16', NULL, '514506519334', 'Manger', NULL, '', NULL, '', NULL, NULL, NULL, NULL, NULL, NULL, '', NULL, NULL, NULL, NULL, NULL, 28, NULL, NULL, NULL),
(89, '514512267777', 'CONTACT/514512267777', '_Vw75Y1a---', '2017-10-18 15:35:40', 'chatzprint@gmail.com', 'Αποστόλης', 'Χατζόπουλος', NULL, '2017-10-18 15:35:40', '21 0571 8967', '', 'Mr', NULL, NULL, 'Πελασγίας 26', '12136', NULL, NULL, 'Περιστέρι', NULL, NULL, NULL, '', NULL, NULL, NULL, NULL, NULL, NULL, NULL, NULL, NULL),
(90, '2468662', 'CONTACT/2468662', '_Uge3cn2--F', '2016-12-15 15:04:18', 'ecobiopaper@yahoo.gr', 'Νίκος', 'Παπαδόπουλος', NULL, '2016-12-15 15:04:18', NULL, '2321838', NULL, NULL, NULL, 'Αριστοτέλους 20', '16343', NULL, NULL, 'Ηλιούπολη', NULL, NULL, NULL, '', NULL, NULL, NULL, NULL, NULL, 83, NULL, NULL, NULL),
(91, '2453454', 'CONTACT/2453454', '_Uge3cn2--G', '2016-12-15 12:23:45', 'angelikikountouraki@gmail.com', 'Αγγελική', 'Κουντουράκη', '6944473046', '2016-12-15 12:23:45', NULL, '2321667', NULL, NULL, NULL, 'Κύπρου 10Κ', '', NULL, NULL, 'Μοσχάτο', NULL, NULL, NULL, '', NULL, NULL, NULL, NULL, NULL, 14, NULL, NULL, NULL),
(92, '2607243', 'CONTACT/2607243', '_Uge3cn2--H', '2016-12-16T14:17:18.000Z', 'info@robopolis.gr', 'Γιώργος', 'Σουλογιάννης', '6936120255', '2016-12-16 16:17:36', NULL, '2596581', NULL, NULL, NULL, NULL, '', NULL, NULL, NULL, NULL, NULL, NULL, '', NULL, NULL, NULL, NULL, NULL, 43, NULL, NULL, NULL),
(93, '510913962565', 'CONTACT/510913962565', '_VaWQO42---', '2017-07-04T07:44:08.000Z', 'dpapoutsis@synergic.gr', 'Δημήτρης', 'Παπουτσής', '6976761506', '2017-08-09 11:17:51', '6976761506', '2444931', NULL, NULL, '', 'Χαϊδάρι', '', NULL, NULL, NULL, NULL, NULL, NULL, '', NULL, NULL, NULL, NULL, NULL, 24, NULL, NULL, NULL),
(94, '510900110762', 'CONTACT/510900110762', '_Uo0BBRO---', '2017-03-08 12:43:12', 'z.louspas@gmail.com', 'Ζακ', 'Λούσπας', NULL, '2017-03-08 12:43:12', '6948412136', '510900110655', NULL, NULL, NULL, NULL, '', NULL, NULL, NULL, NULL, NULL, NULL, '', NULL, NULL, NULL, NULL, NULL, 66, NULL, NULL, NULL),
(95, '514501864701', 'CONTACT/514501864701', '_VjZ929m---', '2017-07-25 14:26:46', 'ltsafas@time-style.gr', 'Λεωνίδας', 'Τσάφας', NULL, '2017-07-25 14:26:46', NULL, '514506625390', NULL, NULL, NULL, NULL, '', NULL, NULL, NULL, NULL, NULL, NULL, '', NULL, NULL, NULL, NULL, NULL, 46, NULL, NULL, NULL),
(96, '2459346', 'CONTACT/2459346', '_Uge3cn2--I', '2016-12-15 13:25:36', 'nefeli_k3@hotmail.com', 'Νεφέλη', 'Κυριακού', '6974071833', '2016-12-15 13:25:36', '2111840789', '2325927', NULL, NULL, NULL, 'Λεωφόρος Βασιλίσσης Σοφίας 55', '11521', NULL, NULL, 'Αθήνα (Κολωνάκι)', NULL, NULL, NULL, '', NULL, NULL, NULL, NULL, NULL, 53, NULL, NULL, NULL),
(97, '2465937', 'CONTACT/2465937', '_Uge3cn2--J', '2016-12-15 14:37:13', 'kplakia@kleopatraelectronics.gr', 'Κωνσταντίνα', 'Πλακιά', NULL, '2016-12-15 14:37:13', '210 6852549', '2465864', NULL, NULL, NULL, 'Ζαλοκώστα 4', '', NULL, NULL, 'Χαλάνδρι', NULL, NULL, NULL, '', NULL, NULL, NULL, NULL, NULL, 3, NULL, NULL, NULL),
(98, '2457359', 'CONTACT/2457359', '_Uge3cn2--K', '2016-12-15 13:08:00', 'a.stamiri@ammonovis.com', 'Αλεξία', 'Σταμίρη', '6955195011', '2016-12-15 13:08:00', NULL, '2323940', NULL, NULL, NULL, 'Λ. Κηφισού 48', '12133', NULL, NULL, 'Περιστέρι', NULL, NULL, NULL, '', NULL, NULL, NULL, NULL, NULL, 25, NULL, NULL, NULL),
(99, '2608623', 'CONTACT/2608623', '_Uge3cn2--L', '2016-12-16T14:30:44.000Z', 'info@dragonera.gr', 'Λάμπρος', 'Σκεμπές', '6987334027', '2016-12-16 16:32:49', NULL, '2202172', NULL, NULL, NULL, NULL, '', NULL, 'Γραμματέας και Διαχειρίστης Ιστοσέλιδας', NULL, NULL, NULL, NULL, '', NULL, NULL, NULL, NULL, 'ΣΚΕΜΠΕΣ ΛΑΜΠΡΟΣ(Γραμματέας και Διαχειρίστης Ιστοσέλιδας)\nΚιν.:6987334027ΣΚΕΜΠΕΣ ΛΑΜΠΡΟΣ(Γραμματέας και Διαχειρίστης Ιστοσέλιδας)\nΚιν.:6987334027', 16, NULL, NULL, NULL),
(100, '514522671297', 'CONTACT/514522671297', '_WNhvidG---', '2018-01-15 10:31:13', 'ilias_support@nationalopera.gr', 'Ηλίας', 'Ευθυμίου', '693 6192326', '2018-01-15 10:31:13', '213 0885891', '514522671044', 'Συνεργάτης Τμήματος Πληροφορικής', 'Τμήματος Πληροφορικής και Τεχνικής Υποστήριξης Η/Υ', NULL, NULL, '', NULL, NULL, NULL, NULL, NULL, NULL, '', NULL, NULL, NULL, NULL, NULL, 47, NULL, NULL, NULL),
(101, '514502927563', 'CONTACT/514502927563', '_VzHLTJi---', '2017-08-03T11:32:53.000Z', 'a.daouliaris@gmail.com', 'Άντζελα', 'Κοριξενίδου', NULL, '2017-10-25 09:51:53', '2106072051', '2203622', NULL, NULL, '', NULL, '', NULL, NULL, NULL, NULL, NULL, NULL, '', NULL, NULL, NULL, NULL, NULL, 55, NULL, NULL, NULL),
(102, '2596717', 'CONTACT/2596717', '_Uge3cn2--M', '2016-12-16 14:29:49', 'nkalagatsis@bandainamcoent.eu', 'Νότης', 'Καλαγάτσης', NULL, '2016-12-16 14:29:49', NULL, '2596581', NULL, NULL, NULL, 'Παναγούλη Αλεξάνδρου 73 & Μακαρίου 8', '15343', NULL, NULL, 'Αγία Παρασκευή', NULL, NULL, NULL, '', NULL, NULL, NULL, NULL, NULL, 43, NULL, NULL, NULL),
(103, '2455797', 'CONTACT/2455797', '_Uge3cn2--N', '2016-12-15 12:50:34', 'export@aphroditeskincare.com', 'Μαρία', 'Ζαχαριουδάκη', '6972922358', '2016-12-15 12:50:34', NULL, '2314754', NULL, NULL, NULL, 'Νέα Αλικαρνασσός', '71601', NULL, NULL, 'Ηράκλειο', 'Κρήτη', NULL, NULL, '', NULL, NULL, NULL, NULL, NULL, 65, NULL, NULL, NULL),
(104, '2455709', 'CONTACT/2455709', '_Uge3cn2--O', '2016-12-15 12:49:08', 'dkontor@planet.gr', 'Δήμος', 'Κοντοράβδης', NULL, '2016-12-15 12:49:08', '210 6905050', '2199261', NULL, NULL, NULL, 'Λουίζης Ριανκούρ 64 (Πύργος Απόλλων)', '11523', NULL, NULL, 'Αθήνα', NULL, NULL, NULL, '', NULL, NULL, NULL, NULL, NULL, 78, NULL, NULL, NULL),
(105, '510898610387', 'CONTACT/510898610387', '_UkmzwEe---', '2017-02-23T09:02:32.000Z', 'antikeros@yahoo.com', 'Χρυσούλα', 'Βουκουβάλα', '6977464461', '2017-02-23 11:03:12', NULL, '510898610253', NULL, NULL, NULL, NULL, '', NULL, NULL, NULL, NULL, NULL, NULL, '', NULL, NULL, NULL, NULL, NULL, 11, NULL, NULL, NULL),
(106, '2459994', 'CONTACT/2459994', '_Uge3cn2--P', '2016-12-15 13:31:20', 'giannakiskon@gmail.com', 'Ιωάννης', 'Κωνσταντινίδης', '6972780645', '2016-12-15 13:31:20', NULL, '2459616', NULL, NULL, NULL, NULL, '', NULL, NULL, NULL, NULL, NULL, NULL, '', NULL, NULL, NULL, NULL, NULL, 68, NULL, NULL, NULL),
(107, '2457995', 'CONTACT/2457995', '_Uge3cn2--Q', '2016-12-15 13:12:20', 'jprassas@planet.gr', 'Δημήτρης', 'Πρασσάς', NULL, '2016-12-15 13:12:20', NULL, '2199261', NULL, NULL, NULL, 'Λουίζης Ριανκούρ 64 (Πύργος Απόλλων)', '11523', NULL, NULL, 'Αθήνα', NULL, NULL, NULL, '', NULL, NULL, NULL, NULL, NULL, 78, NULL, NULL, NULL),
(108, '514513144391', 'CONTACT/514513144391', '_VzKiq5y---', '2017-10-25T10:30:08.000Z', 'nosspiti@redcross.gr', 'Μαρία', 'Αγοράκη', '6948800648', '2017-10-25 13:47:16', '210 6997658', '2322334', 'Κυρία', 'Υπηρεσία Νοσηλεία στο Σπίτι', '', 'Ερυθρός Σταυρός 1 & Αθανασάκη 11  κτήριο Μάρσαλ εισόγειο', '', NULL, NULL, 'Αμπελόκηποι - Αθήνα', 'Αττική', NULL, NULL, '', NULL, NULL, NULL, NULL, 'Προϊσταμένη υπηρεσίας', 8, NULL, NULL, NULL),
(109, '514513145079', 'CONTACT/514513145079', '_VzKZbay---', '2017-10-25 13:37:10', 'promitihies@redcross.gr', 'Αθηνά', 'Σιγάλα', NULL, '2017-10-25 13:37:10', '210 3613562', '2322334', 'Κυρία', 'Διεύθυνση Προμηθειών', NULL, 'Λυκαβητού 1', '10672', NULL, NULL, 'ΑΘΗΝΑ', 'Αττική', NULL, NULL, '', NULL, NULL, NULL, NULL, NULL, 8, NULL, NULL, NULL),
(110, '2605987', 'CONTACT/2605987', '_Uge3cn2--R', '2016-12-16 16:06:29', 'megoulistom@gmail.com', 'Θωμάς', 'Μέγγουλης', '6977716729', '2016-12-16 16:06:29', '210 2409955', '2315358', NULL, NULL, NULL, 'Λ.  Καραμανλή 227', '', NULL, NULL, 'Αχαρνές (Μενίδι)', NULL, NULL, NULL, '', NULL, NULL, NULL, NULL, NULL, 100, NULL, NULL, NULL),
(111, '2595973', 'CONTACT/2595973', '_Uge3cn2--S', '2016-12-16 14:21:57', 'kostaskalogritsas@yahoo.gr', 'Γιώργος', 'Μανίκας', NULL, '2016-12-16 14:21:57', '210 6618344', '2322640', NULL, NULL, NULL, NULL, '', NULL, NULL, NULL, NULL, NULL, NULL, '', NULL, NULL, NULL, NULL, NULL, 91, NULL, NULL, NULL),
(112, '510905657460', 'CONTACT/510905657460', '_U4QJrGu---', '2017-04-25 12:58:52', 'info@synergic.gr', 'Λουκάς', 'Γεωργοσόπουλος', '6946829889', '2017-04-25 12:58:52', '2102693492', '2444931', NULL, NULL, NULL, NULL, '', NULL, NULL, NULL, NULL, NULL, NULL, '', NULL, NULL, NULL, NULL, 'Τεχνικό γραφείο ανελκυστήρων', 24, NULL, NULL, NULL),
(113, '2607173', 'CONTACT/2607173', '_Uge3cn2--T', '2016-12-16 16:16:14', 'a.kesidis@proopsis.gr', 'Αντώνης', 'Κεσίδης', '6948 078 755', '2016-12-16 16:16:14', '210 5244760', '2313495', NULL, NULL, NULL, 'Τρεμπεσίνας 32', '12136', NULL, NULL, 'Περιστέρι', NULL, NULL, NULL, '', NULL, NULL, NULL, NULL, NULL, 96, NULL, NULL, NULL),
(114, '2603631', 'CONTACT/2603631', '_Uge3cn2--U', '2016-12-16 15:40:34', 'g.dedes@texnikoi.com', 'Γιώργος', 'Δέδες', '6936827353', '2016-12-16 15:40:34', NULL, '2603531', NULL, NULL, NULL, 'Εμμανουηλίδου 1 & Πειραιώς 68', '18547', NULL, NULL, 'Πειραιάς', NULL, NULL, NULL, '', NULL, NULL, NULL, NULL, NULL, 15, NULL, NULL, NULL),
(115, '510897009995', 'CONTACT/510897009995', '_Uge3cn2--V', '2017-02-09 11:33:21', 'sypaade@aade.gr', 'Χρήστος', 'Μπουράνης', '6944716682', '2017-02-09 11:33:21', NULL, '510897009489', NULL, NULL, NULL, 'Χανδρή 1', '18346', NULL, NULL, 'Μοσχάτο', NULL, NULL, NULL, '', NULL, NULL, NULL, NULL, NULL, 82, NULL, NULL, NULL),
(116, '2605046', 'CONTACT/2605046', '_Uge3cn2--W', '2016-12-16 15:55:32', 'avoumvakis@yahoo.com', 'Αντώνης', 'Βουμβάκης', '6971828278', '2016-12-16 15:55:32', NULL, '2330611', NULL, NULL, NULL, NULL, '', NULL, NULL, NULL, NULL, NULL, NULL, '', NULL, NULL, NULL, NULL, NULL, 32, NULL, NULL, NULL),
(117, '2455171', 'CONTACT/2455171', '_VzKcA-S---', '2016-12-15T10:44:55.000Z', 'jvarkas@planet.gr', 'Γιάννης', 'Βάρκας', '6946906181', '2016-12-15 12:46:20', '210 690 5000', '2199261', NULL, NULL, NULL, 'Λουίζης Ριανκούρ 64 (Πύργος Απόλλων)', '11523', NULL, NULL, 'Αθήνα', NULL, NULL, NULL, '', NULL, NULL, NULL, NULL, NULL, 78, NULL, NULL, NULL),
(118, '2597745', 'CONTACT/2597745', '_Uge3cn2--Y', '2016-12-16 14:38:22', 'info@sushija.gr', 'Πάνος', 'Βενιέρης', NULL, '2016-12-16 14:38:22', '2310 229000', '2315621', NULL, NULL, NULL, NULL, '', NULL, NULL, NULL, NULL, NULL, NULL, '', NULL, NULL, NULL, NULL, NULL, 51, NULL, NULL, NULL),
(120, '514524412492', 'CONTACT/514524412492', '_WSH2B_u---', '2018-01-29 17:10:23', 'e.sarigianni@gmail.com', 'Τζένη', 'Σαρηγιάννη', '69 061 65 714', '2018-01-29 17:10:23', NULL, '2203622', 'Mrs', 'Sales & Customer Service', NULL, NULL, '', NULL, NULL, NULL, NULL, NULL, NULL, '', NULL, NULL, NULL, NULL, NULL, 55, NULL, NULL, NULL),
(121, '2460786', 'CONTACT/2460786', '_Uge3cn2--Z', '2016-12-15 13:39:23', 'mardieknitwear.com@gmail.com', 'Μαρδή', 'Ραβανού', '6932583777', '2016-12-15 13:39:23', NULL, '2460395', NULL, NULL, NULL, 'Ελευθερίου Βενιζέλου 156', '12351', NULL, NULL, 'Αγία Βαρβάρα', NULL, NULL, NULL, '', NULL, NULL, NULL, NULL, NULL, 31, NULL, NULL, NULL),
(122, '510910904839', 'CONTACT/510910904839', '_VGvNTHy---', '2017-06-09 13:03:45', 'dtheoharis@gqtechgr.com', 'Δημήτρης', 'Θεοχάρης', NULL, '2017-06-09 13:03:45', NULL, '', NULL, NULL, NULL, '17o χλμ. Λ.Λαυρίου', '', NULL, NULL, 'Παιανία', NULL, NULL, NULL, '', NULL, NULL, NULL, NULL, NULL, NULL, NULL, NULL, NULL),
(123, '514520568489', 'CONTACT/514520568489', '_WHu3jbq---', '2017-12-28 10:25:15', 'hariskakarouhas@hotmail.com', 'Χάρης', 'Κακαρούχας', NULL, '2017-12-28 10:25:15', NULL, '', 'Mr', NULL, NULL, NULL, '', 'Ν.Ηράκλειο', NULL, NULL, NULL, 'ΔΟΥ ΙΘ΄', '14122', '', 'Καλιτεχνικός Φωτογράφος', NULL, '026848420', 'Καρκαβίτσα 3', NULL, NULL, NULL, NULL, NULL),
(124, '2608203', 'CONTACT/2608203', '_Uge3cn6---', '2016-12-16 16:28:40', 'pcharalambous@dgepcd.gov.cy', 'Πάμπος', 'Χαραλάμπους', NULL, '2016-12-16 16:28:40', '00357 22602854', '2316285', NULL, NULL, NULL, NULL, '', NULL, NULL, NULL, NULL, NULL, NULL, '', NULL, NULL, NULL, NULL, NULL, 10, NULL, NULL, NULL),
(126, '2449627', 'CONTACT/2449627', '_Uge3cn6--_', '2016-12-15 11:46:20', 'info@lydra.gr', 'Κατερίνα', 'Σπερέντζου', NULL, '2016-12-15 11:46:20', '210 3230385', '2317078', NULL, NULL, NULL, 'Ερμού 64', '10551', NULL, NULL, 'Αθήνα', NULL, NULL, NULL, '', NULL, NULL, NULL, NULL, NULL, 72, NULL, NULL, NULL),
(127, '2447448', 'CONTACT/2447448', '_Uge3cn6--A', '2016-12-15 11:23:04', 'info@aphroditedirect.com', 'Παρασκευή', 'Ψύρρα', NULL, '2016-12-15 11:23:04', NULL, '2314754', NULL, NULL, NULL, 'Α.ΠΑΠΑΝΔΡΕΟΥ 249 ΑΜΜΟΥΔΑΡΑ ΓΑΖΙ', '71414', NULL, NULL, 'Ηράκλειο', 'Κρήτη', NULL, NULL, '', NULL, NULL, NULL, NULL, NULL, 65, NULL, NULL, NULL),
(128, '2598929', 'CONTACT/2598929', '_Uge3cn6--B', '2016-12-16 14:53:34', 'george.kokkinakis@cardlink.gr', 'Γεώργιος', 'Κοκκινάκης', NULL, '2016-12-16 14:53:34', '2106100695', '2331482', NULL, NULL, NULL, 'Αγίου Κωνσταντίνου 50', '15124', NULL, NULL, 'Μαρούσι', NULL, NULL, NULL, '', NULL, NULL, NULL, NULL, NULL, 64, NULL, NULL, NULL),
(129, '2446020', 'CONTACT/2446020', '_V_oRr5a---', '2016-12-15T09:08:14.000Z', 'jrisachi@gmail.com', 'Χρύσα', 'Σερεφίδου', NULL, '2017-05-18 11:01:45', '2106905076', '2199261', NULL, NULL, '', 'Λεωφόρος Βύρωνος 29', '1096.', NULL, NULL, 'Λευκωσία', NULL, NULL, NULL, '', NULL, NULL, NULL, NULL, NULL, 78, NULL, NULL, NULL),
(130, '2469413', 'CONTACT/2469413', '_Uge3cn6--D', '2016-12-15 15:10:18', 'asimina.art@gmail.com', 'Ασημίνα', 'Κωνσταντοπούλου', NULL, '2016-12-15 15:10:18', NULL, '2328689', NULL, NULL, NULL, 'Αλκαίου 5', '', NULL, NULL, 'Ιλίσια', NULL, NULL, NULL, '', NULL, NULL, NULL, NULL, NULL, 23, NULL, NULL, NULL),
(131, '514510679752', 'CONTACT/514510679752', '_VtAvYaa---', '2017-10-06T07:01:31.000Z', 'ecommerce_support@cardlink.gr', 'Γιώργος', 'Κουλίκας', NULL, '2017-10-06 10:58:39', '211 106 96 27', '2331482', NULL, 'eCommerce Transactions', '', NULL, '', NULL, NULL, NULL, NULL, NULL, NULL, '', NULL, NULL, NULL, NULL, NULL, 64, NULL, NULL, NULL),
(132, '2467995', 'CONTACT/2467995', '_Uge3cn6--E', '2016-12-15 14:58:44', 'eqa@eqa.gr', 'Φανή', 'Κασιδούλη', NULL, '2016-12-15 14:58:44', '210. 6834012', '2332818', NULL, NULL, NULL, NULL, '', NULL, NULL, NULL, NULL, NULL, NULL, '', NULL, NULL, NULL, NULL, NULL, 76, NULL, NULL, NULL),
(134, '2447800', 'CONTACT/2447800', '_Uge3cn6--F', '2016-12-15 11:24:25', 'info@ydrogaz.gr', 'Νικηφόρος', 'Φραγκούλης', '6973012552', '2016-12-15 11:24:25', '210 4827885', '2314916', NULL, NULL, NULL, 'Δημητράτου 38', '', NULL, NULL, 'Ρέντη', NULL, NULL, NULL, '', NULL, NULL, NULL, NULL, NULL, 41, NULL, NULL, NULL),
(135, '2443761', 'CONTACT/2443761', '_Uge3cn6--G', '2016-12-15 10:43:21', 'kgryp@planet.gr', 'Κατερίνα', 'Γρυπονησιώτη', NULL, '2016-12-15 10:43:21', '210 690 5000', '2199261', NULL, NULL, NULL, 'Λουίζης Ριανκούρ 64 (Πύργος Απόλλων)', '', NULL, NULL, 'Αθήνα', NULL, NULL, NULL, '', NULL, NULL, NULL, NULL, NULL, 78, NULL, NULL, NULL),
(136, '2608956', 'CONTACT/2608956', '_Uge3cn6--H', '2016-12-16 16:35:43', 'saridiskiriakos@gmail.com', 'Κυριάκος', 'Σαρίδης', NULL, '2016-12-16 16:35:43', '2810 762305', '2314754', NULL, NULL, NULL, 'Νέα Αλικαρνασσός', '71601', NULL, NULL, 'Ηράκλειο', 'Κρήτη', NULL, NULL, '', NULL, NULL, NULL, NULL, '1 Saint John, Kenourio Horio, Episkopi, \nHeraklion, Crete, Greece, PC 70008\nTel.: +30 2810 762305, Fax: +30 2810 762301', 65, NULL, NULL, NULL),
(137, '514522672552', 'CONTACT/514522672552', '_WNh6Mq2---', '2018-01-15 10:42:52', 'artisticdirector@nationalopera.gr', 'Αγγελική', 'Κλάδου', NULL, '2018-01-15 10:42:52', '+30 213 088 5721', '514522671044', 'Γραμματέας Διοικητικού Συμβουλίου ΕΛΣ', 'Διοικητικό Συμβουλίο ΕΛΣ', NULL, NULL, '', NULL, NULL, NULL, NULL, NULL, NULL, '', NULL, NULL, NULL, NULL, NULL, 47, NULL, NULL, NULL),
(138, '510899307694', 'CONTACT/510899307694', '_UmkpyZa---', '2017-03-01 13:40:29', 'info@synergic.gr', 'Άντρη', '.', NULL, '2017-03-01 13:40:29', '0035722602820', '2316285', NULL, NULL, NULL, NULL, '', NULL, NULL, NULL, NULL, NULL, NULL, '', NULL, NULL, NULL, NULL, NULL, 10, NULL, NULL, NULL),
(139, '2465249', 'CONTACT/2465249', '_Uge3cn6--I', '2016-12-15 14:30:11', 'Panagiota_Raniou@hotmail.com', 'Παναγιώτα', 'Ρανιού', '6976140540', '2016-12-15 14:30:11', NULL, '2202172', NULL, NULL, NULL, NULL, '', NULL, NULL, NULL, NULL, NULL, NULL, '', NULL, NULL, NULL, NULL, NULL, 16, NULL, NULL, NULL),
(140, '2453533', 'CONTACT/2453533', '_Uge3cn6--J', '2016-12-15 12:25:03', 'gsphair@otenet.gr', 'Γιώργος', 'Παπαθανασίου', '6977329015', '2016-12-15 12:25:03', NULL, '2321025', NULL, NULL, NULL, 'Ραγκαβή 98', '11475', NULL, NULL, 'Αθήνα', NULL, NULL, NULL, '', NULL, NULL, NULL, NULL, NULL, 79, NULL, NULL, NULL),
(141, '2459249', 'CONTACT/2459249', '_VKpoOea---', '2016-12-15T11:24:03.000Z', 'info@my-pharmacyathome.gr', 'Πάνος', 'Σταματίου', '6937434640', '2017-06-21 16:49:30', NULL, '2324447', NULL, NULL, '', 'Δημητρίου Ράλλη 38', '', NULL, NULL, 'Μαρούσι', NULL, NULL, NULL, '', NULL, NULL, NULL, NULL, NULL, 30, NULL, NULL, NULL),
(181, NULL, NULL, NULL, NULL, 'manolis.papaspyropoulos@gmail.com', 'Μανώλης', 'Παπασπυρόπουλος', NULL, NULL, '6988953242', NULL, NULL, NULL, NULL, 'Πειραιάς', '', NULL, NULL, NULL, NULL, NULL, NULL, NULL, NULL, NULL, NULL, NULL, NULL, 24, NULL, NULL, NULL),
(183, NULL, NULL, NULL, NULL, 'constantinos.tolias@gmail.com', 'Tolias', 'Konstantinos', NULL, NULL, '', NULL, NULL, NULL, NULL, '', '', NULL, NULL, NULL, NULL, NULL, NULL, NULL, NULL, NULL, NULL, NULL, NULL, 118, NULL, NULL, NULL),
(184, NULL, NULL, NULL, NULL, 'bogdan@synergic.gr', 'Μπογκντάν', 'Βασκάν', NULL, NULL, '6948174809', NULL, NULL, NULL, NULL, 'Αττική', '', NULL, NULL, NULL, NULL, NULL, NULL, NULL, NULL, NULL, NULL, NULL, NULL, 24, NULL, NULL, NULL),
(185, NULL, NULL, NULL, NULL, 'mzaimakis@synergic.gr', 'Μανώλης', 'Ζαϊμάκης', NULL, NULL, '6948071158', NULL, NULL, NULL, NULL, 'Μαλακάσα', '', NULL, NULL, NULL, NULL, NULL, NULL, NULL, NULL, NULL, NULL, NULL, NULL, 24, NULL, NULL, NULL),
(186, NULL, NULL, NULL, NULL, ' ', 'Ειρήνη ', 'Γιγίνη ', NULL, NULL, '30 6945558894 ', NULL, NULL, NULL, NULL, '', '', NULL, NULL, NULL, NULL, NULL, NULL, NULL, NULL, NULL, NULL, NULL, NULL, 137, NULL, NULL, NULL),
(187, NULL, NULL, NULL, NULL, 'info@cilek.gr', 'Κώστας', 'Ματιάδης', NULL, NULL, '6944522462', NULL, NULL, NULL, NULL, '', '', NULL, NULL, NULL, NULL, NULL, NULL, NULL, NULL, NULL, NULL, NULL, NULL, 126, NULL, NULL, NULL),
(188, NULL, NULL, NULL, NULL, '-', 'Χριστόφορος', 'Κανουπάκης', NULL, NULL, '2821112196 (6948967862)', NULL, NULL, NULL, NULL, 'Χανιά', '-', NULL, NULL, NULL, NULL, NULL, NULL, NULL, NULL, NULL, NULL, NULL, NULL, 135, NULL, NULL, NULL),
(189, NULL, NULL, NULL, NULL, '', 'Ελένη', 'Κεβόρκ', NULL, NULL, '6974310462', NULL, NULL, NULL, NULL, '', '', NULL, NULL, NULL, NULL, NULL, NULL, NULL, NULL, NULL, NULL, NULL, NULL, 117, NULL, NULL, NULL),
(190, NULL, NULL, NULL, NULL, '-', 'Akis', '-', NULL, NULL, '210 808 2127', NULL, NULL, NULL, NULL, '-', '-', NULL, NULL, NULL, NULL, NULL, NULL, NULL, NULL, NULL, NULL, NULL, NULL, 142, NULL, NULL, NULL),
(191, NULL, NULL, NULL, NULL, 'aggelosl@synergic.gr', 'Αγγελος', 'Λίχας', NULL, NULL, '6938985545', NULL, NULL, NULL, NULL, 'Περιστέρι', '', NULL, NULL, NULL, NULL, NULL, NULL, NULL, NULL, NULL, NULL, NULL, NULL, 24, NULL, NULL, NULL),
(193, NULL, NULL, NULL, NULL, 'Fanoulampofilh@yahoo.gr', 'Φανή', 'Μποφίλη', NULL, NULL, 'Κ. 6987335005', NULL, NULL, NULL, NULL, 'Χαλκίδα', '', NULL, NULL, NULL, NULL, NULL, NULL, NULL, NULL, NULL, NULL, NULL, NULL, 102, NULL, NULL, NULL),
(194, NULL, NULL, NULL, NULL, 'nprekas@synergic.gr', 'Nikos', 'Πρέκας', NULL, NULL, '6986674566', NULL, NULL, NULL, NULL, 'Περιστέρι', '', NULL, NULL, NULL, NULL, NULL, NULL, NULL, NULL, NULL, NULL, NULL, NULL, 24, NULL, NULL, NULL),
(195, NULL, NULL, NULL, NULL, 'vasilikikoimtzidou@gmail.com', 'Βασιλική ', 'Κοϊμτζίδου ', NULL, NULL, '', NULL, NULL, NULL, NULL, 'Πετεινός-Ξάνθης', '67100', NULL, NULL, NULL, NULL, NULL, NULL, NULL, NULL, NULL, NULL, NULL, NULL, 150, NULL, NULL, NULL),
(196, NULL, NULL, NULL, NULL, '', 'αιανιας', '', NULL, NULL, '210 6232018', NULL, NULL, NULL, NULL, '', '', NULL, NULL, NULL, NULL, NULL, NULL, NULL, NULL, NULL, NULL, NULL, NULL, 142, NULL, NULL, NULL),
(197, NULL, NULL, NULL, NULL, 'lmoutsa@yahoo.gr', 'Λευτέρης', 'Μουτσάτσος', NULL, NULL, '694 437 2432', NULL, NULL, NULL, NULL, 'Περιστέρι', '', NULL, NULL, NULL, NULL, NULL, NULL, NULL, NULL, NULL, NULL, NULL, NULL, 159, NULL, NULL, NULL),
(198, NULL, NULL, NULL, NULL, 'b.vogdis@internovatrans.gr', 'Haralabos  Μπάμπης', 'Vogdis Βόγδης', NULL, NULL, '', NULL, NULL, NULL, NULL, 'Athens', '', NULL, NULL, NULL, NULL, NULL, NULL, NULL, NULL, NULL, NULL, NULL, NULL, 160, NULL, NULL, NULL),
(199, NULL, NULL, NULL, NULL, '', 'Βιβή', '', NULL, NULL, '', NULL, NULL, NULL, NULL, '', '', NULL, NULL, NULL, NULL, NULL, NULL, NULL, NULL, NULL, NULL, NULL, NULL, 97, NULL, NULL, NULL),
(200, NULL, NULL, NULL, NULL, 'dzaga@synergic.gr', 'Δήμητρα', 'Ζάγκα', NULL, NULL, '6985950468', NULL, NULL, NULL, NULL, '', '', NULL, NULL, NULL, NULL, NULL, NULL, NULL, NULL, NULL, NULL, NULL, NULL, 24, NULL, NULL, NULL),
(201, NULL, NULL, NULL, NULL, 'kirgialanisth@gmail.com', 'Θοδωρής ', 'Κιργιαλάνης', NULL, NULL, '6979951721', NULL, NULL, NULL, NULL, '', '', NULL, NULL, NULL, NULL, NULL, NULL, NULL, NULL, NULL, NULL, NULL, NULL, 174, NULL, NULL, NULL),
(202, NULL, NULL, NULL, NULL, 'test@synergic.gr', 'Τεστ', 'τεστ surname', NULL, NULL, NULL, NULL, NULL, NULL, NULL, NULL, NULL, NULL, NULL, NULL, NULL, NULL, NULL, NULL, NULL, NULL, NULL, NULL, NULL, 157, 'testuser', NULL, NULL),
(203, NULL, NULL, NULL, NULL, '', '', 'τοφα', NULL, NULL, '22602373', NULL, NULL, NULL, NULL, '', '', NULL, NULL, NULL, NULL, NULL, NULL, NULL, NULL, NULL, NULL, NULL, NULL, 10, NULL, NULL, NULL);

-- --------------------------------------------------------

--
-- Δομή πίνακα για τον πίνακα `customers_suppliers`
--

CREATE TABLE `customers_suppliers` (
  `id` bigint(20) NOT NULL,
  `brand_name` varchar(255) DEFAULT NULL,
  `customer_type` varchar(45) DEFAULT NULL,
  `internova_seller_id` bigint(20) DEFAULT NULL,
  `afm` varchar(255) DEFAULT NULL,
  `doy` varchar(255) DEFAULT NULL,
  `job` varchar(255) DEFAULT NULL,
  `billing_id` bigint(20) DEFAULT NULL,
  `address` varchar(255) DEFAULT NULL,
  `region` varchar(255) DEFAULT NULL,
  `country` varchar(255) DEFAULT NULL,
  `city` varchar(255) DEFAULT NULL,
  `postal_code` varchar(255) DEFAULT NULL,
  `telephone` varchar(255) DEFAULT NULL,
  `email` varchar(255) DEFAULT NULL,
  `website` varchar(255) DEFAULT NULL,
  `comments` mediumtext DEFAULT NULL,
  `creation_date` datetime DEFAULT NULL,
  `update_date` datetime DEFAULT NULL
) ENGINE=InnoDB DEFAULT CHARSET=utf8;

--
-- Άδειασμα δεδομένων του πίνακα `customers_suppliers`
--

INSERT INTO `customers_suppliers` (`id`, `brand_name`, `customer_type`, `internova_seller_id`, `afm`, `doy`, `job`, `billing_id`, `address`, `region`, `country`, `city`, `postal_code`, `telephone`, `email`, `website`, `comments`, `creation_date`, `update_date`) VALUES
(5, 'CUST-SUPPL-II', 'Προμηθευτής', 2, 'AFM-4334544', 'DOY4', '-', 3, 'Κατεχάκη 12,Αθήνα Ελλάδα', 'Κεντρικός Τομέας Αθηνών', 'Ελλάδα', 'Αθήνα', '115 25', '+3069044783', 'custom21@synergic.com', 'eee.com', '-', '2020-10-16 11:13:53', '2020-11-14 22:35:50'),
(6, 'CUST-SUPPL-III', 'Πελάτης', 3, 'AFM-4345', 'DOY6', '-', 3, 'Καραολή και Δημητρίου 2,Εύοσμος Ελλάδα', 'Θεσσαλονίκη', 'Ελλάδα', 'Εύοσμος', '562 24', '+3069044783', 'my-email@gmail.com', 'φεφεεφφε', '-', '2020-10-17 11:15:19', '2020-11-14 22:35:54'),
(7, 'CUST-SUPPL-V', 'Πελάτης & Προμηθευτής', 2, 'AFM-4334-234', 'DOY7', '-', 2, 'Κατεχάκη 12,Αθήνα Ελλάδα', 'Κεντρικός Τομέας Αθηνών', 'Ελλάδα', 'Αθήνα', '115 25', '+3069044783', 'yahoo@synergic.com', 'ewrewewfwef', '-', '2020-10-18 11:16:40', NULL),
(8, 'CUST-SUPPL-VI', 'Πελάτης', 3, 'AFM-4334-435', 'DOY8', '-', 2, 'Δίστρια Δώρας 23,Αθήνα Ελλάδα', 'Κεντρικός Τομέας Αθηνών', 'Ελλάδα', 'Αθήνα', '106 76', '+3069044783', 'ibebis@gmail.com', 'ewq.com', '-', '2020-10-19 11:22:14', NULL),
(9, 'CUST-SUPPL-VII', 'Πελάτης', 2, 'AFM-4334-435', 'DOY9', '-', 2, 'Διστόμου 45,Αθήνα Ελλάδα', 'Κεντρικός Τομέας Αθηνών', 'Ελλάδα', 'Αθήνα', '104 44', '+3069044783', 'manos_pap@mail.com', 'fwe.com', '-', '2020-10-20 11:28:16', NULL),
(10, 'CUST-SUPPL-VIII', 'Προμηθευτής', 1, 'AFM-4334-45', 'DOY10', '-', 2, 'Texas 8 Beltway,Pasadena Ηνωμένες Πολιτείες', 'fewfw', 'Ηνωμένες Πολιτείες', 'Pasadena', '32423', '+3069044783', 'manos2_pap@mail.com', 'eew', '-', '2020-10-21 11:31:25', '2020-11-04 15:05:51'),
(11, 'CUST-SUPPL-IX', 'Πελάτης & Προμηθευτής', 2, 'AFM-534', 'DOY11', '-', 2, 'Skyline Drive,Front Royal Ηνωμένες Πολιτείες', '-', 'Ηνωμένες Πολιτείες', 'Front Royal', '3423', '+3069044783', 'pad_pap@mail.com', 'efwef', '-', '2020-10-22 11:33:40', NULL),
(14, 'CUST-SUPPL-X', 'Πελάτης', 2, 'AFM-23', 'DOY12', '-', 2, 'Διστόμου,Θεσσαλονίκη Ελλάδα', 'Θεσσαλονίκη', 'Ελλάδα', 'Θεσσαλονίκη', '123242', '+3069044783', 'nikos199@s.com', 'www.solarioum.gr', '-', '2020-11-12 16:24:32', NULL),
(16, 'CUST-SUPPL-XI', 'Πελάτης', 5, 'AFM-43', 'DOY13', '-', 2, 'Αλεξάνδρου Παπαναστασίου,Θεσσαλονίκη Ελλάδα', 'Θεσσαλονίκη', 'Ελλάδα', 'Θεσσαλονίκη', '43242', '+3069044783', 'welcome@syn.com', 'WDQW', '-', '2020-11-12 17:08:57', '2020-11-16 17:41:27'),
(17, 'CUST-SUPPL-XII', 'Πελάτης', 7, 'AFM-24334', 'DOY14', '-', 25, 'Διστόμου 48,Πειραιάς Ελλάδα', 'Περιφερειακή Ενότητα Πειραιώς', 'Ελλάδα', 'Πειραιάς', '185 32', '+3069044783', 'internova@mail.com', 'qww.gr', '-', '2020-11-16 20:18:51', NULL),
(18, 'CUST-SUPPL-XIII', 'Προμηθευτής', 10, 'AF3-4334', 'DOY15', '-', 25, 'Διονυσίου Αρεοπαγίτου,Αθήνα Ελλάδα', 'Κεντρικός Τομέας Αθηνών', 'Ελλάδα', 'Αθήνα', '3242342', '+3069044783', 'internovasystems@gmail.com', 'wqqwfq', '-', '2020-11-18 02:37:21', NULL),
(19, 'CUST-SUPPL-VIX', 'Πελάτης', 10, 'AFM-434534', 'DOY16', '-', 25, 'Δελφών,Θεσσαλονίκη Ελλάδα', 'Θεσσαλονίκη', 'Ελλάδα', 'Θεσσαλονίκη', '324234', '+3069044783', 'angula@mail.com', 'wqdwq', '-', '2020-11-18 03:03:53', '2020-11-18 03:04:07'),
(20, 'CUST-SUPPL-VIX-3', 'Πελάτης', 10, 'AFM-4334', 'DOY17', '-', 25, 'Durham Place Ηνωμένο Βασίλειο', 'ww', 'Ηνωμένο Βασίλειο', 'ww', 'ww', '2342342342', 'javaplay@synergic.com', 'ww', '-', '2020-11-18 03:04:40', '2020-12-11 21:34:53'),
(21, 'CUST-SUPPL-VIX-6', 'Πελάτης', 9, 'AFM-4334', 'DOY18', '-', 25, 'Διστόμου 30,Θεσσαλονίκη Ελλάδα', 'Θεσσαλονίκη', 'Ελλάδα', 'Θεσσαλονίκη', '544 53', '3242342342', 'joomla@hotmail.com', 'eee', '-', '2020-11-18 03:09:06', NULL),
(22, 'CUST-SUPPL-VIX-9', 'Πελάτης', 10, 'POIK-634', 'DOY19', '-', 24, 'Frankfurter Allee,Berlin Γερμανία', 'w', 'Γερμανία', 'Berlin', 'w', '244232', 'jpa@java.com', 'w', '-', '2020-11-18 03:10:11', NULL),
(23, 'CUST-SUPPL-VIX-10', 'Πελάτης & Προμηθευτής', 9, 'POIK-6523', 'DOY20', '-', 23, '3ου Ορειβατικού,Πάτρα Ελλάδα', 'Αχαΐα', 'Ελλάδα', 'Πάτρα', '324234', '32323232', 'customer_service@mail.com', 'eee.gw', '-', '2020-11-18 03:14:45', '2020-11-21 19:44:49'),
(24, 'CUST-SUPPL-VIX-209', 'Πελάτης & Προμηθευτής', 5, 'AK-6523', 'DOY21', '-', 30, 'Διστόμου 67,Πειραιάς Ελλάδα', 'Περιφερειακή Ενότητα Πειραιώς', 'Ελλάδα', 'Πειραιάς', '185 33', '21212331', 'info_support@mail.com', 'tyn.com', '-', '2020-11-21 19:59:02', '2021-01-03 06:01:40'),
(39, 'brtbrtb', 'Πελάτης', 13, 'tbrtbr', 'tbrtbtr', 'tbrtb', 30, 'Aeropuerto Barajas t4,Madrid Ισπανία', 'gerge', 'Ισπανία', 'Madrid', '28042', 'rgerge', 'trbtrbrtbr@er', '', '<p>btrrr</p>', '2020-12-12 01:15:23', '2020-12-12 01:27:23'),
(40, 'vfvfv', 'Πελάτης', 12, 'fvfvf', 'fvf', 'vfvf', 27, 'Σαρανταπόρου,Περιστέρι Ελλάδα', 'Περιφερειακή Ενότητα Δυτικού Τομέα Αθηνών', 'Ελλάδα', 'Περιστέρι', '43543534', 'ΦΦΦ', 'm@r', '453453', '<p>ΓΓΓ</p>', '2020-12-12 01:28:06', NULL),
(41, 'fwfwfwfwfw', 'Πελάτης', 12, 'ewgfwefgwegw', 'wegewgwe', 'ewegewgw', 30, 'Τράλλεων,Αθήνα Ελλάδα', 'Κεντρικός Τομέας Αθηνών', 'Ελλάδα', 'Αθήνα', '213423525', '3423523', 'adsgfwgw@qwfqw.com', 'etwtwetwt', '<p>wetewtwetwe</p>', '2021-01-25 16:57:43', NULL),
(42, 'Maria Kelekidou', 'Πελάτης & Προμηθευτής', 5, '72874-OPOEIE-DDJB', 'Pirea', 'Marketing', 27, 'Αλεξάνδρου Παπαναστασίου 34,Θεσσαλονίκη Ελλάδα', 'Θεσσαλονίκη', 'Ελλάδα', 'Θεσσαλονίκη', '546 39', '2142454353', 'asdw@wdq.com', 'www.koiufde.com', '<p>-</p>', '2021-01-25 17:08:19', NULL),
(43, 'cecececec', 'Πελάτης', 12, 'efefee', 'fefefe', 'efefe', 30, 'Wall Street,New York Ηνωμένες Πολιτείες', 'qwdwqdqw', 'Ηνωμένες Πολιτείες', 'New York', '32rr23r23', 'qr23r23r', '32rrr@qwwq.com', 'qwdqwdwq.com', '<p>-</p>', '2021-01-25 17:32:58', NULL),
(44, 'NEW CUSTOMER', 'Πελάτης', 12, '3542352', '23523523', '32FFFW', 30, 'Διστόμου 65,Θεσσαλονίκη Ελλάδα', 'Θεσσαλονίκη', 'Ελλάδα', 'Θεσσαλονίκη', '544 53', '+30 210 24324 23 2', 'sdh@smd.com', '-', '<p>-</p>', '2021-01-26 02:31:05', NULL),
(45, 'Γιαννης Αγαθοκλης', 'Πελάτης & Προμηθευτής', 9, '76234-οες;ιθρ-πιοδν', 'ρ23ρφ', 'φουρναρις', 3, 'Παπαναστασίου 32,Αθήνα Ελλάδα', 'Κεντρικός Τομέας Αθηνών', 'Ελλάδα', 'Αθήνα', '104 45', '21087356', 'TTT@mail.com', '-', '<p>-</p>', '2021-01-26 16:11:22', NULL),
(46, 'Hajalinivich', 'Προμηθευτής', 9, '225-iure-poey', 'keramikou', '-', 2, 'Διστόμου 65,Πειραιάς Ελλάδα', 'Περιφερειακή Ενότητα Πειραιώς', 'Ελλάδα', 'Πειραιάς', '185 33', '2123076524', 'test@gmail.comw', '-', '<p>-</p>', '2021-01-27 21:00:01', '2021-03-11 11:28:39'),
(48, 'dqwdwqdq', 'Προμηθευτής', NULL, 'qwdqw', 'dwqdqw', 'wqdqwdqw', NULL, 'Διστόμου 32,Θεσσαλονίκη Ελλάδα', 'Θεσσαλονίκη', 'Ελλάδα', 'Θεσσαλονίκη', '544 53', '32423423', 'test@gmail.comw', '3', '<p>3</p>', '2021-03-11 11:32:54', NULL),
(49, 'εςγγςε', 'Πελάτης', 12, 'ςεγςεγ', 'εςγεςγ', 'εςγςε', 30, 'West O\'Hare Avenue,Chicago Ηνωμένες Πολιτείες', '-', 'Ηνωμένες Πολιτείες', 'Chicago', '60666', '2543', '345@234.com', '4353', '<p>kl</p>', '2021-03-11 11:36:39', NULL),
(50, 'fefwfewf', 'Προμηθευτής', 12, 'wefwefwefw', 'ewfwef', 'wefwefwe', NULL, 'Τριανταφύλλου 3,Αθήνα Ελλάδα', 'Κεντρικός Τομέας Αθηνών', 'Ελλάδα', 'Αθήνα', '112 55', '324234234', 'test@gmail.comw', 'εςφςε', '<p>εςφεςφςεφεςφςε</p>', '2021-03-11 11:39:23', NULL),
(51, 'wedwqdqwdqwdqw', 'Προμηθευτής', NULL, 'wqdqwd', 'qwdqw', 'qwdqwdq', NULL, 'Λεωφόρος Κωνσταντίνου Καραμανλή 3,Θεσσαλονίκη Ελλάδα', 'Θεσσαλονίκη', 'Ελλάδα', 'Θεσσαλονίκη', '546 38', '123423432423', 'test@gmail.comw', '32ηθηθ', '<p>-</p>', '2021-03-11 11:46:53', NULL),
(52, 'WQDWQDWQ', 'Προμηθευτής', NULL, 'WQDQW', 'QWDQWDQWD', 'WQDQW', NULL, 'WQDQWD', 'WQDWQD', 'QWDQW', 'QWD', 'DQW', 'DQWD', 'QWDW@QWDWQD', 'QDWQDQW', '<p>WQDWQDQDQ</p>', '2021-03-11 11:48:44', '2021-03-11 11:49:59'),
(53, 'EWFWEFW', 'Προμηθευτής', NULL, 'EWFWE', 'FWEFWEF', 'FWEFWE', NULL, 'WQR32R', '32R32', 'R23R', '23R', '32R', '23R2', '3R23R@32R32R', '23R23R23', '<p>32R23R23</p>', '2021-03-11 11:59:13', NULL),
(54, 'GCCCCCTCT', 'Προμηθευτής', NULL, 'YYTFYFFY', 'GGYYGYYG', 'UGGGU', NULL, 'Ερμού,Αθήνα Ελλάδα', 'Κεντρικός Τομέας Αθηνών', 'Ελλάδα', 'Αθήνα', 'σδσ', 'σσ', 'test@gmail.comw', 'σσ', '<p>r</p>', '2021-03-11 12:08:19', '2021-03-11 12:08:42'),
(55, 'fr3fg3r', 'Προμηθευτής', NULL, 'frfer', 'refref', 'referfre', NULL, 'rfer', 'erferfer', 'frefer', 'fref', 'erfer', 'ferf', 'test@gmail.comw', 'ferferfer', '<p>refreerfe</p>', '2021-03-11 12:13:00', NULL),
(56, 'Δ ΠΑΠΟΥΤΣΗΣ ΚΑΙ ΣΙΑ ΕΕ ||SYNERGIC SOFTWARE', 'Προμηθευτής', NULL, 'EL999179561', 'ςδ;ςδ;ς', 'δ;ςδ;', NULL, 'Ευαλκίδου 5,Αθήνα Ελλάδα', 'Κεντρικός Τομέας Αθηνών', 'Ελλάδα', 'Αθήνα', '104 45', ';ςδ;', 'test@gmail.comw', 'ς;δ;ςδ;ς', '<p>ς;δ;ςδ;ς</p>', '2021-03-11 12:14:44', '2021-03-24 16:44:07');

-- --------------------------------------------------------

--
-- Δομή πίνακα για τον πίνακα `departments`
--

CREATE TABLE `departments` (
  `id` bigint(200) NOT NULL,
  `department` varchar(255) DEFAULT NULL,
  `creation_date` datetime DEFAULT NULL,
  `update_date` datetime DEFAULT NULL,
  `status` int(11) DEFAULT NULL
) ENGINE=InnoDB DEFAULT CHARSET=utf8;

--
-- Άδειασμα δεδομένων του πίνακα `departments`
--

INSERT INTO `departments` (`id`, `department`, `creation_date`, `update_date`, `status`) VALUES
(4, 'Τμημα Λογιστηριου', '2020-10-20 11:36:48', NULL, 0),
(5, 'Τμημα Προμηθειων', '2020-10-20 11:37:02', NULL, 0),
(6, 'Τμημα Αγροτικης Αναπτυξης', '2020-10-20 11:37:14', NULL, 0),
(7, 'Τμημα εδαφικων καλλιεργειων', '2020-10-20 11:37:25', NULL, 0),
(8, 'Τμημα αλλοδαπωνs', '2020-10-20 11:37:33', '2020-11-12 18:58:16', 0),
(13, 'ΑΑΑΑΑΑΑ', '2020-11-19 15:04:32', NULL, 0),
(14, 'ΒΒΒΒΒΒΒ', '2020-11-19 15:04:36', NULL, 0),
(15, 'ΓΓΓΓΓΓΓΓΓ', '2020-11-19 15:04:39', NULL, 0),
(16, 'ΔΔΔΔΔΔΔΔ', '2020-11-19 15:04:42', NULL, 0),
(17, 'ΕΕΕΕΕΕΕΕΕΕ', '2020-11-19 15:04:44', NULL, 0),
(18, 'ΘΘΘΘΘΘΘ', '2020-11-19 15:04:47', NULL, 0),
(19, 'ΙΙΙΙΙΙΙΙΙΙΙΙ', '2020-11-19 15:04:50', NULL, 0),
(24, 'r22', '2020-12-11 23:38:18', '2020-12-11 23:45:52', 0),
(28, 'ujjujuju', '2020-12-11 23:46:01', '2020-12-12 01:36:03', 0),
(29, 'efe', '2020-12-11 23:46:53', '2020-12-12 01:01:07', 0);

-- --------------------------------------------------------

--
-- Δομή πίνακα για τον πίνακα `documents`
--

CREATE TABLE `documents` (
  `id` int(100) NOT NULL,
  `name` varchar(255) DEFAULT NULL,
  `extension` varchar(255) DEFAULT NULL,
  `upload_date` datetime DEFAULT NULL,
  `full_path` varchar(255) DEFAULT NULL,
  `user_id` bigint(200) DEFAULT NULL,
  `original_filename` varchar(255) DEFAULT NULL,
  `system` varchar(255) DEFAULT NULL,
  `sub_folder_id` bigint(200) DEFAULT NULL,
  `end_date` datetime DEFAULT NULL
) ENGINE=InnoDB DEFAULT CHARSET=utf8mb4;

--
-- Άδειασμα δεδομένων του πίνακα `documents`
--

INSERT INTO `documents` (`id`, `name`, `extension`, `upload_date`, `full_path`, `user_id`, `original_filename`, `system`, `sub_folder_id`, `end_date`) VALUES
(254, 'idpoualaxthkancorefids_163', 'txt', '2020-10-26 18:54:55', 'users/91/idpoualaxthkancorefids_163.txt', NULL, 'idpoualaxthkancorefids', 'users', 91, NULL),
(256, 'idpoualaxthkancorefids_141', 'txt', '2020-10-26 18:55:14', 'users/91/idpoualaxthkancorefids_141.txt', NULL, 'idpoualaxthkancorefids', 'users', 91, NULL),
(261, 'profile_896', 'png', '2020-10-26 18:58:29', 'warehouses/7/profile_896.png', NULL, 'profile', 'warehouses', 7, NULL),
(265, 'prosodyctluser_626', 'txt', '2020-10-26 19:04:45', 'warehouses/8/prosodyctluser_626.txt', NULL, 'prosodyctluser', 'warehouses', 8, NULL),
(266, 'prosodyctluser_581', 'txt', '2020-10-26 19:25:49', 'warehouses/13/prosodyctluser_581.txt', NULL, 'prosodyctluser', 'warehouses', 13, NULL),
(267, 'roadscriteriaview_2', 'txt', '2020-10-26 19:25:49', 'warehouses/13/roadscriteriaview_2.txt', NULL, 'roadscriteriaview', 'warehouses', 13, NULL),
(268, 'prosodyctluser_883', 'txt', '2020-10-26 19:38:03', 'warehouses/13/prosodyctluser_883.txt', NULL, 'prosodyctluser', 'warehouses', 13, NULL),
(270, 'prosodyctluser_212', 'txt', '2020-10-26 19:38:16', 'warehouses/12/prosodyctluser_212.txt', NULL, 'prosodyctluser', 'warehouses', 12, NULL),
(271, 'roadscriteriaview_513', 'txt', '2020-10-26 19:38:16', 'warehouses/12/roadscriteriaview_513.txt', NULL, 'roadscriteriaview', 'warehouses', 12, NULL),
(272, 'prosodyctluser_234', 'txt', '2020-10-26 19:41:33', 'users/91/prosodyctluser_234.txt', NULL, 'prosodyctluser', 'users', 91, NULL),
(274, 'prosodyctluser_225', 'txt', '2020-10-26 20:07:08', 'warehouses/13/prosodyctluser_225.txt', NULL, 'prosodyctluser', 'warehouses', 13, NULL),
(276, 'prosodyctluser_501', 'txt', '2020-10-26 20:07:16', 'warehouses/13/prosodyctluser_501.txt', NULL, 'prosodyctluser', 'warehouses', 13, NULL),
(277, 'roadscriteriaview_779', 'txt', '2020-10-26 20:07:16', 'warehouses/13/roadscriteriaview_779.txt', NULL, 'roadscriteriaview', 'warehouses', 13, NULL),
(278, 'prosodyctluser_536', 'txt', '2020-10-26 20:11:11', 'warehouses/13/prosodyctluser_536.txt', NULL, 'prosodyctluser', 'warehouses', 13, NULL),
(279, 'roadscriteriaview_544', 'txt', '2020-10-26 20:11:11', 'warehouses/13/roadscriteriaview_544.txt', NULL, 'roadscriteriaview', 'warehouses', 13, NULL),
(281, 'roadscriteriaview_847', 'txt', '2020-10-26 20:16:56', 'users/91/roadscriteriaview_847.txt', NULL, 'roadscriteriaview', 'users', 91, NULL),
(282, 'prosodyctluser_911', 'txt', '2020-10-27 13:06:53', 'factories/4/prosodyctluser_911.txt', NULL, 'prosodyctluser', 'factories', 4, NULL),
(284, 'prosodyctluser_212_289', 'txt', '2020-10-27 22:48:54', 'factories/4/prosodyctluser_212_289.txt', NULL, 'prosodyctluser_212', 'factories', 4, NULL),
(285, 'roadscriteriaview_491_88', 'txt', '2020-10-27 22:48:59', 'factories/4/roadscriteriaview_491_88.txt', NULL, 'roadscriteriaview_491', 'factories', 4, NULL),
(286, 'warehouses (8)_896', 'xls', '2020-10-27 22:49:02', 'factories/4/warehouses (8)_896.xls', NULL, 'warehouses (8)', 'factories', 4, NULL),
(287, 'warehouses (1)_845', 'xls', '2020-10-27 22:49:05', 'factories/4/warehouses (1)_845.xls', NULL, 'warehouses (1)', 'factories', 4, NULL),
(288, 'prosodyctluser_212_625', 'txt', '2020-10-27 22:49:13', 'factories/4/prosodyctluser_212_625.txt', NULL, 'prosodyctluser_212', 'factories', 4, NULL),
(289, 'roadscriteriaview_491_645', 'txt', '2020-10-29 20:10:02', 'factories/12/roadscriteriaview_491_645.txt', NULL, 'roadscriteriaview_491', 'factories', 12, NULL),
(290, 'roadscriteriaview_491_645_469', 'txt', '2020-10-30 10:51:12', 'factories/18/roadscriteriaview_491_645_469.txt', NULL, 'roadscriteriaview_491_645', 'factories', 18, NULL),
(291, 'warehouses (14)_420', 'xls', '2020-10-30 10:51:12', 'factories/18/warehouses (14)_420.xls', NULL, 'warehouses (14)', 'factories', 18, NULL),
(292, 'factories (3)_77', 'xls', '2020-10-30 10:51:12', 'factories/18/factories (3)_77.xls', NULL, 'factories (3)', 'factories', 18, NULL),
(293, 'factories (3)_63', 'xls', '2020-10-30 10:51:23', 'factories/18/factories (3)_63.xls', NULL, 'factories (3)', 'factories', 18, NULL),
(294, 'roadscriteriaview_491_645_81', 'txt', '2020-10-30 10:51:23', 'factories/18/roadscriteriaview_491_645_81.txt', NULL, 'roadscriteriaview_491_645', 'factories', 18, NULL),
(295, 'warehouses (13)_495', 'xls', '2020-10-30 10:51:23', 'factories/18/warehouses (13)_495.xls', NULL, 'warehouses (13)', 'factories', 18, NULL),
(296, 'factories_451', 'xls', '2020-10-30 10:51:23', 'factories/18/factories_451.xls', NULL, 'factories', 'factories', 18, NULL),
(297, 'warehouses (14)_232', 'xls', '2020-10-30 10:51:23', 'factories/18/warehouses (14)_232.xls', NULL, 'warehouses (14)', 'factories', 18, NULL),
(298, 'roadscriteriaview_491_645_228', 'txt', '2020-10-30 11:09:10', 'factories/18/roadscriteriaview_491_645_228.txt', NULL, 'roadscriteriaview_491_645', 'factories', 18, NULL),
(299, 'backlinks2_582', 'csv', '2020-10-30 16:32:15', 'factories/20/backlinks2_582.csv', NULL, 'backlinks2', 'factories', 20, NULL),
(300, 'backlinks1_598', 'csv', '2020-10-30 16:32:15', 'factories/20/backlinks1_598.csv', NULL, 'backlinks1', 'factories', 20, NULL),
(301, 'backlinks2_78', 'xlsx', '2020-10-30 16:32:15', 'factories/20/backlinks2_78.xlsx', NULL, 'backlinks2', 'factories', 20, NULL),
(302, 'roadscriteriaview_491_645_228_802', 'txt', '2020-11-03 02:32:58', 'factories/20/roadscriteriaview_491_645_228_802.txt', NULL, 'roadscriteriaview_491_645_228', 'factories', 20, NULL),
(303, 'roadscriteriaview_491_645_228_858', 'txt', '2020-11-03 02:36:24', 'factories/20/roadscriteriaview_491_645_228_858.txt', NULL, 'roadscriteriaview_491_645_228', 'factories', 20, NULL),
(304, 'roadscriteriaview_491_645_228_775', 'txt', '2020-11-03 02:36:45', 'factories/20/roadscriteriaview_491_645_228_775.txt', NULL, 'roadscriteriaview_491_645_228', 'factories', 20, NULL),
(305, 'roadscriteriaview_491_645_228_402', 'txt', '2020-11-03 02:37:47', 'factories/20/roadscriteriaview_491_645_228_402.txt', NULL, 'roadscriteriaview_491_645_228', 'factories', 20, NULL),
(306, 'roadscriteriaview_491_645_228_401', 'txt', '2020-11-03 02:38:01', 'factories/20/roadscriteriaview_491_645_228_401.txt', NULL, 'roadscriteriaview_491_645_228', 'factories', 20, NULL),
(307, 'roadscriteriaview_491_645_228_158', 'txt', '2020-11-03 02:59:44', 'warehouses/15/roadscriteriaview_491_645_228_158.txt', NULL, 'roadscriteriaview_491_645_228', 'warehouses', 15, NULL),
(309, 'backlinks1 (1)_999', 'xls', '2020-11-03 02:59:58', 'warehouses/15/backlinks1 (1)_999.xls', NULL, 'backlinks1 (1)', 'warehouses', 15, NULL),
(310, 'roadscriteriaview_491_645_619', 'txt', '2020-11-03 03:00:02', 'warehouses/15/roadscriteriaview_491_645_619.txt', NULL, 'roadscriteriaview_491_645', 'warehouses', 15, NULL),
(311, 'roadscriteriaview_491_645_963', 'txt', '2020-11-03 03:17:28', 'users/91/roadscriteriaview_491_645_963.txt', NULL, 'roadscriteriaview_491_645', 'users', 91, NULL),
(312, 'roadscriteriaview_491_645_700', 'txt', '2020-11-03 03:40:34', 'users/92/roadscriteriaview_491_645_700.txt', NULL, 'roadscriteriaview_491_645', 'users', 92, NULL),
(313, 'roadscriteriaview_491_645_318', 'txt', '2020-11-03 16:22:49', 'warehouses/16/roadscriteriaview_491_645_318.txt', NULL, 'roadscriteriaview_491_645', 'warehouses', 16, NULL),
(314, 'prosodyctluser_581_244', 'txt', '2020-11-03 16:22:58', 'warehouses/16/prosodyctluser_581_244.txt', NULL, 'prosodyctluser_581', 'warehouses', 16, NULL),
(315, 'roadscriteriaview_491_645_622', 'txt', '2020-11-04 12:12:12', 'customersSuppliers/11/roadscriteriaview_491_645_622.txt', NULL, 'roadscriteriaview_491_645', 'customersSuppliers', 11, NULL),
(316, 'factories (1)_716', 'xls', '2020-11-04 12:12:47', 'customersSuppliers/11/factories (1)_716.xls', NULL, 'factories (1)', 'customersSuppliers', 11, NULL),
(317, 'factories (2)_320', 'xls', '2020-11-04 12:12:47', 'customersSuppliers/11/factories (2)_320.xls', NULL, 'factories (2)', 'customersSuppliers', 11, NULL),
(318, 'factories (3)_642', 'xls', '2020-11-04 12:12:47', 'customersSuppliers/11/factories (3)_642.xls', NULL, 'factories (3)', 'customersSuppliers', 11, NULL),
(319, 'roadscriteriaview_491_645_228_503', 'txt', '2020-11-04 12:12:47', 'customersSuppliers/11/roadscriteriaview_491_645_228_503.txt', NULL, 'roadscriteriaview_491_645_228', 'customersSuppliers', 11, NULL),
(320, 'roadscriteriaview_491_645_354', 'txt', '2020-11-04 12:12:47', 'customersSuppliers/11/roadscriteriaview_491_645_354.txt', NULL, 'roadscriteriaview_491_645', 'customersSuppliers', 11, NULL),
(321, 'factories (3)_949', 'xls', '2020-11-04 12:13:23', 'customersSuppliers/11/factories (3)_949.xls', NULL, 'factories (3)', 'customersSuppliers', 11, NULL),
(322, 'factories (2)_973', 'xls', '2020-11-04 12:13:23', 'customersSuppliers/11/factories (2)_973.xls', NULL, 'factories (2)', 'customersSuppliers', 11, NULL),
(324, 'roadscriteriaview_491_645_669', 'txt', '2020-11-04 12:13:23', 'customersSuppliers/11/roadscriteriaview_491_645_669.txt', NULL, 'roadscriteriaview_491_645', 'customersSuppliers', 11, NULL),
(326, 'factories (3)_142', 'xls', '2020-11-04 12:16:49', 'warehouses/16/factories (3)_142.xls', NULL, 'factories (3)', 'warehouses', 16, NULL),
(327, 'factories (2)_634', 'xls', '2020-11-04 12:16:49', 'warehouses/16/factories (2)_634.xls', NULL, 'factories (2)', 'warehouses', 16, NULL),
(328, 'roadscriteriaview_491_645_228_482', 'txt', '2020-11-04 12:16:49', 'warehouses/16/roadscriteriaview_491_645_228_482.txt', NULL, 'roadscriteriaview_491_645_228', 'warehouses', 16, NULL),
(329, 'factories (1)_985', 'xls', '2020-11-04 12:16:49', 'warehouses/16/factories (1)_985.xls', NULL, 'factories (1)', 'warehouses', 16, NULL),
(330, 'factories (2)_339', 'xls', '2020-11-04 12:26:37', 'customersSuppliers/2/factories (2)_339.xls', NULL, 'factories (2)', 'customersSuppliers', 2, NULL),
(331, 'factories (2)_69', 'xls', '2020-11-04 12:28:42', 'customersSuppliers/11/factories (2)_69.xls', NULL, 'factories (2)', 'customersSuppliers', 11, NULL),
(332, 'factories (3)_522', 'xls', '2020-11-04 13:43:09', 'customersSuppliers/3/factories (3)_522.xls', NULL, 'factories (3)', 'customersSuppliers', 3, NULL),
(333, 'roadscriteriaview_491_645_228_79', 'txt', '2020-11-04 13:43:09', 'customersSuppliers/3/roadscriteriaview_491_645_228_79.txt', NULL, 'roadscriteriaview_491_645_228', 'customersSuppliers', 3, NULL),
(334, 'warehouses (15)_135', 'xls', '2020-11-04 13:43:09', 'customersSuppliers/3/warehouses (15)_135.xls', NULL, 'warehouses (15)', 'customersSuppliers', 3, NULL),
(335, 'factories (4)_519', 'xls', '2020-11-04 13:43:09', 'customersSuppliers/3/factories (4)_519.xls', NULL, 'factories (4)', 'customersSuppliers', 3, NULL),
(336, 'backlinks1 (1)_334', 'xls', '2020-11-04 13:43:10', 'customersSuppliers/3/backlinks1 (1)_334.xls', NULL, 'backlinks1 (1)', 'customersSuppliers', 3, NULL),
(337, 'factories (5)_732', 'xls', '2020-11-04 13:43:10', 'customersSuppliers/3/factories (5)_732.xls', NULL, 'factories (5)', 'customersSuppliers', 3, NULL),
(338, 'factories_643', 'xls', '2020-11-04 13:43:10', 'customersSuppliers/3/factories_643.xls', NULL, 'factories', 'customersSuppliers', 3, NULL),
(339, 'factories (2)_159', 'xls', '2020-11-04 13:43:10', 'customersSuppliers/3/factories (2)_159.xls', NULL, 'factories (2)', 'customersSuppliers', 3, NULL),
(340, 'factories (3)_732', 'xls', '2020-11-04 13:44:58', 'customersSuppliers/3/factories (3)_732.xls', NULL, 'factories (3)', 'customersSuppliers', 3, NULL),
(341, 'factories (5)_428', 'xls', '2020-11-04 13:45:11', 'customersSuppliers/3/factories (5)_428.xls', NULL, 'factories (5)', 'customersSuppliers', 3, NULL),
(342, 'factories (5)_881', 'xls', '2020-11-04 13:45:16', 'customersSuppliers/3/factories (5)_881.xls', NULL, 'factories (5)', 'customersSuppliers', 3, NULL),
(343, 'backlinks1 (1)_622', 'xls', '2020-11-04 13:45:23', 'customersSuppliers/3/backlinks1 (1)_622.xls', NULL, 'backlinks1 (1)', 'customersSuppliers', 3, NULL),
(344, 'backlinks1 (1)_205', 'xls', '2020-11-04 13:45:27', 'customersSuppliers/3/backlinks1 (1)_205.xls', NULL, 'backlinks1 (1)', 'customersSuppliers', 3, NULL),
(345, 'factories (4)_671', 'xls', '2020-11-04 13:45:27', 'customersSuppliers/3/factories (4)_671.xls', NULL, 'factories (4)', 'customersSuppliers', 3, NULL),
(346, 'factories (1)_6', 'xls', '2020-11-04 13:45:32', 'customersSuppliers/3/factories (1)_6.xls', NULL, 'factories (1)', 'customersSuppliers', 3, NULL),
(347, 'factories (2)_244', 'xls', '2020-11-04 13:45:32', 'customersSuppliers/3/factories (2)_244.xls', NULL, 'factories (2)', 'customersSuppliers', 3, NULL),
(348, 'factories (3)_993', 'xls', '2020-11-04 13:45:32', 'customersSuppliers/3/factories (3)_993.xls', NULL, 'factories (3)', 'customersSuppliers', 3, NULL),
(349, 'factories (4)_355', 'xls', '2020-11-04 13:45:32', 'customersSuppliers/3/factories (4)_355.xls', NULL, 'factories (4)', 'customersSuppliers', 3, NULL),
(350, 'backlinks1 (1)_13', 'xls', '2020-11-04 13:45:32', 'customersSuppliers/3/backlinks1 (1)_13.xls', NULL, 'backlinks1 (1)', 'customersSuppliers', 3, NULL),
(351, 'factories (3)_576', 'xls', '2020-11-04 14:29:55', 'customersSuppliers/9/factories (3)_576.xls', NULL, 'factories (3)', 'customersSuppliers', 9, NULL),
(352, 'factories (2)_679', 'xls', '2020-11-04 14:29:55', 'customersSuppliers/9/factories (2)_679.xls', NULL, 'factories (2)', 'customersSuppliers', 9, NULL),
(353, 'factories (4)_322', 'xls', '2020-11-04 14:29:55', 'customersSuppliers/9/factories (4)_322.xls', NULL, 'factories (4)', 'customersSuppliers', 9, NULL),
(354, 'backlinks1 (1)_462', 'xls', '2020-11-04 14:29:55', 'customersSuppliers/9/backlinks1 (1)_462.xls', NULL, 'backlinks1 (1)', 'customersSuppliers', 9, NULL),
(355, 'factories (1)_251', 'xls', '2020-11-04 14:29:55', 'customersSuppliers/9/factories (1)_251.xls', NULL, 'factories (1)', 'customersSuppliers', 9, NULL),
(356, 'factories (2)_561', 'xls', '2020-11-04 14:58:03', 'customersSuppliers/10/factories (2)_561.xls', NULL, 'factories (2)', 'customersSuppliers', 10, NULL),
(357, 'factories (2)_98', 'xls', '2020-11-04 14:59:02', 'customersSuppliers/10/factories (2)_98.xls', NULL, 'factories (2)', 'customersSuppliers', 10, NULL),
(358, 'factories (3)_17', 'xls', '2020-11-04 14:59:04', 'customersSuppliers/10/factories (3)_17.xls', NULL, 'factories (3)', 'customersSuppliers', 10, NULL),
(359, 'factories (3)_449', 'xls', '2020-11-04 14:59:05', 'customersSuppliers/10/factories (3)_449.xls', NULL, 'factories (3)', 'customersSuppliers', 10, NULL),
(360, 'factories (3)_579', 'xls', '2020-11-04 15:00:36', 'customersSuppliers/10/factories (3)_579.xls', NULL, 'factories (3)', 'customersSuppliers', 10, NULL),
(361, 'Ολοκληρωμένο Σενάριο με πολλαπλά ακχ_823', 'txt', '2020-11-05 11:42:23', 'warehouses/16/Ολοκληρωμένο Σενάριο με πολλαπλά ακχ_823.txt', NULL, 'Ολοκληρωμένο Σενάριο με πολλαπλά ακχ', 'warehouses', 16, NULL),
(363, 'roadscriteriaview_889', 'txt', '2020-11-05 17:35:20', 'customersSuppliers/13/roadscriteriaview_889.txt', NULL, 'roadscriteriaview', 'customersSuppliers', 13, NULL),
(365, 'prosodyctluser_7', 'txt', '2020-11-05 17:35:20', 'customersSuppliers/13/prosodyctluser_7.txt', NULL, 'prosodyctluser', 'customersSuppliers', 13, NULL),
(366, 'profile_571', 'png', '2020-11-05 17:35:47', 'customersSuppliers/13/profile_571.png', NULL, 'profile', 'customersSuppliers', 13, NULL),
(367, 'prof_701', 'png', '2020-11-05 17:35:53', 'customersSuppliers/13/prof_701.png', NULL, 'prof', 'customersSuppliers', 13, NULL),
(368, 'New-Text-Document_453', 'txt', '2020-11-05 18:24:52', 'factories/21/New-Text-Document_453.txt', NULL, 'New-Text-Document', 'factories', 21, NULL),
(369, 'afggis_db_611', 'sql', '2020-11-05 18:24:52', 'factories/21/afggis_db_611.sql', NULL, 'afggis_db', 'factories', 21, NULL),
(370, 'profile_824', 'png', '2020-11-12 17:09:07', 'customersSuppliers/16/profile_824.png', NULL, 'profile', 'customersSuppliers', 16, NULL),
(371, '83107848_489676441947991_2544066879274614784_o_939', 'jpg', '2020-11-14 00:15:53', 'users/92/83107848_489676441947991_2544066879274614784_o_939.jpg', NULL, '83107848_489676441947991_2544066879274614784_o', 'users', 92, NULL),
(372, '83107848_489676441947991_2544066879274614784_o_619', 'jpg', '2020-11-14 00:17:12', 'users/92/83107848_489676441947991_2544066879274614784_o_619.jpg', NULL, '83107848_489676441947991_2544066879274614784_o', 'users', 92, NULL),
(373, '83107848_489676441947991_2544066879274614784_o (1)_304', 'jpg', '2020-11-14 00:17:18', 'users/92/83107848_489676441947991_2544066879274614784_o (1)_304.jpg', NULL, '83107848_489676441947991_2544066879274614784_o (1)', 'users', 92, NULL),
(374, 'teleio_40', 'png', '2020-11-14 00:17:40', 'users/92/teleio_40.png', NULL, 'teleio', 'users', 92, NULL),
(375, '125429729_1023247761484175_7244399035047195743_n_333', 'jpg', '2020-11-16 20:19:12', 'customersSuppliers/17/125429729_1023247761484175_7244399035047195743_n_333.jpg', NULL, '125429729_1023247761484175_7244399035047195743_n', 'customersSuppliers', 17, NULL),
(376, '83107848_489676441947991_2544066879274614784_o (1)_607', 'jpg', '2020-11-16 20:19:12', 'customersSuppliers/17/83107848_489676441947991_2544066879274614784_o (1)_607.jpg', NULL, '83107848_489676441947991_2544066879274614784_o (1)', 'customersSuppliers', 17, NULL),
(377, '124147281_373921773942071_4762592770029127300_n (1)_857', 'jpg', '2020-11-16 20:19:12', 'customersSuppliers/17/124147281_373921773942071_4762592770029127300_n (1)_857.jpg', NULL, '124147281_373921773942071_4762592770029127300_n (1)', 'customersSuppliers', 17, NULL),
(378, '124147281_373921773942071_4762592770029127300_n_69', 'jpg', '2020-11-16 20:19:12', 'customersSuppliers/17/124147281_373921773942071_4762592770029127300_n_69.jpg', NULL, '124147281_373921773942071_4762592770029127300_n', 'customersSuppliers', 17, NULL),
(379, '83107848_489676441947991_2544066879274614784_o_297', 'jpg', '2020-11-16 20:19:12', 'customersSuppliers/17/83107848_489676441947991_2544066879274614784_o_297.jpg', NULL, '83107848_489676441947991_2544066879274614784_o', 'customersSuppliers', 17, NULL),
(380, '125498328_383586976215341_5462406594365357895_n_307', 'jpg', '2020-11-16 20:19:12', 'customersSuppliers/17/125498328_383586976215341_5462406594365357895_n_307.jpg', NULL, '125498328_383586976215341_5462406594365357895_n', 'customersSuppliers', 17, NULL),
(381, '124147281_373921773942071_4762592770029127300_n_199', 'jpg', '2020-11-18 03:15:05', 'customersSuppliers/23/124147281_373921773942071_4762592770029127300_n_199.jpg', NULL, '124147281_373921773942071_4762592770029127300_n', 'customersSuppliers', 23, NULL),
(382, '124147281_373921773942071_4762592770029127300_n_823', 'jpg', '2020-11-18 03:21:00', 'customersSuppliers/15/124147281_373921773942071_4762592770029127300_n_823.jpg', NULL, '124147281_373921773942071_4762592770029127300_n', 'customersSuppliers', 15, NULL),
(383, '83107848_489676441947991_2544066879274614784_o (1)_333', 'jpg', '2020-11-18 03:25:25', 'offers/15/83107848_489676441947991_2544066879274614784_o (1)_333.jpg', NULL, '83107848_489676441947991_2544066879274614784_o (1)', 'offers', 15, NULL),
(384, 'TAKEN_172', 'png', '2020-11-20 01:40:14', 'warehouses/12/TAKEN_172.png', NULL, 'TAKEN', 'warehouses', 12, NULL),
(385, '1920x1080-jetbrains2020_482_878', 'png', '2020-11-20 01:55:46', 'warehouses/12/1920x1080-jetbrains2020_482_878.png', NULL, '1920x1080-jetbrains2020_482', 'warehouses', 12, NULL),
(386, 'profile_824_84', 'png', '2020-11-20 01:56:11', 'warehouses/12/profile_824_84.png', NULL, 'profile_824', 'warehouses', 12, NULL),
(387, 'profile_824_278', 'png', '2020-11-20 01:57:22', 'warehouses/12/profile_824_278.png', NULL, 'profile_824', 'warehouses', 12, NULL),
(388, 'teleio_40_862', 'png', '2020-11-20 02:00:40', 'warehouses/12/teleio_40_862.png', NULL, 'teleio_40', 'warehouses', 12, NULL),
(389, 'teleio_40_956', 'png', '2020-11-20 04:25:08', 'users/99/teleio_40_956.png', NULL, 'teleio_40', 'users', 99, NULL),
(390, 'api_tasks_885', 'txt', '2020-11-20 04:25:13', 'users/99/api_tasks_885.txt', NULL, 'api_tasks', 'users', 99, NULL),
(391, 'offers (2)_187', 'xls', '2020-11-20 04:25:18', 'users/99/offers (2)_187.xls', NULL, 'offers (2)', 'users', 99, NULL),
(392, 'internova_sellers (1)_479', 'xls', '2020-11-20 04:25:20', 'users/99/internova_sellers (1)_479.xls', NULL, 'internova_sellers (1)', 'users', 99, NULL),
(393, 'users (17)_620', 'xls', '2020-11-20 04:25:22', 'users/99/users (17)_620.xls', NULL, 'users (17)', 'users', 99, NULL),
(394, 'users (17)_256', 'xls', '2020-11-20 04:26:20', 'factories/19/users (17)_256.xls', NULL, 'users (17)', 'factories', 19, NULL),
(395, '2 ΠΕΛΑΤΕΣ - ΠΡΟΜΗΘΕΥΤΕΣ_586', 'pdf', '2020-11-20 13:30:30', 'warehouses/15/2 ΠΕΛΑΤΕΣ - ΠΡΟΜΗΘΕΥΤΕΣ_586.pdf', NULL, '2 ΠΕΛΑΤΕΣ - ΠΡΟΜΗΘΕΥΤΕΣ', 'warehouses', 15, NULL),
(396, '124147281_373921773942071_4762592770029127300_n_199_830', 'jpg', '2020-11-20 18:40:55', 'warehouses/11/124147281_373921773942071_4762592770029127300_n_199_830.jpg', NULL, '124147281_373921773942071_4762592770029127300_n_199', 'warehouses', 11, NULL),
(397, '124147281_373921773942071_4762592770029127300_n_199_229', 'jpg', '2020-11-23 17:09:57', 'offers/16/124147281_373921773942071_4762592770029127300_n_199_229.jpg', NULL, '124147281_373921773942071_4762592770029127300_n_199', 'offers', 16, NULL),
(398, '83107848_489676441947991_2544066879274614784_o (1)_545', 'jpg', '2020-12-02 20:30:36', 'offers/21/83107848_489676441947991_2544066879274614784_o (1)_545.jpg', NULL, '83107848_489676441947991_2544066879274614784_o (1)', 'offers', 21, NULL),
(399, 'PROSFOREStext_249', 'txt', '2020-12-06 05:56:29', 'offers/61/PROSFOREStext_249.txt', NULL, 'PROSFOREStext', 'offers', 61, NULL),
(400, 'blank_496', 'pdf', '2020-12-09 01:19:53', 'warehouses/25/blank_496.pdf', NULL, 'blank', 'warehouses', 25, NULL),
(401, 'blank_342', 'pdf', '2020-12-09 01:20:16', 'warehouses/25/blank_342.pdf', NULL, 'blank', 'warehouses', 25, NULL),
(402, 'blank_531', 'pdf', '2020-12-09 01:20:18', 'warehouses/25/blank_531.pdf', NULL, 'blank', 'warehouses', 25, NULL),
(403, 'blank_883', 'pdf', '2020-12-09 01:20:20', 'warehouses/25/blank_883.pdf', NULL, 'blank', 'warehouses', 25, NULL),
(404, 'blank_779', 'pdf', '2020-12-09 01:20:21', 'warehouses/25/blank_779.pdf', NULL, 'blank', 'warehouses', 25, NULL),
(405, 'blank_131', 'pdf', '2020-12-09 01:20:23', 'warehouses/25/blank_131.pdf', NULL, 'blank', 'warehouses', 25, NULL),
(406, 'latestOffer', 'pdf', '2020-12-09 03:46:56', 'offersPdf/64/latestOffer.pdf', NULL, 'latestOffer', 'offersPdf', 64, NULL),
(407, 'latestOffer', 'pdf', '2020-12-09 03:58:12', 'offersPdf/64/latestOffer.pdf', NULL, 'latestOffer', 'offersPdf', 64, NULL),
(408, 'latestOffer', 'pdf', '2020-12-09 03:58:37', 'offersPdf/64/latestOffer.pdf', NULL, 'latestOffer', 'offersPdf', 64, NULL),
(409, 'latestOffer_907', 'pdf', '2020-12-09 03:59:28', 'offers/64/latestOffer_907.pdf', NULL, 'latestOffer', 'offers', 64, NULL),
(410, 'latestOffer', 'pdf', '2020-12-09 18:17:48', 'offersPdf/63/latestOffer.pdf', NULL, 'latestOffer', 'offersPdf', 63, NULL),
(411, 'latestOffer', 'pdf', '2020-12-10 03:42:17', 'offersPdf/64/latestOffer.pdf', NULL, 'latestOffer', 'offersPdf', 64, NULL),
(412, 'latestOffer', 'pdf', '2020-12-10 03:42:34', 'offersPdf/64/latestOffer.pdf', NULL, 'latestOffer', 'offersPdf', 64, NULL),
(413, 'latestOffer', 'pdf', '2020-12-10 13:31:02', 'offersPdf/64/latestOffer.pdf', NULL, 'latestOffer', 'offersPdf', 64, NULL),
(414, 'latestOffer', 'pdf', '2020-12-10 13:31:54', 'offersPdf/64/latestOffer.pdf', NULL, 'latestOffer', 'offersPdf', 64, NULL),
(415, 'latestOffer', 'pdf', '2020-12-11 16:59:05', 'offersPdf/63/latestOffer.pdf', NULL, 'latestOffer', 'offersPdf', 63, NULL),
(416, 'latestOffer', 'pdf', '2020-12-11 18:29:22', 'offersPdf/64/latestOffer.pdf', NULL, 'latestOffer', 'offersPdf', 64, NULL),
(417, 'latestOffer', 'pdf', '2020-12-11 18:29:25', 'offersPdf/64/latestOffer.pdf', NULL, 'latestOffer', 'offersPdf', 64, NULL),
(418, 'latestOffer', 'pdf', '2020-12-11 18:29:26', 'offersPdf/64/latestOffer.pdf', NULL, 'latestOffer', 'offersPdf', 64, NULL),
(419, 'latestOffer', 'pdf', '2020-12-11 18:29:47', 'offersPdf/64/latestOffer.pdf', NULL, 'latestOffer', 'offersPdf', 64, NULL),
(420, 'latestOffer', 'pdf', '2020-12-11 18:33:56', 'offersPdf/64/latestOffer.pdf', NULL, 'latestOffer', 'offersPdf', 64, NULL),
(421, 'latestOffer', 'pdf', '2020-12-11 18:33:59', 'offersPdf/64/latestOffer.pdf', NULL, 'latestOffer', 'offersPdf', 64, NULL),
(422, 'latestOffer', 'pdf', '2020-12-11 22:55:07', 'offersPdf/65/latestOffer.pdf', NULL, 'latestOffer', 'offersPdf', 65, NULL),
(423, 'latestOffer', 'pdf', '2020-12-12 00:11:11', 'offersPdf/64/latestOffer.pdf', NULL, 'latestOffer', 'offersPdf', 64, NULL),
(424, 'latestOffer', 'pdf', '2020-12-12 00:15:58', 'offersPdf/64/latestOffer.pdf', NULL, 'latestOffer', 'offersPdf', 64, NULL),
(425, 'latestOffer', 'pdf', '2020-12-12 00:18:38', 'offersPdf/64/latestOffer.pdf', NULL, 'latestOffer', 'offersPdf', 64, NULL),
(426, 'latestOffer', 'pdf', '2020-12-12 00:56:01', 'offersPdf/64/latestOffer.pdf', NULL, 'latestOffer', 'offersPdf', 64, NULL),
(427, 'latestOffer', 'pdf', '2020-12-12 00:59:06', 'offersPdf/64/latestOffer.pdf', NULL, 'latestOffer', 'offersPdf', 64, NULL),
(428, 'latestOffer', 'pdf', '2020-12-14 00:18:02', 'offersPdf/64/latestOffer.pdf', NULL, 'latestOffer', 'offersPdf', 64, NULL),
(429, 'latestOffer', 'pdf', '2020-12-14 00:19:09', 'offersPdf/64/latestOffer.pdf', NULL, 'latestOffer', 'offersPdf', 64, NULL),
(430, 'latestOffer', 'pdf', '2020-12-14 00:23:20', 'offersPdf/67/latestOffer.pdf', NULL, 'latestOffer', 'offersPdf', 67, NULL),
(431, 'latestOffer', 'pdf', '2020-12-28 02:49:59', 'offersPdf/68/latestOffer.pdf', NULL, 'latestOffer', 'offersPdf', 68, NULL),
(432, 'latestOffer', 'pdf', '2020-12-29 11:32:58', 'offersPdf/68/latestOffer.pdf', NULL, 'latestOffer', 'offersPdf', 68, NULL),
(433, 'latestOffer', 'pdf', '2020-12-29 11:33:18', 'offersPdf/68/latestOffer.pdf', NULL, 'latestOffer', 'offersPdf', 68, NULL),
(434, 'latestOffer', 'pdf', '2020-12-30 04:13:11', 'offersPdf/71/latestOffer.pdf', NULL, 'latestOffer', 'offersPdf', 71, NULL),
(435, 'latestOffer', 'pdf', '2020-12-30 04:15:35', 'offersPdf/71/latestOffer.pdf', NULL, 'latestOffer', 'offersPdf', 71, NULL),
(436, 'latestOffer', 'pdf', '2020-12-30 04:19:47', 'offersPdf/71/latestOffer.pdf', NULL, 'latestOffer', 'offersPdf', 71, NULL),
(437, 'mapsapi_123', 'js', '2021-02-04 01:49:50', 'customersSuppliers/46/mapsapi_123.js', NULL, 'mapsapi', 'customersSuppliers', 46, NULL),
(439, 'internova_db (26)_397', 'sql', '2021-02-13 03:13:41', 'offers/20/internova_db (26)_397.sql', NULL, 'internova_db (26)', 'offers', 20, NULL),
(440, '1610_745', 'txt', '2021-03-09 17:50:21', 'trucks/14/1610_745.txt', NULL, '1610', 'trucks', 14, NULL),
(441, 'internovaphonto_336', 'png', '2021-03-09 17:50:28', 'trucks/14/internovaphonto_336.png', NULL, 'internovaphonto', 'trucks', 14, NULL),
(442, 'ticketneaekdoshsep_242', 'txt', '2021-03-09 17:50:32', 'trucks/14/ticketneaekdoshsep_242.txt', NULL, 'ticketneaekdoshsep', 'trucks', 14, NULL),
(443, '3130164 01_signed_929', 'pdf', '2021-03-09 17:50:43', 'trucks/14/3130164 01_signed_929.pdf', NULL, '3130164 01_signed', 'trucks', 14, NULL),
(444, '1610_501', 'txt', '2021-03-09 17:51:11', 'trucks/14/1610_501.txt', NULL, '1610', 'trucks', 14, NULL),
(445, '1610_807', 'txt', '2021-03-09 17:52:06', 'trucks/13/1610_807.txt', NULL, '1610', 'trucks', 13, NULL),
(446, '1610_168', 'txt', '2021-03-09 18:20:34', 'trucks/11/1610_168.txt', NULL, '1610', 'trucks', 11, NULL),
(447, '3130164 01_signed_484', 'pdf', '2021-03-09 18:20:34', 'trucks/11/3130164 01_signed_484.pdf', NULL, '3130164 01_signed', 'trucks', 11, NULL),
(448, 'totals_entagmena_erga_858', 'sql', '2021-03-09 18:20:47', 'trucks/11/totals_entagmena_erga_858.sql', NULL, 'totals_entagmena_erga', 'trucks', 11, NULL),
(449, 'ΜΑΡΙΑΚΡΚ_362', 'png', '2021-03-09 18:20:47', 'trucks/11/ΜΑΡΙΑΚΡΚ_362.png', NULL, 'ΜΑΡΙΑΚΡΚ', 'trucks', 11, NULL),
(450, '1610_145', 'txt', '2021-03-09 18:20:47', 'trucks/11/1610_145.txt', NULL, '1610', 'trucks', 11, NULL),
(451, '3130164 01_signed_284', 'pdf', '2021-03-09 18:20:47', 'trucks/11/3130164 01_signed_284.pdf', NULL, '3130164 01_signed', 'trucks', 11, NULL),
(452, '150057196_121149513249938_6634668095027875549_n_396', 'jpg', '2021-03-09 18:20:47', 'trucks/11/150057196_121149513249938_6634668095027875549_n_396.jpg', NULL, '150057196_121149513249938_6634668095027875549_n', 'trucks', 11, NULL),
(453, '157353560_4395299000536072_6392653495477868272_o_37', 'jpg', '2021-03-09 18:20:47', 'trucks/11/157353560_4395299000536072_6392653495477868272_o_37.jpg', NULL, '157353560_4395299000536072_6392653495477868272_o', 'trucks', 11, NULL),
(454, 'ticketneaekdoshsep_539', 'txt', '2021-03-09 18:20:47', 'trucks/11/ticketneaekdoshsep_539.txt', NULL, 'ticketneaekdoshsep', 'trucks', 11, NULL),
(455, '1610_682', 'txt', '2021-03-09 18:55:10', 'trucks/16/1610_682.txt', NULL, '1610', 'trucks', 16, '2021-04-19 00:00:00'),
(456, '1610_102', 'txt', '2021-03-10 02:53:17', 'users/109/1610_102.txt', NULL, '1610', 'users', 109, '2021-03-14 00:00:00'),
(457, 'ticketneaekdoshsep_623', 'txt', '2021-03-10 18:54:17', 'trucks/16/ticketneaekdoshsep_623.txt', NULL, 'ticketneaekdoshsep', 'trucks', 16, '2021-03-25 00:00:00'),
(458, 'ticketneaekdoshsep_424', 'txt', '2021-03-10 18:54:21', 'trucks/16/ticketneaekdoshsep_424.txt', NULL, 'ticketneaekdoshsep', 'trucks', 16, '2021-04-29 00:00:00'),
(466, 'fund_list_footer_246', 'jrxml', '2021-03-13 00:46:07', 'trucks/16/fund_list_footer_246.jrxml', NULL, 'fund_list_footer', 'trucks', 16, NULL),
(467, 'gs_sums_615', 'jrxml', '2021-03-13 00:46:12', 'trucks/16/gs_sums_615.jrxml', NULL, 'gs_sums', 'trucks', 16, '2021-03-11 00:00:00'),
(468, 'Entagmena_Erga4579_101', 'xls', '2021-03-17 15:39:33', 'users/109/Entagmena_Erga4579_101.xls', NULL, 'Entagmena_Erga4579', 'users', 109, '2021-03-04 00:00:00'),
(469, 'Entagmena_Erga4577 (1)_12', 'xls', '2021-03-17 15:39:33', 'users/109/Entagmena_Erga4577 (1)_12.xls', NULL, 'Entagmena_Erga4577 (1)', 'users', 109, '2021-03-03 00:00:00'),
(470, 'Entagmena_Erga4573 (2)_145', 'xls', '2021-03-17 15:39:33', 'users/109/Entagmena_Erga4573 (2)_145.xls', NULL, 'Entagmena_Erga4573 (2)', 'users', 109, '2021-03-18 00:00:00'),
(471, 'Entagmena_Erga4581 (1)_951', 'xls', '2021-03-17 15:39:33', 'users/109/Entagmena_Erga4581 (1)_951.xls', NULL, 'Entagmena_Erga4581 (1)', 'users', 109, '2021-03-01 00:00:00'),
(472, 'Entagmena_Erga4580_858', 'xls', '2021-03-17 15:39:34', 'users/109/Entagmena_Erga4580_858.xls', NULL, 'Entagmena_Erga4580', 'users', 109, '2021-03-04 00:00:00'),
(473, 'epic comments_848', 'txt', '2021-04-10 02:38:22', 'trucks/24/epic comments_848.txt', NULL, 'epic comments', 'trucks', 24, '2021-04-11 00:00:00'),
(474, 'epic comments_819', 'txt', '2021-04-10 02:38:38', 'trucks/24/epic comments_819.txt', NULL, 'epic comments', 'trucks', 24, '2021-04-09 00:00:00');

-- --------------------------------------------------------

--
-- Δομή πίνακα για τον πίνακα `factories`
--

CREATE TABLE `factories` (
  `id` bigint(20) NOT NULL,
  `brand_name` varchar(255) DEFAULT NULL,
  `address` varchar(255) DEFAULT NULL,
  `telephone` varchar(255) DEFAULT NULL,
  `email` varchar(255) DEFAULT NULL,
  `postal_code` varchar(255) DEFAULT NULL,
  `city` varchar(255) DEFAULT NULL,
  `region` varchar(255) DEFAULT NULL,
  `creation_date` datetime DEFAULT NULL,
  `update_date` datetime DEFAULT NULL,
  `manager` varchar(255) DEFAULT NULL,
  `comments` longtext DEFAULT NULL,
  `unloading_loading_code` varchar(255) DEFAULT NULL,
  `site` varchar(255) DEFAULT NULL,
  `coordinates` varchar(255) DEFAULT NULL,
  `schedule` varchar(255) DEFAULT NULL,
  `appointment_days` int(11) DEFAULT NULL,
  `country` varchar(255) DEFAULT NULL,
  `longtitude` double DEFAULT NULL,
  `lattitude` double DEFAULT NULL,
  `appointment_required` tinyint(4) DEFAULT NULL,
  `factory_type` varchar(255) DEFAULT NULL
) ENGINE=InnoDB DEFAULT CHARSET=utf8;

--
-- Άδειασμα δεδομένων του πίνακα `factories`
--

INSERT INTO `factories` (`id`, `brand_name`, `address`, `telephone`, `email`, `postal_code`, `city`, `region`, `creation_date`, `update_date`, `manager`, `comments`, `unloading_loading_code`, `site`, `coordinates`, `schedule`, `appointment_days`, `country`, `longtitude`, `lattitude`, `appointment_required`, `factory_type`) VALUES
(12, 'Εργοστασιο ΙΟΝΙΝΚΟ', 'Τσαμαδού 32,Πειραιάς Ελλάδα', '210273286', 'manolis.papaspyropoulos@gmail.com', '18533', 'Πειραιάς', 'Περιφερειακή Ενότητα Πειραιώς', '2020-10-29 20:50:11', NULL, 'ΚΑΛΑΤΖΟΓΛΟΥ ', '<p>ddww</p>', NULL, 'ΘΙΟ.ΓΡ', '', 'νονε', 7, 'Ελλάδα', 23.6470453, 37.9441202, 1, 'Εργοστάσιο'),
(13, 'ΜΑΝΟΣ ΑΕ-Ο-1232', 'Σκυλίτση, Πειραιάς, Ελλάδα', '2101378624', 'test@gmail.comw', '18533', 'Πειραιάς', '', '2021-02-12 19:33:04', NULL, '', '<p>Καθημερινα 10:00-8:00</p>', NULL, '', '', 'Καθημερινα 10:00-8:00', 4, 'Ελλάδα', 23.6558428, 37.9465415, 0, 'Εργοστάσιο'),
(14, 'νεοσπερατης', 'Δίστρια Δώρας,Αθήνα Ελλάδα', 'νεοσ περατης', 'test@gmail.comw', '18533', 'Πειραιάς', 'Κεντρικός Τομέας Αθηνών', '2020-10-29 22:29:22', NULL, 'νεοσ περατης', '<p>νεοσ περατης</p>', NULL, 'νεοσ περατης', '', 'νεοσ περατης', 3, 'Ελλάδα', 23.7448726, 37.9808101, 0, 'Εργοστάσιο'),
(15, 'disney', 'Disneyland Drive,Anaheim Ηνωμένες Πολιτείες', 'disney', 'disney@disney', '18533', 'Πειραιάς', '-', '2020-10-29 23:24:28', NULL, 'disney', '<p>disney</p>', NULL, 'V', '', 'disney', 2, 'Ελλάδα', -117.9242449, 33.8136287, 0, 'Εργοστάσιο'),
(16, 'address', 'Simi Road Address,Amraha Ινδία', 'address', 'address@saddress', '18533', 'Πειραιάς', 'address', '2020-10-30 00:12:54', NULL, 'address', '', NULL, 'address', '', 'address', 0, 'Ελλάδα', 84.9730615, 24.8754479, 1, 'Εργοστάσιο'),
(17, 'wdw', 'Τυμφρηστού,Χαλάνδρι Ελλάδα', 'wd', 'dw@wdd', '18533', 'Πειραιάς', 'Περιφερειακή ενότητα Βορείου Τομέα Αθηνών', '2020-12-10 03:46:27', NULL, 'ddw', '<p>wwww<strong>wwwww</strong></p>', NULL, 'wdww', '', 'd', 3, 'Ελλάδα', 23.8189838, 38.0259337, 1, 'Εργοστάσιο'),
(18, 'Διστόμου ΑΑΕ', 'Διστόμου 23, Πειραιάς 185 33, Ελλάδα', 'factoriesEntity', 'factoriesEntity@factoriesEntity', '18533', 'Πειραιάς', '', '2021-02-16 17:17:22', NULL, '', '<p>factoriesEntityfactoriesEntity</p>', 'SS/NN/NN', '', '', 'factoriesEntity', 2, 'Ελλάδα', 23.6528931, 37.9471325, 0, 'Εργοστάσιο'),
(19, 'factoriesEntity', 'Μάνης,Χαϊδάρι Ελλάδα', 'factoriesEntity', 'factoriesEntity@factoriesEntity', '12462', 'Πειραιάς', 'Περιφερειακή Ενότητα Δυτικού Τομέα Αθηνών', '2020-12-12 00:09:40', NULL, 'factoriesEntity', '<p>factoriesEntityfactoriesEntity</p>', NULL, 'factoriesEntity', '', 'factoriesEntity', 2, 'Ελλάδα', 23.6463126, 38.0196908, 1, 'Εργοστάσιο'),
(20, 'factoriesEntity', 'Διστόμου 12,Πειραιάς Ελλάδα', 'factoriesEntity', 'factoriesEntity@factoriesEntity', '18532', 'Πειραιάς', 'Περιφερειακή Ενότητα Πειραιώς', '2020-10-31 02:11:21', NULL, 'factoriesEntity', '<p>factoriesEntityfactoriesEntity</p>', NULL, 'factoriesEntity', '', 'factoriesEntity', 2, 'Ελλάδα', 23.6517489, 37.9477353, 1, 'Εργοστάσιο'),
(21, 'dw', 'Παρνασσού,Αθήνα Ελλάδα', 'wd', 'wdw@q', '10561', 'Αθήνα', 'Κεντρικός Τομέας Αθηνών', '2020-11-13 18:23:54', NULL, 'dw', '<figure class=\"table\"><table><tbody><tr><td>&nbsp;</td><td>&nbsp;</td><td>&nbsp;</td><td>&nbsp;</td><td>&nbsp;</td><td>&nbsp;</td></tr><tr><td>&nbsp;</td><td>h</td><td>&nbsp;</td><td>h</td><td>h</td><td>&nbsp;</td></tr><tr><td>&nbsp;</td><td>&nbsp;</td><td>h</td><td>&nbsp;</td><td>&nbsp;</td><td>h</td></tr><tr><td>&nbsp;</td><td>&nbsp;</td><td>&nbsp;</td><td>&nbsp;</td><td>&nbsp;</td><td>&nbsp;</td></tr></tbody></table></figure>', NULL, 'wqd', '', '-', 5, 'Ελλάδα', 23.731099, 37.9783927, 1, 'Εργοστάσιο'),
(22, 'εργοστασιο', 'Διστόμου,Λειβαδιά Ελλάδα', 'σ', 'manolis.papaspyropoulos@gmail.com', '32100', 'Λειβαδιά', 'Βοιωτία', '2020-12-08 18:16:26', NULL, 'σ', '', NULL, 'ςς', '', '', 3, 'Ελλάδα', 22.8690221, 38.4412286, 1, 'Εργοστάσιο'),
(26, 'FACTORY I-09', 'Σαλαμινίας 2,Αθήνα Ελλάδα', '210312431', 'manolis.papaspyropoulos@gmail.com', '11855', 'Αθήνα', 'Κεντρικός Τομέας Αθηνών', '2020-12-09 19:56:57', NULL, '-', '', NULL, '-', '', '-', 0, 'Ελλάδα', 23.6959731, 37.9761878, 0, 'Εργοστάσιο'),
(30, ';ςφ;ςφ', 'Ασκληπιού,Αθήνα Ελλάδα', ';ςφ;ςφ;', 'test@gmail.comw', '11855', 'Αθήνα', 'Κεντρικός Τομέας Αθηνών', '2020-12-12 00:10:07', NULL, ';ςφ;ςφ', '', NULL, 'regregerger', '', 'γρεγεργερ', 0, 'Ελλάδα', 23.7411498, 37.9850006, 0, 'Εργοστάσιο'),
(31, 'fwfwq', 'Lane 66, Dongyuan Street 4 Ταϊβάν', 'fqwfqwf', 'f@e', '11855', '-', 'Wanhua District', '2020-12-14 00:07:57', NULL, 'fwqfqw', '', NULL, 'e', '', '-', 0, 'Ταϊβάν', 121.4962361, 25.0257002, 0, 'Εργοστάσιο'),
(32, 'qwdqwdqwd', 'Σαπφούς 98,Καλλιθέα Ελλάδα', 'qwdqwdqw', 'manolis.papaspyropoulos@gmail.com', '11855', 'Καλλιθέα', 'Νότιος Τομέας Αθηνών', '2020-12-14 00:10:30', NULL, 'qwdqwd', '', NULL, '-', '', '-', 0, 'Ελλάδα', 23.7022106, 37.9580669, 0, 'Εργοστάσιο'),
(33, 'factoriesEntity', 'New York 112,Medford Ηνωμένες Πολιτείες', 'factoriesEntity', 'factoriesEntity@factoriesEntity', '11855', NULL, 'Brookhaven', NULL, NULL, NULL, NULL, NULL, NULL, NULL, NULL, 0, 'Ελλάδα', -72.9980982, 40.8212771, 0, 'Εργοστάσιο'),
(34, ';ςφ;ςφ', 'Ασκληπιού,Αθήνα Ελλάδα', ';ςφ;ςφ;', 'test@gmail.comw', '11855', NULL, 'Κεντρικός Τομέας Αθηνών', NULL, NULL, NULL, NULL, NULL, NULL, NULL, NULL, 0, 'Ελλάδα', 23.7411498, 37.9850006, 0, 'Εργοστάσιο'),
(35, ';ςφ;ςφ', 'Ασκληπιού,Αθήνα Ελλάδα', ';ςφ;ςφ;', 'test@gmail.comw', '11855', NULL, 'Κεντρικός Τομέας Αθηνών', NULL, NULL, NULL, NULL, NULL, NULL, NULL, NULL, 0, 'Ελλάδα', 23.7411498, 37.9850006, 0, 'Εργοστάσιο'),
(36, 'dw', 'Παρνασσού,Αθήνα Ελλάδα', 'wd', 'wdw@q', '11855', NULL, 'Κεντρικός Τομέας Αθηνών', NULL, NULL, NULL, NULL, NULL, NULL, NULL, NULL, 0, 'Ελλάδα', 23.731099, 37.9783927, 0, 'Εργοστάσιο'),
(37, 'FACTORY I-09', 'Σαλαμινίας 2,Αθήνα Ελλάδα', '210312431', 'manolis.papaspyropoulos@gmail.com', '11855', NULL, 'Κεντρικός Τομέας Αθηνών', NULL, NULL, NULL, NULL, NULL, NULL, NULL, NULL, 0, 'Ελλάδα', 23.6959731, 37.9761878, 0, 'Εργοστάσιο'),
(39, 'ψςς', 'δ', '43242342342', 'efw@wef', '18533', 'Πειραιάς', '', NULL, NULL, NULL, NULL, NULL, NULL, NULL, NULL, 0, 'Ελλάδα', 23.7433792, 37.9622444, 0, 'Εργοστάσιο'),
(40, 'eree', 'δ', '342345232', 'eree@eree.com', '18533', 'Πειραιάς', '', NULL, NULL, NULL, NULL, NULL, NULL, NULL, NULL, 0, 'Ελλάδα', 23.7433792, 37.9622444, 0, 'Εργοστάσιο'),
(41, 'ΙΟΝ', 'ιον', '34253524', 'ion@mail.com', '11855', 'Αθήνα', '', NULL, NULL, NULL, NULL, NULL, NULL, NULL, NULL, 0, 'Ελλάδα', 23.7525475, 37.9508346, 0, 'Εργοστάσιο'),
(42, 'testepon', 'sa', '54364', 'manolis.papaspyropoulos@gmail.com', '11855', 'Αθήνα', '', NULL, NULL, NULL, NULL, NULL, NULL, NULL, NULL, 0, 'Ελλάδα', 105.7652441, 21.0203036, 0, 'Εργοστάσιο'),
(43, 'Αιλικο', 'Αι', '345674356465768', 'manolis.papaspyropoulos@gmail.com', '11855', 'Αθήνα', '', NULL, NULL, NULL, NULL, NULL, NULL, NULL, NULL, 0, 'Ελλάδα', 23.7282562, 37.97950160000001, 0, 'Εργοστάσιο'),
(44, '436gggg', 'ς', '4536543543', 'manolis.papaspyropoulos@gmail.com', '54645645', 'Αθήνα', '', NULL, NULL, NULL, NULL, NULL, NULL, NULL, NULL, 0, 'Ελλάδα', 23.6312007, 37.95675, 0, 'Εργοστάσιο'),
(45, 'Fashion Shoes', 'Διστόμου 34, Αθήνα 104 44, Ελλάδα', '23423423', 'b0b0s_666@hotmail.com', '54645645', 'Αθήνα', '', NULL, NULL, NULL, NULL, NULL, NULL, NULL, NULL, 0, 'Ελλάδα', 23.7156498, 37.9938386, 0, 'Εργοστάσιο'),
(46, 'Pull n Bear', 'Φολεγάνδρου, Αθήνα, Ελλάδα', '23675765765', 'pullNbear@mail.com', '54645645', 'Αθήνα', '', NULL, NULL, NULL, NULL, NULL, NULL, NULL, NULL, 0, 'Ελλάδα', 23.7299857, 38.0068834, 0, 'Εργοστάσιο'),
(47, 'Breska', 'Τυλίσσου, Ηράκλειο 712 01, Ελλάδα', '123945676543', 'test@gmail.comw', '243423', 'Ζιλίνα', '', NULL, NULL, NULL, NULL, NULL, NULL, NULL, NULL, 0, 'Σλοβακία', 25.1281968, 35.33746000000001, 0, 'Εργοστάσιο'),
(48, 'Perfect souvlaki', 'Azaleastraat, 5922 Venlo, Ολλανδία', '21234567876543', 'test@gmail.comw', '8866', 'Γλυφάδα', '', NULL, NULL, NULL, NULL, NULL, NULL, NULL, NULL, 0, 'Ελλάδα', 6.1357292, 51.3762178, 0, 'Εργοστάσιο'),
(49, 'Socer Club', 'Ασκληπιού, Αθήνα, Ελλάδα', '210349534', 'manolis.papaspyropoulos@gmail.com', '35634', '-', '', NULL, NULL, NULL, NULL, NULL, NULL, NULL, NULL, 0, 'Ηνωμένο Βασίλειο', 23.7411498, 37.9850006, 0, 'Εργοστάσιο'),
(50, 'ιον', 'Ηλία Βενέζη 32, Χαϊδάρι 124 61, Ελλάδα', '21453546435', 'manolis.papaspyropoulos@gmail.com', '8866', 'Γλυφάδα', '', NULL, NULL, NULL, NULL, NULL, NULL, NULL, NULL, 0, 'Ελλάδα', 23.6625131, 38.00496649999999, 0, 'Εργοστάσιο'),
(51, 'Ξυλα', 'Αετοράχης, Θεσσαλονίκη, Ελλάδα', '2345364', 'manolis.papaspyropoulos@gmail.com', '8866', 'Γλυφάδα', '', NULL, NULL, NULL, NULL, NULL, NULL, NULL, NULL, 0, 'Ελλάδα', 22.9581625, 40.6190585, 0, 'Εργοστάσιο'),
(52, 'Βολτομετρικα', 'Γρ. Λαμπράκη, Κερατσίνι, Ελλάδα', '234252', 'b0b0s_666@hotmail.com', '8866', 'Γλυφάδα', '', NULL, NULL, NULL, NULL, NULL, NULL, NULL, NULL, 0, 'Ελλάδα', 23.62085, 37.9707778, 0, 'Εργοστάσιο'),
(53, 'Εργοστασιο 2', 'Μυτιλήνης, Κρωπία 194 00, Ελλάδα', '2134536', 'test@gmail.comw', '345345345', 'Βάρνα', '', NULL, NULL, NULL, NULL, NULL, NULL, NULL, NULL, 0, 'Βουλγαρία', 23.8526907, 37.9358908, 0, 'Εργοστάσιο'),
(54, 'Wertolio', 'Via del Corso, Roma RM, Ιταλία', '3212425325', 'b0b0s_666@hotmail.com', '8866', 'Γλυφάδα', '', NULL, NULL, NULL, NULL, NULL, NULL, NULL, NULL, 0, 'Ελλάδα', 12.4792941, 41.9037397, 0, 'Εργοστάσιο'),
(55, 'Teroilko', 'Jl. Malioboro, Sosromenduran, Gedong Tengen, Kota Yogyakarta, Daerah Istimewa Yogyakarta, Ινδονησία', '21324543456', 'tol@cw.com', '8866', 'Γλυφάδα', '', NULL, NULL, NULL, NULL, NULL, NULL, NULL, NULL, 0, 'Ελλάδα', 110.3658743, -7.7926359, 0, 'Εργοστάσιο'),
(56, 'Teroilko', 'Jl. Malioboro, Sosromenduran, Gedong Tengen, Kota Yogyakarta, Daerah Istimewa Yogyakarta, Ινδονησία', '21324543456', 'tol@cw.com', '8866', 'Γλυφάδα', '', NULL, NULL, NULL, NULL, NULL, NULL, NULL, NULL, 0, 'Ελλάδα', 110.3658743, -7.7926359, 0, 'Εργοστάσιο'),
(57, 'Teroilko', 'Jl. Malioboro, Sosromenduran, Gedong Tengen, Kota Yogyakarta, Daerah Istimewa Yogyakarta, Ινδονησία', '21324543456', 'tol@cw.com', '8866', 'Γλυφάδα', '', NULL, NULL, NULL, NULL, NULL, NULL, NULL, NULL, 0, 'Ελλάδα', 110.3658743, -7.7926359, 0, 'Εργοστάσιο'),
(58, 'wqfqwf', 'Fergusson College Rd, Shivajinagar, Pune, Maharashtra, Ινδία', 'qwqfqwf', 'qwfqwf@qwfwq.com', '8866', 'Γλυφάδα', '', NULL, NULL, NULL, NULL, NULL, NULL, NULL, NULL, 0, 'Ελλάδα', 73.8409089, 18.5226523, 0, 'Εργοστάσιο'),
(59, 'wqfqwf', 'Fergusson College Rd, Shivajinagar, Pune, Maharashtra, Ινδία', 'qwqfqwf', 'qwfqwf@qwfwq.com', '8866', 'Γλυφάδα', '', NULL, NULL, NULL, NULL, NULL, NULL, NULL, NULL, 0, 'Ελλάδα', 73.8409089, 18.5226523, 0, 'Εργοστάσιο'),
(60, 'wqfqwf', 'Fergusson College Rd, Shivajinagar, Pune, Maharashtra, Ινδία', 'qwqfqwf', 'qwfqwf@qwfwq.com', '8866', 'Γλυφάδα', '', NULL, NULL, NULL, NULL, NULL, NULL, NULL, NULL, 0, 'Ελλάδα', 73.8409089, 18.5226523, 0, 'Εργοστάσιο'),
(61, 'wqfqwf', 'Fergusson College Rd, Shivajinagar, Pune, Maharashtra, Ινδία', 'qwqfqwf', 'qwfqwf@qwfwq.com', '8866', 'Γλυφάδα', '', NULL, NULL, NULL, NULL, NULL, NULL, NULL, NULL, 0, 'Ελλάδα', 73.8409089, 18.5226523, 0, 'Εργοστάσιο'),
(62, 'wqfqwf', 'Fergusson College Rd, Shivajinagar, Pune, Maharashtra, Ινδία', 'qwqfqwf', 'qwfqwf@qwfwq.com', '8866', 'Γλυφάδα', '', NULL, NULL, NULL, NULL, NULL, NULL, NULL, NULL, 0, 'Ελλάδα', 73.8409089, 18.5226523, 0, 'Εργοστάσιο'),
(63, 'wqfqwf', 'Fergusson College Rd, Shivajinagar, Pune, Maharashtra, Ινδία', 'qwqfqwf', 'qwfqwf@qwfwq.com', '8866', 'Γλυφάδα', '', NULL, NULL, NULL, NULL, NULL, NULL, NULL, NULL, 0, 'Ελλάδα', 73.8409089, 18.5226523, 0, 'Εργοστάσιο'),
(64, 'wqfqwf', 'Fergusson College Rd, Shivajinagar, Pune, Maharashtra, Ινδία', 'qwqfqwf', 'qwfqwf@qwfwq.com', '8866', 'Γλυφάδα', '', NULL, NULL, NULL, NULL, NULL, NULL, NULL, NULL, 0, 'Ελλάδα', 73.8409089, 18.5226523, 0, 'Εργοστάσιο'),
(65, 'ιον', 'Γολγοθά, Αχαρνές 136 75, Ελλάδα', '23423542', 'manolis.papaspyropoulos@gmail.com', '18533', 'Γλυφάδα', '', NULL, NULL, NULL, NULL, NULL, NULL, NULL, NULL, 0, 'Ελλάδα', 23.7273712, 38.0699087, 0, 'Εργοστάσιο'),
(66, 'Ωραιόκαστρο', 'ΤατοΪου, Κηφισιά, Ελλάδα', '3244223442', 'k@c.com', '3123123', 'Αθήνα', '', NULL, NULL, NULL, NULL, NULL, NULL, NULL, NULL, 0, 'Greece', 23.8090534, 38.090346, 0, 'Εργοστάσιο'),
(67, 'Φορτωση σημειου εργοστασιου', 'Παρ. ΔΘ63, Πάτρα 263 31, Ελλάδα', '213043242', 'test@gmail.comw', '2342342', 'Amsterdam', '', NULL, NULL, NULL, NULL, NULL, NULL, NULL, NULL, 0, 'Ολλανδία', 21.7677162, 38.2306145, 0, 'Εργοστάσιο'),
(68, 'Ε.Ε.Ε', 'Γεωρ. Μπάκου 21, Αθήνα 115 24, Ελλάδα', '213413243242', 'test@gmail.comw', '63363', 'Πειραιάς', '', NULL, NULL, NULL, NULL, NULL, NULL, NULL, NULL, 0, 'Ελλάδα', 23.7660994, 37.9991535, 0, 'Εργοστάσιο'),
(69, 'wqed', 'Wall St, New York, NY, Ηνωμένες Πολιτείες', 'we', 'wdwdw@w', '18533', 'Μαρούσι', '', NULL, NULL, NULL, NULL, NULL, NULL, NULL, NULL, 0, 'Ελλάδα', -74.0088256, 40.7060361, 0, 'Εργοστάσιο'),
(70, 'yt', 'Via del Corso, Roma RM, Ιταλία', 'yt', 'manolis.papaspyropoulos@gmail.com', '18533', 'Gurugram', '', NULL, NULL, NULL, NULL, NULL, NULL, NULL, NULL, 0, 'Ινδία', 12.4792941, 41.9037397, 0, 'Εργοστάσιο'),
(71, 'ες', 'Ασκληπιού, Αθήνα, Ελλάδα', 'ςε', 'manolis.papaspyropoulos@gmail.com', '2342342', 'Αθήνα', '', NULL, NULL, NULL, NULL, NULL, NULL, NULL, NULL, 0, 'Ελλάδα', 23.7411498, 37.9850006, 0, 'Εργοστάσιο'),
(72, 'Ion', 'Δίστρια Δώρας, Αθήνα 106 76, Ελλάδα', '334235324', 'manolis.papaspyropoulos@gmail.com', '2342342', '20', '', NULL, NULL, NULL, NULL, NULL, NULL, NULL, NULL, 0, '20', 23.7448726, 37.9808101, 0, 'Εργοστάσιο'),
(73, 'ano liosia factory v22e', 'Αλμυρού,Αχαρνές Ελλάδα', '22345676', 'manolis.papaspyropoulos@gmail.com', '13341', 'Άνω Λιόσια', '', '2021-02-08 18:57:38', NULL, '', 'γγγ', NULL, '', '', '-', 3, 'Ελλάδα', 23.7190825, 38.1069119, 0, 'Αποθήκη'),
(74, 'ωεςωςεως', 'Αχαρνών 30, Άνω Λιόσια 133 41, Ελλάδα', 'εςωςεωςεω', 'ςωςεωςεωςωςεωςως', '13341', 'Άνω Λιόσια', '', '2021-02-08 17:22:06', NULL, '', 'ςεωςεωςεωςεωςεως', NULL, '', '', 'εωςεωςεω', 5, 'Ελλάδα', 23.7010095, 38.0790368, 0, 'Εργοστάσιο'),
(75, 'neo ergostasio axarnwn', 'Αχαρνές, Ελλάδα', '3214321423', 'cqc@wqcq.com', '13341', 'Άνω Λιόσια', '', '2021-02-08 17:28:01', NULL, '', 'qwfqwfqwfqwfqw', NULL, '', '', 'qwfqwif\nwqfjkq\nfwqfq\n', 34, 'Ελλάδα', 23.738064, 38.0852204, 0, 'Εργοστάσιο'),
(76, 'veeveqq', 'Ασπροβάλτας, Άνω Λιόσια 133 41, Ελλάδα', 'ewfwefwe', 'efewfwef', '13341', 'Άνω Λιόσια', '', '2021-02-08 18:57:47', NULL, '', 'fwefwefwef', NULL, '', '', 'ewffwe', 43, 'Ελλάδα', 23.7125001, 38.0938195, 0, 'Αποθήκη'),
(77, 'wqfwqfwqfwq', 'Ασπροβάλτας, Άνω Λιόσια 133 41, Ελλάδα', 'fwq432423', 'f23f23f23', '13341', 'Άνω Λιόσια', '', '2021-02-08 17:33:00', NULL, '', '23f23f23f23', NULL, '', '', '3f23f23f', 32, 'Ελλάδα', 23.7125001, 38.0938195, 0, 'Εργοστάσιο'),
(78, 'Rethi AE', 'Άγιοι Ανάργυροι, Ελλάδα', 'fwqfwqf', 'qwfqw', '10443', 'Αθήνα', '', '2021-02-16 17:49:55', NULL, '', 'qwfqwfqwf', '000.000.000-99', '', '', 'fqwf', 1, 'Ελλάδα', 23.7243889, 38.0317118, 1, 'Αποθήκη'),
(79, 'ψς;ςψ;ςψ;ς', 'Διστόμου 48,Πειραιάς Ελλάδα', 'ψς;ψ;ς', 'ψ;ςψ;ς', '185 32', 'Πειραιάς', '', '2021-02-08 21:27:06', NULL, '', 'ς;ψ;ςψ;ςψ;ς', NULL, '', '', 'ψς;ψ;ςψ;ς', 10, 'Ελλάδα', 23.6542383, 37.946333, 0, 'Αποθήκη'),
(80, 'qwevΒΒΒΒΒΒ', 'Γ. Σεφέρη,Τζόνιμα Ελλάδα', 'qvqwvwqΚΚΚ', 'vqwvqwv', '190 01', 'Τζόνιμα', '', '2021-02-08 21:35:01', NULL, '', 'qwvqwvq', NULL, '', '', 'qwvqwv', 6, 'Ελλάδα', 24.0758614, 37.76901050000001, 0, 'Αποθήκη'),
(81, 'ΡΕΕΡΝfg4f4', 'Φαρμακίδη 3, Άνω Λιόσια 133 43, Ελλάδα', 'ςΕΦςΕΦ', 'ςΦςΕΦςΕ', '13341', 'Άνω Λιόσια', '', '2021-02-09 02:01:21', NULL, '', 'Ε', NULL, '', '', 'Ε', 5, 'Ελλάδα', 23.6978699, 38.087001, 0, 'Εργοστάσιο'),
(82, 'Σάμου 4YIUO', 'Σάμου 3, Ίλιον 131 23, Ελλάδα', '56h56h5', '56h56h', '13451', 'Δήμος Αγίων Αναργύρων-Καματερού', '-', '2021-03-08 02:59:15', NULL, '', '6h56h5h56h', '0*.00', '', '', '56h65h5', 6, 'Ελλάδα', 23.7041503, 38.0449288, 0, ''),
(83, 'Φαναρίου 4', 'Φαναρίου 3, Κερατσίνι 187 56, Ελλάδα', '43353453', 'εργ', '18756', 'Κερατσίνι', '', '2021-02-08 22:13:44', NULL, '', 'εργεργ', NULL, '', '', 'εργ', 0, 'Ελλάδα', 23.624337, 37.9604351, 0, 'Αποθήκη'),
(84, 'Ρέθι 344ΑΑ', 'Ρέθι 204 00, Ελλάδα', 'γεργερ', 'γεγε', '20400', 'Ξυλόκαστρο Ευρωστίνη', '', '2021-02-08 22:14:22', NULL, '', 'εγεργεγε', NULL, '', '', 'γεργ', 5, 'Ελλάδα', 22.5035145, 38.0225824, 0, 'Εργοστάσιο'),
(85, 'εγςεεςςγ', 'Γεωρ. Παπανδρέου, Άγιοι Ανάργυροι, Ελλάδα', 'γεςγςε', 'γςεγς', '13562', 'Άγιοι Ανάργυροι', '', '2021-02-09 02:35:49', NULL, '', 'ςεγςεγς', NULL, '', '', 'εγςεγ', 4, 'Ελλάδα', 23.7286977, 38.0359927, 0, 'Εργοστάσιο'),
(86, 'INRTENOMIKO AE', 'Π. Φύσσα, Κερατσίνι, Ελλάδα', '+213123428', 'internaniko@mail.com', '18756', 'Κερατσίνι', '', '2021-02-15 14:02:05', NULL, '', 'φ;ςφ;ςφ;ς', NULL, '', '', 'ς;φς;φ', 12, 'Ελλάδα', 23.622463, 37.9675547, 1, 'Αποθήκη'),
(87, 'wdqwdqwd', 'Αστυθέα, Χαϊδάρι 124 61, Ελλάδα', 'qwdqwd', 'qwdqwdqwdq', '12461', 'Χαϊδάρι', '', '2021-02-09 02:44:37', NULL, '', 'qwdqwdqw', NULL, '', '', 'dqwd', 5, 'Ελλάδα', 23.6664407, 38.00161759999999, 0, 'Αποθήκη'),
(88, 'ASPROVALTOS AE', 'Ασπροβάλτας, Άνω Λιόσια 133 41, Ελλάδα', '124423423', 'ASPROVALTOS@mail.com', '13341', 'Άνω Λιόσια ', '', '2021-02-10 14:50:34', NULL, '', '-', NULL, '', '', 'deytera\ntrith\ntetarth', 0, 'Ελλάδα', 23.7125001, 38.0938195, 0, 'Αποθήκη'),
(89, 'Ασκληπιού ΑΕ', 'Ασκληπιού,Καλαμάτα Ελλάδα', '21312421432', 'asklhpiou@mail.com', '241 00', 'Καλαμάτα', '', '2021-02-10 14:51:50', NULL, '', '-', NULL, '', '', '-', 5, 'Ελλάδα', 22.1137103, 37.0367324, 0, 'Εργοστάσιο'),
(90, 'RETHION', 'Ρέθι 204 00, Ελλάδα', '121234124', '-', '20400', 'Ξυλόκαστρο Ευρωστίνη', '', '2021-02-15 17:07:02', NULL, '', '-', NULL, '', '', '-', 3, 'Ελλάδα', 22.5035145, 38.0225824, 1, 'Αποθήκη'),
(91, 'wdqwdqdwqdwq', '28ης Οκτωβρίου,Χαλκίδα Ελλάδα', 'dqwdqwdqw', 'wdwdwqdqw', '341 00', 'Χαλκίδα', '', '2021-02-12 19:56:54', NULL, '', 'dwqdqwdq', NULL, '', '', 'dqwdqw', 3, 'Ελλάδα', 23.6011435, 38.4601243, 0, 'Εργοστάσιο'),
(92, 'δ2δ2', 'Ασκύφου 730 11, Ελλάδα', '2δ', '2δδ2δ2', '73011', 'Σφακιά', '', '2021-02-12 20:01:19', NULL, '', '2δδ22δ2δ', NULL, '', '', 'δ2δ2', 0, 'Ελλάδα', 24.1825781, 35.28954239999999, 0, 'Εργοστάσιο'),
(93, 'MANNNNNN', 'ΘΕΣΣΑΛΟΝΙΚΗΣ-ΜΟΥΔΑΝΙΩΝ Ελλάδα', 'φ;ςφ', 'φςεφςε', '54248', '-', 'Θεσσαλονίκη', '2021-02-12 21:52:52', NULL, 'ς;φ;ς', '', NULL, 'ewfewfefw', '', '', 0, 'Ελλάδα', 23.0004664, 40.5521599, 0, ''),
(94, 'Αϊδινίου αΕa', 'Αϊδινίου, Πειραιάς 185 33, Ελλάδα', '3213423534', '43Τ34Τ3', '18533', 'Πειραιάς', '', '2021-02-16 14:37:23', NULL, '', 'Τ34Τ34Τ3', NULL, '', '', '4Τ43Τ3', 55, 'Ελλάδα', 23.657921, 37.9453069, 1, 'Αποθήκη'),
(95, '3r3r3', 'Ασπροβάλτας, Άνω Λιόσια 133 41, Ελλάδα', '2r323r', '23r23r2', '13341', 'Άνω Λιόσια', '', '2021-02-15 15:34:07', NULL, '', '23r23r23', NULL, '', '', '23r23r', 0, 'Ελλάδα', 23.7125001, 38.0938195, 1, 'Αποθήκη'),
(96, '-dwwwwd', 'Άστρους, Άνω Λιόσια 133 41, Ελλάδα', 'null', '-', '13341', 'Άνω Λιόσια', '', '2021-02-15 15:35:24', NULL, '', 'null', NULL, '', '', 'null', 0, 'Ελλάδα', 23.7083512, 38.0780491, 1, 'Εργοστάσιο'),
(97, 'Ψηλορείτη ΑΕ', 'Ψηλορείτη, Άνω Λιόσια 133 41, Ελλάδα', '+210332522', '-', '13341', 'Άνω Λιόσια', '', '2021-02-16 17:47:16', NULL, '', '-', 'SSSS', '', '', '-', 9, 'Ελλάδα', 23.7100331, 38.073417, 1, 'Αποθήκη'),
(98, 'Διστόμου  ασε', 'Διστόμου 48,Πειραιάς Ελλάδα', '13214242', '32ρ23ρ23', '18532', 'Πειραιάς', '', '2021-02-15 16:53:34', NULL, '', '23φ23φ23φ23', NULL, '', '', 'φς2φ', 6, 'Ελλάδα', 23.6542383, 37.946333, 1, 'Εργοστάσιο'),
(99, 'ς;φ;ςφ', 'Φορμίωνος 43,Καισαριανή Ελλάδα', ';ςφ;ςφ', ';ςφ;ςφ;ς', '16121', 'Καισαριανή', '', '2021-02-15 16:56:20', NULL, '', 'φ', NULL, '', '', ';ςφ;ςφ;ς', 5, 'Ελλάδα', 23.7526942, 37.9693577, 1, 'Εργοστάσιο'),
(100, 'ΠΑ.ΠΕΙ.ΠΟΙ', 'Διστόμου 40,Πειραιάς Ελλάδα', '324235252', 'te---st@gmail.co--mw', '18533', 'Πειραιάς', 'Περιφερειακή Ενότητα Πειραιώς', '2021-02-16 15:28:30', NULL, '-', '', NULL, '--', '', '-', 4, 'Ελλάδα', 23.6537369, 37.9466787, 1, ''),
(101, 'wdwwddwwd', 'Διστόμου 32,Θεσσαλονίκη Ελλάδα', 'wdwdw', 'wdwdwdw@dd.com', '54453', 'Θεσσαλονίκη', 'Θεσσαλονίκη', '2021-02-16 17:02:22', NULL, 'wdwdw', '', NULL, '32r32r23', '', ' box-shadow: inset 2px 2px 5px -4px grey;', 4, 'Ελλάδα', 22.9712051, 40.60507800000001, 1, ''),
(102, 'Συκιές αε', 'Χαλκέων, Θεσσαλονίκη, Ελλάδα', '23131', 'sw@wdq.xom', '54633', 'Θεσσαλονίκη', '', '2021-04-07 21:42:47', NULL, '', 'null', '0*.00', '', '', '-', 0, 'Ελλάδα', 22.9427259, 40.6361789, 1, 'Εργοστάσιο'),
(103, 'wdqwd', 'Σφακίων,Αθήνα Ελλάδα', 'wqdwqd', 'test@gmail.comw', '10439', 'Αθήνα', 'Κεντρικός Τομέας Αθηνών', '2021-03-12 11:45:02', NULL, 'wqdqw', '', '0*.00', 'efwefwe', '', '33', 4, 'Ελλάδα', 23.7226077, 37.9898669, 1, ''),
(104, 'dwdwdw', 'Σφακίων,Αθήνα Ελλάδα', ';ςδ;ς', 'test@gmail.comw', '10439', 'Αθήνα', 'Κεντρικός Τομέας Αθηνών', '2021-03-12 11:45:45', NULL, ';ςδ;ςδ', '', '0*.00', '1231δ', '', 'φφ', 0, 'Ελλάδα', 23.7226077, 37.9898669, 0, ''),
(105, 'qdwdqwdq', 'Federal Plaza 26,New York Ηνωμένες Πολιτείες', '', 'd@s', '10278', 'New York', '2', '2021-03-12 11:49:51', NULL, '', '', '', '', '', 'w', 0, 'Ηνωμένες Πολιτείες', -74.0042507, 40.71548769999999, 0, ''),
(106, 'wdwdw', 'Wall Street,New York Ηνωμένες Πολιτείες', '', 'wdwdw@\'edwdw', 'd', 'New York', 'd', '2021-03-12 11:52:59', NULL, '', '', '', 'wqdqwdqdq', '', 'd', 0, 'Ηνωμένες Πολιτείες', -74.0088256, 40.7060361, 0, ''),
(107, 'qwfwqf', 'Wall Street,New York Ηνωμένες Πολιτείες', 'qwfwq', 'qwf@wq', 'w', 'New York', '3', '2021-03-12 11:55:10', NULL, 'wfqqwf', '', '0*.00', 'qwfwqfq', '', 'wwww', 1, 'Ηνωμένες Πολιτείες', -74.0088256, 40.7060361, 1, ''),
(108, 'Σοφικό 32', 'Σοφικό 200 04, Ελλάδα', '1423423', '2qw12@dwqd.xom', '20100', 'Δήμος Κορινθίων', '', '2021-04-04 02:53:07', NULL, '', '1221', '0*.00', '', '', '21', 5, 'Ελλάδα', 23.0535108, 37.7937459, 1, 'Αποθήκη'),
(109, 'ασδ', 'Ακτή Μιαούλη, Πειραιάς, Ελλάδα', 'null', 'W@WD', '18537', 'Πειραιάς', '', '2021-04-07 03:12:34', NULL, '', 'ασδ', 'null', '', '', 'σαδ', 0, 'Ελλάδα', 23.6394509, 37.9388334, 0, 'Εργοστάσιο'),
(110, 'sasa', 'Δελφών, Θεσσαλονίκη, Ελλάδα', 'null', 'asas@As', '54250', 'Θεσσαλονίκη', '', '2021-04-07 14:32:56', NULL, '', 'null', '0*.00', '', '', 'null', 0, 'Ελλάδα', 22.9586255, 40.6034408, 0, 'Εργοστάσιο'),
(111, 'wq', 'Δημ. Πολιορκητού, Θεσσαλονίκη 546 33, Ελλάδα', 'wq', 'wqd@wq', '54633', 'Θεσσαλονίκη', '', '2021-04-07 21:47:35', NULL, '', 'w', '9999-99-99', '', '', 'w', 0, 'Ελλάδα', 22.9502537, 40.6428156, 0, 'Εργοστάσιο'),
(112, 'Σεβδικίου ες', 'Σεβδικίου, Νέα Ερυθραία 146 71, Ελλάδα', 'null', 'dqw@xdqw', '14564', 'Κηφισιά', '', '2021-04-09 17:19:47', NULL, '', 'null', '0*.00', '', '', 'null', 0, 'Ελλάδα', 23.8147208, 38.0942165, 0, 'Εργοστάσιο'),
(113, 'Δηλιγιάννης aee', 'Δηλιγιάννης, Κηφισιά, Ελλάδα', '2323', 'few@δς;', '14564', 'Κηφισιά', '', '2021-04-09 17:20:31', NULL, '', 'null', '0*.00', '', '', 'null', 0, 'Ελλάδα', 23.8197814, 38.0753636, 0, 'Εργοστάσιο'),
(114, 'εςςεφ', 'Δεκέλεια, Αχαρνές 136 77, Ελλάδα', 'null', 'wqddq@s', '14564', 'Κηφισιά', '', '2021-04-09 17:21:07', NULL, '', 'null', '9999-99-99', '', '', 's', 0, 'Ελλάδα', 23.7792617, 38.0959387, 0, 'Εργοστάσιο'),
(115, 'weΦεραίου', 'Ρήγα Φεραίου, Ελληνικό, Ελλάδα', 'null', 'ewf@wq', '16562', 'Γλυφάδα', '', '2021-04-09 17:21:36', NULL, '', 'null', 'null', '', '', 'null', 0, 'Ελλάδα', 23.7609862, 37.8905092, 0, 'Εργοστάσιο'),
(116, 'Δουκίσσης ww', 'Δουκίσσης Πλακεντίας, Χαλάνδρι 152 34, Ελλάδα', 'null', 'ewqc@sd', '15343', 'Αγία Παρασκευή', '', '2021-04-09 17:22:12', NULL, '', 'null', 'null', '', '', 'qw', 0, 'Ελλάδα', 23.8191713, 38.0214728, 0, 'Εργοστάσιο'),
(117, 'dqq', 'Δουκίσσης Πλακεντίας, Χαλάνδρι 152 34, Ελλάδα', 'null', 'Δουκίσσης@ddd', '15343', 'Αγία Παρασκευή', '', '2021-04-09 17:22:31', NULL, '', 'null', 'null', '', '', 'null', 0, 'Ελλάδα', 23.8191713, 38.0214728, 0, 'Εργοστάσιο'),
(118, 'Αχαρνές 2-ΣΑ', 'Αχαρνές, Ελλάδα', '2130432342', 'MA@sw.com', '14564', 'Κηφισιά', '', '2021-04-12 12:30:17', NULL, '', '-', '9999-99-99', '', '', '-', 5, 'Ελλάδα', 23.738064, 38.0852204, 1, 'Εργοστάσιο'),
(119, 'Φεραίου 23--FD-AS', 'Ρήγα Φεραίου, Ελληνικό, Ελλάδα', '2313131', 'wdwdwdwdwdwd@xxxxx', '16562', 'Γλυφάδα', '', '2021-04-12 12:31:43', NULL, '', 'null', '0*.00', '', '', 'null', 0, 'Ελλάδα', 23.7609862, 37.8905092, 0, 'Εργοστάσιο'),
(120, 'Λιμένων  κ.αε', 'Αχαρνές, Ελλάδα', '423423423', 'ma@xs.com', '14564', 'Κηφισιά', '', '2021-04-12 12:52:00', NULL, '', '2', '9999-99-99', '', '', '2', 0, 'Ελλάδα', 23.738064, 38.0852204, 0, 'Εργοστάσιο'),
(121, 'Τρικούπη 32-ΣΑ-ΠΟ', 'Χαρ. Τρικούπη, Κηφισιά, Ελλάδα', '21214314331', 'man@ss.com', '14564', 'Κηφισιά', '', '2021-04-12 13:01:20', NULL, '', '-', '9999-99-99', '', '', '-', 6, 'Ελλάδα', 23.820025, 38.0792102, 1, 'Εργοστάσιο'),
(122, '31242', 'Χαλάνδρι, Ελλάδα', 'fdasdf', 'fdasdf@ss', '15343', 'Αγία Παρασκευή', '', '2021-04-12 13:01:58', NULL, '', '2', '0*.00', '', '', '2', 0, 'Ελλάδα', 23.7986297, 38.02133070000001, 0, 'Εργοστάσιο'),
(123, 'AE Δυτικής.', 'Περιφερειακή ενότητα Δυτικής Αττικής, Ελλάδα', '2131231231', 'DWQDWQ', '13341', 'Άνω Λιόσια ', '', '2021-04-15 12:31:44', NULL, '', '-', '0*.00', '', '', '-', 4, 'Ελλάδα', 23.429984, 38.0968393, 1, 'Εργοστάσιο'),
(124, 'Δροσούπολη', 'Δροσούπολη, Άνω Λιόσια 133 41, Ελλάδα', '342423', 'DW@S', '13341', 'Άνω Λιόσια ', '', '2021-04-15 12:32:09', NULL, '', 'W', '0*.00', '', '', 'W', 4, 'Ελλάδα', 23.7129851, 38.0882034, 1, 'Εργοστάσιο'),
(125, '32', 'ΦΨ', '23', 'w@s', '13351', 'Φυλή', '', '2021-04-12 13:46:05', NULL, '', 'null', 'null', '', '', 'null', 0, 'Ελλάδα', 23, 32, 1, 'Εργοστάσιο'),
(126, 'Περιφερειακή ae', 'Περιφερειακή ενότητα Δυτικής Αττικής, Ελλάδα', 'null', 'sa@s', '13341', 'Άνω Λιόσια ', '', '2021-04-15 12:31:56', NULL, '', 'null', 'null', '', '', 'null', 6, 'Ελλάδα', 23.429984, 38.0968393, 1, 'Εργοστάσιο'),
(127, 'assssa', 'Περιφερειακή Ενότητα Δυτικού Τομέα Αθηνών, Ελλάδα', 'null', 'sa@s', '10443', 'Αθήνα', '', '2021-04-12 21:32:08', NULL, '', 'null', 'null', '', '', 'null', 0, 'Ελλάδα', 23.6799766, 38.01392999999999, 0, 'Εργοστάσιο'),
(128, 'Retsina AE', 'Ρετσίνα, Πειραιάς, Ελλάδα', '12243342342', 'RETS@MAIL.COM', '18532', 'Πειραιάς', '', '2021-04-15 13:10:43', NULL, '', '-', 'AAAA', '', '', '-', 0, 'Ελλάδα', 23.6474289, 37.9519534, 1, 'Εργοστάσιο'),
(129, 'Δημοσθένους AE', 'Δημοσθένους, Καλλιθέα, Ελλάδα', 'null', 'DHM@S.COM', '18346', 'Μοσχάτο', '', '2021-04-15 13:12:32', NULL, '', '323', 'SSSS', '', '', '332', 0, 'Ελλάδα', 23.702468, 37.9507489, 0, 'Εργοστάσιο'),
(130, 'Φράγκων AE', 'Φράγκων, Θεσσαλονίκη, Ελλάδα', '3432342', 'FRAGON|@MAIL.COM', '54627', 'Θεσσαλονίκη', '', '2021-04-15 13:13:33', NULL, '', 'W', 'AAAA', '', '', 'W', 0, 'Ελλάδα', 22.9352985, 40.6384203, 0, 'Εργοστάσιο'),
(131, 'Emser AE', 'Emser Str., 12051 Berlin, Γερμανία', '32442342', 'Emser@SDD.COM', '12099', 'Berlin', '', '2021-04-15 13:14:13', NULL, '', 'null', '0*.00', '', '', '23', 0, 'Γερμανία', 13.4307539, 52.4684575, 0, 'Εργοστάσιο');

-- --------------------------------------------------------

--
-- Δομή πίνακα για τον πίνακα `internova_sellers`
--

CREATE TABLE `internova_sellers` (
  `id` bigint(20) NOT NULL,
  `name` varchar(255) DEFAULT NULL,
  `description` varchar(255) DEFAULT NULL,
  `creation_date` datetime DEFAULT NULL,
  `update_date` datetime DEFAULT NULL
) ENGINE=InnoDB DEFAULT CHARSET=utf8;

--
-- Άδειασμα δεδομένων του πίνακα `internova_sellers`
--

INSERT INTO `internova_sellers` (`id`, `name`, `description`, `creation_date`, `update_date`) VALUES
(1, 'INTERNOVA SELLER', '-', '2020-10-26 18:54:55', '2020-10-26 18:54:55'),
(2, 'INTERNOVA SELLER I', '-', '2020-10-26 18:54:55', '2020-10-26 18:54:55'),
(3, 'IV-223', '-', '2020-10-26 18:54:55', '2020-10-26 18:54:55'),
(4, 'IU-0993-23', '-', '2020-10-26 18:54:55', '2020-10-26 18:54:55'),
(5, 'SELLER-NAME', '-', '2020-11-16 14:30:08', NULL),
(6, '8UY90-SYSTEM', '-', '2020-11-16 19:58:48', '2020-11-16 21:05:57'),
(7, 'ORACLE-JDBC', '-', '2020-11-16 20:03:27', '2020-11-16 21:04:40'),
(8, 'SELLER NAME II', '-', '2020-11-16 21:06:02', NULL),
(9, 'SELLER CUSTOMMERN', '--', '2020-11-16 21:06:09', '2020-12-09 02:20:20'),
(10, '98IOO', '-', '2020-11-16 21:06:12', NULL),
(12, 'ΤΥ-ΟΠΙ-2199', '-', '2020-12-10 03:13:53', NULL),
(13, 'UYTS-098-Y3YY', '-', '2020-12-10 03:17:03', '2020-12-11 23:59:33');

-- --------------------------------------------------------

--
-- Δομή πίνακα για τον πίνακα `managers`
--

CREATE TABLE `managers` (
  `id` bigint(20) NOT NULL,
  `gender` varchar(255) DEFAULT NULL,
  `last_name` varchar(255) DEFAULT NULL,
  `first_name` varchar(255) DEFAULT NULL,
  `position` varchar(255) DEFAULT NULL,
  `telephone` varchar(255) DEFAULT NULL,
  `email` varchar(255) DEFAULT NULL,
  `system` varchar(255) DEFAULT NULL,
  `system_id` bigint(20) DEFAULT NULL,
  `creation_date` datetime DEFAULT NULL,
  `update_date` datetime DEFAULT NULL
) ENGINE=InnoDB DEFAULT CHARSET=utf8;

--
-- Άδειασμα δεδομένων του πίνακα `managers`
--

INSERT INTO `managers` (`id`, `gender`, `last_name`, `first_name`, `position`, `telephone`, `email`, `system`, `system_id`, `creation_date`, `update_date`) VALUES
(55, 'Mr', 'Καραθανασόπουλος AB', 'Μανώλης', 'Γενικός Γραμματέας', '21089324', 'mkarathanasopoulos@helloworld.com', '', 0, '2020-11-25 18:47:44', '2020-12-08 23:23:45'),
(57, 'Mrs', 'Κοστοπουλου', 'Μαρια', 'Μαρκετινγκ', '23254252', 'imauro@gmail.comw', '', 0, '2020-11-25 18:53:19', '2020-12-08 23:23:51'),
(58, 'Mrs', 'Πετρίδης', 'Κώστας', 'Γενικός Εκπόσοπος', '21314321', 'petridhs1923@oldman.com', '', 0, '2020-11-25 18:54:06', '2020-12-09 01:52:43'),
(60, 'Mrs', 'Μαρια', 'Δημοστενης', 'Διαφημιση', '21314321', 'email@gyo.com', '', 0, '2020-11-25 18:56:06', '2020-12-08 23:24:32'),
(63, 'Mr', 'Βλαχοπουλος', 'Βαγγελης', 'Διαφημιση', '21200012', 'manager1@manager.com', '', 0, '2020-11-25 22:03:22', '2020-12-08 23:24:05'),
(64, 'Mr', 'Παπαβασιλειου', 'Θανασης', 'Λογιστης', '21013232', 'manager@manager.com', '', 0, '2020-11-26 02:15:59', '2020-12-08 23:24:10'),
(65, 'Mrs', 'Μανος', 'Κωστας', 'Λογιστης', '21023232', 'manager2@manager.com', '', 0, '2020-12-02 03:20:31', '2020-12-08 23:24:18'),
(66, 'Mr', 'Μανος', 'Βασιλης', 'Λογιστης', '21032322', 'manager4@manager.com', '', 0, '2020-12-02 03:20:58', '2020-12-09 01:52:38'),
(67, 'Mr', 'Μανος', 'Γιωργος', 'Λογιστης', '2128742342', 'manager5@manager.com', '', 0, '2020-12-02 03:21:12', '2020-12-08 23:25:52'),
(68, 'Mrs', 'Τζωρτζατου', 'Γιαννα', 'Νοσοκομειο', '214334234', 'paidwn.papaspyropoulos@gmail.com', '', 0, '2020-12-08 22:55:51', '2020-12-09 02:23:18'),
(69, 'Mrs', 'csssc', 'scscsc', 'scscsc', 'cscsc', 'scs@ccs', '', 0, '2020-12-08 23:07:43', '2020-12-09 02:23:35'),
(71, 'Mr', 'Παπασιμακοπουλος', 'Γιαννης', 'Θηροτηλεφωνο', '213214234', 'manolis.papaspyropoulos@gmail.com', '', 0, '2020-12-10 03:07:06', '2020-12-11 23:48:54'),
(73, 'Mrs', 'dwdw', 'wwdw', 'dwd', 'dwdw', 'ww@www', NULL, NULL, '2020-12-11 23:51:12', NULL);

-- --------------------------------------------------------

--
-- Δομή πίνακα για τον πίνακα `managers_system`
--

CREATE TABLE `managers_system` (
  `id` bigint(20) NOT NULL,
  `manager_id` bigint(20) DEFAULT NULL,
  `system` varchar(255) DEFAULT NULL,
  `system_id` bigint(20) DEFAULT NULL,
  `creation_date` datetime DEFAULT NULL,
  `update_date` datetime DEFAULT NULL
) ENGINE=InnoDB DEFAULT CHARSET=utf8mb4;

--
-- Άδειασμα δεδομένων του πίνακα `managers_system`
--

INSERT INTO `managers_system` (`id`, `manager_id`, `system`, `system_id`, `creation_date`, `update_date`) VALUES
(9, 55, 'Πελάτες-Προμηθευτές', 24, '2020-11-26 00:00:09', NULL),
(10, 58, 'Πελάτες-Προμηθευτές', 24, '2020-11-26 00:00:42', NULL),
(11, 55, 'Αποθήκη', 25, '2020-11-26 00:00:54', NULL),
(12, 57, 'Αποθήκη', 25, '2020-11-26 00:00:57', NULL),
(13, 58, 'Αποθήκη', 25, '2020-11-26 00:01:00', NULL),
(14, 55, 'Εργοστάσιο', 22, '2020-11-26 00:01:20', NULL),
(15, 57, 'Εργοστάσιο', 22, '2020-11-26 00:01:24', NULL),
(16, 55, 'Πελάτες-Προμηθευτές', 23, '2020-11-28 05:55:59', NULL),
(17, 57, 'Πελάτες-Προμηθευτές', 23, '2020-11-28 05:56:04', NULL),
(18, 64, 'Πελάτες-Προμηθευτές', 23, '2020-11-28 05:56:09', NULL),
(19, 67, 'Πελάτες-Προμηθευτές', 40, '2020-12-28 02:08:34', NULL),
(20, 57, 'Πελάτες-Προμηθευτές', 45, '2021-03-09 19:29:49', NULL),
(21, 55, 'Πελάτες-Προμηθευτές', 46, '2021-03-10 17:51:10', NULL);

-- --------------------------------------------------------

--
-- Δομή πίνακα για τον πίνακα `measurement_unit`
--

CREATE TABLE `measurement_unit` (
  `id` bigint(200) NOT NULL,
  `title` varchar(245) DEFAULT NULL,
  `comments` varchar(245) DEFAULT NULL,
  `x_index` double DEFAULT NULL,
  `y_index` double DEFAULT NULL,
  `z_index` double DEFAULT NULL,
  `volume` double DEFAULT NULL,
  `creation_date` datetime DEFAULT NULL,
  `update_date` datetime DEFAULT NULL
) ENGINE=InnoDB DEFAULT CHARSET=utf8mb4;

--
-- Άδειασμα δεδομένων του πίνακα `measurement_unit`
--

INSERT INTO `measurement_unit` (`id`, `title`, `comments`, `x_index`, `y_index`, `z_index`, `volume`, `creation_date`, `update_date`) VALUES
(2, 'ΒΟΧ ΙΙΧV-I567-099123', 'νο κομμεντσ', 0.8, 1.67, 0.67, 8, '2020-11-26 03:50:37', '2020-12-04 04:29:19'),
(3, 'ΒΟΧ ΙΙΧV-I567-099', 'νο κομμεντσ', 4.8, 1.67, 1.67, 2, '2020-11-26 03:50:54', '2020-12-04 04:29:15'),
(5, 'ΒΟΧ ΙΙΧV-I567', '-', 1.2, 4, 1.34, 6.432, '2020-11-26 16:35:31', '2020-12-04 04:29:08'),
(8, 'ΒΟΧ ΙΙΧV-I5', '-', 8, 7, 3, 144, '2020-11-26 16:49:41', '2020-12-04 04:29:00'),
(11, 'ΒΟΧ ΙΙΧV45', '-', 2, 8, 4, 64, '2020-11-26 16:53:56', '2020-12-04 04:28:49'),
(16, 'ΒΟΧ ΙΙΧV-', '--', 1.2, 2, 0.8, 2.88, '2020-11-26 17:49:23', '2021-02-15 18:55:41'),
(17, 'ΒΟΧ ΙΙΧV2', '-', 2, 2, 4, 8, '2020-11-26 17:49:36', '2020-12-04 04:28:38'),
(18, 'ΒΟΧ ΙΙΧV', '-', 3, 3, 3, 18, '2020-11-26 17:49:54', '2020-12-04 04:28:34'),
(19, 'ΒΟΧ ΙΙΧΩ', '--', 2, 3, 2, 8, '2020-11-26 17:50:08', '2020-12-04 04:28:29'),
(20, 'ΒΟΧ ΙΙΧ', '-', 2, 3, 3, 12, '2020-11-26 17:50:33', '2020-12-12 00:01:54'),
(21, 'ΒΟΧ ΙΙ', '', 10, 7, 8, 480, '2020-11-26 17:51:10', '2020-12-09 02:20:06'),
(22, 'ΒΟΧ Ι', '', 2, 1, 3, 6, '2020-11-26 17:51:33', '2020-12-04 04:27:50'),
(23, 'FULL TRACK LOAD (FTL)', '-', 1, 1, 1, 1, '2020-12-01 21:54:26', '2020-12-12 00:00:00'),
(24, 'v', '', 0, 0, 0, 0, '2020-12-12 00:02:07', NULL);

-- --------------------------------------------------------

--
-- Δομή πίνακα για τον πίνακα `offers`
--

CREATE TABLE `offers` (
  `id` bigint(200) NOT NULL,
  `aa` bigint(200) DEFAULT NULL,
  `customer_id` bigint(200) DEFAULT NULL,
  `seller_id` bigint(200) DEFAULT NULL,
  `status` varchar(245) DEFAULT NULL,
  `offer_date` datetime DEFAULT NULL,
  `creation_date` datetime DEFAULT NULL,
  `update_date` datetime DEFAULT NULL,
  `billing_id` bigint(200) DEFAULT NULL,
  `from_address` varchar(245) DEFAULT NULL,
  `from_city` varchar(245) DEFAULT NULL,
  `from_postal_code` varchar(245) DEFAULT NULL,
  `from_region` varchar(245) DEFAULT NULL,
  `from_country` varchar(245) DEFAULT NULL,
  `from_lattitude` double DEFAULT NULL,
  `from_longtitude` double DEFAULT NULL,
  `to_address` varchar(245) DEFAULT NULL,
  `to_city` varchar(245) DEFAULT NULL,
  `to_postal_code` varchar(245) DEFAULT NULL,
  `to_region` varchar(245) DEFAULT NULL,
  `to_country` varchar(245) DEFAULT NULL,
  `to_lattitude` double DEFAULT NULL,
  `to_longtitude` double DEFAULT NULL,
  `comments` varchar(245) DEFAULT NULL,
  `factory_id` bigint(200) DEFAULT NULL,
  `warehouse_id` bigint(200) DEFAULT NULL,
  `decline_reasons` varchar(245) DEFAULT NULL
) ENGINE=InnoDB DEFAULT CHARSET=utf8;

--
-- Άδειασμα δεδομένων του πίνακα `offers`
--

INSERT INTO `offers` (`id`, `aa`, `customer_id`, `seller_id`, `status`, `offer_date`, `creation_date`, `update_date`, `billing_id`, `from_address`, `from_city`, `from_postal_code`, `from_region`, `from_country`, `from_lattitude`, `from_longtitude`, `to_address`, `to_city`, `to_postal_code`, `to_region`, `to_country`, `to_lattitude`, `to_longtitude`, `comments`, `factory_id`, `warehouse_id`, `decline_reasons`) VALUES
(47, 778, 23, 9, 'ΑΠΟΔΟΧΗ', '2021-01-05 00:00:00', '2020-12-03 19:43:03', '2021-01-05 11:39:59', 23, '', '', '', '', '', 0, 0, '', '', '', '', '', 0, 0, '', NULL, NULL, ''),
(48, 793, 21, 9, 'ΑΠΟΔΟΧΗ', '2021-01-05 00:00:00', '2020-12-03 19:50:00', '2021-01-05 11:25:23', 25, '', '', '', '', '', 0, 0, '', '', '', '', '', 0, 0, '', NULL, NULL, ''),
(49, 615, 24, 5, 'ΝΕΑ', '2020-12-03 00:00:00', '2020-12-03 19:51:26', NULL, 30, '', '', '', '', '', 0, 0, '', '', '', '', '', 0, 0, '', NULL, NULL, ''),
(50, 276, 24, 5, 'ΑΠΟΔΟΧΗ', '2021-01-05 00:00:00', '2020-12-04 04:18:48', '2021-01-05 01:47:48', 30, '', '', '', '', '', 0, 0, '', '', '', '', '', 0, 0, '', NULL, NULL, ''),
(51, 647, 24, 5, 'ΝΕΑ', '2020-12-03 00:00:00', '2020-12-03 19:56:50', NULL, 30, '', '', '', '', '', 0, 0, '', '', '', '', '', 0, 0, '', NULL, NULL, ''),
(52, 174, 5, 2, 'ΑΠΟΔΟΧΗ', '2020-12-04 00:00:00', '2020-12-04 04:18:42', NULL, 3, '', '', '', '', '', 0, 0, '', '', '', '', '', 0, 0, '', NULL, NULL, ''),
(53, 570, 23, 9, 'ΜΗ ΑΠΟΔΟΧΗ', '2020-12-04 00:00:00', '2020-12-04 04:18:08', NULL, 23, '', '', '', '', '', 0, 0, '', '', '', '', '', 0, 0, '', NULL, NULL, '---'),
(54, 919, 23, 9, 'ΝΕΑ', '2020-12-03 00:00:00', '2020-12-03 20:25:16', NULL, 23, '', '', '', '', '', 0, 0, '', '', '', '', '', 0, 0, '', NULL, NULL, ''),
(55, 363, 23, 9, 'ΑΠΟΔΟΧΗ', '2021-01-05 00:00:00', '2020-12-03 20:27:19', '2021-01-05 11:50:08', 23, '', '', '', '', '', 0, 0, '', '', '', '', '', 0, 0, '', NULL, NULL, ''),
(56, 849, 23, 9, 'ΜΗ ΑΠΟΔΟΧΗ', '2020-12-04 00:00:00', '2020-12-04 04:17:33', NULL, 23, '', '', '', '', '', 0, 0, '', '', '', '', '', 0, 0, '', NULL, NULL, '-'),
(58, 828, 23, 9, 'ΑΠΟΔΟΧΗ', '2021-01-05 00:00:00', '2020-12-03 20:33:10', '2021-01-05 11:45:25', 23, '', '', '', '', '', 0, 0, '', '', '', '', '', 0, 0, '', NULL, NULL, ''),
(59, 651, 23, 9, 'ΜΗ ΑΠΟΔΟΧΗ', '2020-12-04 00:00:00', '2020-12-04 04:17:47', NULL, 23, '', '', '', '', '', 0, 0, '', '', '', '', '', 0, 0, '', NULL, NULL, ''),
(60, 197, 20, 10, 'ΑΠΟΔΟΧΗ', '2021-01-05 00:00:00', '2020-12-04 10:19:38', '2021-01-05 05:51:08', 25, '', '', '', '', '', 0, 0, '', '', '', '', '', 0, 0, '', NULL, NULL, ''),
(61, 947, 24, 5, 'ΝΕΑ', '2020-12-06 00:00:00', '2020-12-06 05:56:16', '2020-12-06 05:56:30', 30, '', '', '', '', '', 0, 0, '', '', '', '', '', 0, 0, '', NULL, NULL, ''),
(62, 475, 24, 5, 'ΑΠΟΔΟΧΗ', '2021-01-03 00:00:00', '2020-12-06 23:16:04', '2021-01-03 05:54:08', 30, '', '', '', '', '', 0, 0, '', '', '', '', '', 0, 0, '', NULL, NULL, ''),
(63, 952, 23, 9, 'ΑΠΟΔΟΧΗ', '2021-01-03 00:00:00', '2020-12-06 23:21:30', '2021-01-03 05:53:08', 23, '', '', '', '', '', 0, 0, '', '', '', '', '', 0, 0, '', NULL, NULL, ''),
(64, 831, 23, 9, 'ΑΠΟΔΟΧΗ', '2021-01-03 00:00:00', '2020-12-07 12:53:24', '2021-01-03 05:51:34', 23, '', '', '', '', '', 0, 0, '', '', '', '', '', 0, 0, '', NULL, NULL, ''),
(67, 835, 18, 10, 'ΝΕΑ', '2021-01-05 00:00:00', '2020-12-14 00:21:37', '2021-01-05 11:35:49', 25, '', '', '', '', '', 0, 0, '', '', '', '', '', 0, 0, '', NULL, NULL, ''),
(68, 743, 18, 10, 'ΑΠΟΔΟΧΗ', '2020-12-30 00:00:00', '2020-12-14 00:22:17', '2020-12-30 23:20:02', 25, '', '', '', '', '', 0, 0, '', '', '', '', '', 0, 0, '', NULL, NULL, ''),
(69, 960, 24, 5, 'ΑΠΟΔΟΧΗ', '2021-01-05 00:00:00', '2020-12-29 15:57:52', '2021-01-05 11:33:13', 30, '', '', '', '', '', 0, 0, '', '', '', '', '', 0, 0, '', NULL, NULL, ''),
(70, 901, 24, 5, 'ΑΠΟΔΟΧΗ', '2020-12-30 00:00:00', '2020-12-29 16:24:48', '2020-12-30 23:04:23', 30, '', '', '', '', '', 0, 0, '', '', '', '', '', 0, 0, '', NULL, NULL, ''),
(71, 722, 24, 5, 'ΑΠΟΔΟΧΗ', '2020-12-30 00:00:00', '2020-12-29 16:28:40', '2020-12-30 23:18:13', 30, '', '', '', '', '', 0, 0, '', '', '', '', '', 0, 0, '', NULL, NULL, ''),
(72, 568, 39, 13, 'ΑΠΟΔΟΧΗ', '2021-01-03 00:00:00', '2020-12-30 04:24:36', '2021-01-03 05:49:49', 30, '', '', '', '', '', 0, 0, '', '', '', '', '', 0, 0, '', NULL, NULL, ''),
(73, 765, 24, 5, 'ΑΠΟΔΟΧΗ', '2020-12-30 00:00:00', '2020-12-30 09:00:19', '2020-12-30 09:00:37', 30, '', '', '', '', '', 0, 0, '', '', '', '', '', 0, 0, '', NULL, NULL, ''),
(74, 205, 24, 5, 'ΑΠΟΔΟΧΗ', '2020-12-30 00:00:00', '2020-12-30 09:14:56', '2020-12-30 09:15:05', 30, '', '', '', '', '', 0, 0, '', '', '', '', '', 0, 0, '', NULL, NULL, ''),
(75, 854, 24, 5, 'ΑΠΟΔΟΧΗ', '2020-12-30 00:00:00', '2020-12-30 09:27:09', '2020-12-30 11:47:17', 30, '', '', '', '', '', 0, 0, '', '', '', '', '', 0, 0, '', NULL, NULL, ''),
(76, 763, 24, 5, 'ΑΠΟΔΟΧΗ', '2020-12-30 00:00:00', '2020-12-30 12:00:43', NULL, 30, '', '', '', '', '', 0, 0, '', '', '', '', '', 0, 0, '', NULL, NULL, ''),
(77, 366, 24, 5, 'ΑΠΟΔΟΧΗ', '2020-12-30 00:00:00', '2020-12-30 12:02:06', '2020-12-30 16:01:06', 30, '', '', '', '', '', 0, 0, '', '', '', '', '', 0, 0, '', NULL, NULL, ''),
(78, 753, 24, 5, 'ΑΠΟΔΟΧΗ', '2020-12-30 00:00:00', '2020-12-30 12:05:20', '2020-12-30 16:40:36', 30, '', '', '', '', '', 0, 0, '', '', '', '', '', 0, 0, '', NULL, NULL, ''),
(79, 940, 24, 5, 'ΑΠΟΔΟΧΗ', '2020-12-30 00:00:00', '2020-12-30 16:42:56', '2020-12-30 16:53:22', 30, '', '', '', '', '', 0, 0, '', '', '', '', '', 0, 0, '', NULL, NULL, ''),
(80, 142, 24, 5, 'ΑΠΟΔΟΧΗ', '2020-12-30 00:00:00', '2020-12-30 16:54:04', '2020-12-30 16:55:16', 30, '', '', '', '', '', 0, 0, '', '', '', '', '', 0, 0, '', NULL, NULL, ''),
(81, 372, 24, 5, 'ΑΠΟΔΟΧΗ', '2020-12-30 00:00:00', '2020-12-30 17:01:01', '2020-12-30 20:33:12', 30, '', '', '', '', '', 0, 0, '', '', '', '', '', 0, 0, '', NULL, NULL, ''),
(82, 814, 24, 5, 'ΑΠΟΔΟΧΗ', '2020-12-30 00:00:00', '2020-12-30 17:01:21', '2020-12-30 19:44:15', 30, '', '', '', '', '', 0, 0, '', '', '', '', '', 0, 0, '', NULL, NULL, ''),
(83, 241, 17, 7, 'ΑΠΟΔΟΧΗ', '2020-12-31 00:00:00', '2020-12-30 20:39:38', '2020-12-31 22:45:05', 25, '', '', '', '', '', 0, 0, '', '', '', '', '', 0, 0, '', NULL, NULL, ''),
(84, 571, 17, 7, 'ΑΠΟΔΟΧΗ', '2020-12-30 00:00:00', '2020-12-30 20:40:26', '2020-12-30 20:53:29', 25, '', '', '', '', '', 0, 0, '', '', '', '', '', 0, 0, '', NULL, NULL, ''),
(85, 206, 42, 5, 'ΑΠΟΔΟΧΗ', '2021-02-11 00:00:00', '2020-12-30 22:23:30', '2021-02-11 02:32:33', 27, '', '', '', '', '', 0, 0, '', '', '', '', '', 0, 0, '', NULL, NULL, ''),
(86, 896, 17, 7, 'ΑΠΟΔΟΧΗ', '2020-12-30 00:00:00', '2020-12-30 22:23:39', NULL, 25, '', '', '', '', '', 0, 0, '', '', '', '', '', 0, 0, '', NULL, NULL, ''),
(87, 714, 17, 7, 'ΑΠΟΔΟΧΗ', '2021-04-07 00:00:00', '2020-12-30 22:26:31', '2021-04-07 03:14:11', 25, '', '', '', '', '', 0, 0, '', '', '', '', '', 0, 0, '', NULL, NULL, ''),
(88, 104, 17, 7, 'ΑΠΟΔΟΧΗ', '2020-12-30 00:00:00', '2020-12-30 22:28:12', NULL, 25, '', '', '', '', '', 0, 0, '', '', '', '', '', 0, 0, '', NULL, NULL, ''),
(89, 530, 17, 7, 'ΑΠΟΔΟΧΗ', '2020-12-30 00:00:00', '2020-12-30 22:28:21', NULL, 25, '', '', '', '', '', 0, 0, '', '', '', '', '', 0, 0, '', NULL, NULL, ''),
(90, 283, 17, 7, 'ΑΠΟΔΟΧΗ', '2020-12-30 00:00:00', '2020-12-30 22:29:01', '2020-12-30 22:32:12', 25, '', '', '', '', '', 0, 0, '', '', '', '', '', 0, 0, '', NULL, NULL, ''),
(91, 513, 17, 7, 'ΑΠΟΔΟΧΗ', '2020-12-30 00:00:00', '2020-12-30 22:52:06', '2020-12-30 22:52:32', 25, '', '', '', '', '', 0, 0, '', '', '', '', '', 0, 0, '', NULL, NULL, ''),
(92, 431, 17, 7, 'ΑΠΟΔΟΧΗ', '2020-12-30 00:00:00', '2020-12-30 22:52:54', '2020-12-30 23:15:59', 25, '', '', '', '', '', 0, 0, '', '', '', '', '', 0, 0, '', NULL, NULL, ''),
(93, 323, 24, 5, 'ΑΠΟΔΟΧΗ', '2021-01-02 00:00:00', '2021-01-02 04:34:38', '2021-01-02 04:34:57', 30, '', '', '', '', '', 0, 0, '', '', '', '', '', 0, 0, '', NULL, NULL, ''),
(94, 483, 24, 5, 'ΑΠΟΔΟΧΗ', '2021-01-02 00:00:00', '2021-01-02 04:35:24', '2021-01-02 04:35:46', 30, '', '', '', '', '', 0, 0, '', '', '', '', '', 0, 0, '', NULL, NULL, ''),
(95, 678, 24, 5, 'ΑΠΟΔΟΧΗ', '2021-01-05 00:00:00', '2021-01-02 04:35:59', '2021-01-05 01:37:29', 30, '', '', '', '', '', 0, 0, '', '', '', '', '', 0, 0, '', NULL, NULL, ''),
(96, 792, 24, 9, 'ΝΕΑ', '2021-01-25 00:00:00', '2021-01-25 12:05:44', NULL, 23, '', '', '', '', '', 0, 0, '', '', '', '', '', 0, 0, '', NULL, NULL, ''),
(97, 773, 24, 5, 'ΝΕΑ', '2021-01-25 00:00:00', '2021-01-25 12:40:32', NULL, 30, '', '', '', '', '', 0, 0, '', '', '', '', '', 0, 0, '', NULL, NULL, ''),
(98, 422, 24, 5, 'ΝΕΑ', '2021-01-25 00:00:00', '2021-01-25 12:44:18', NULL, 30, '', '', '', '', '', 0, 0, '', '', '', '', '', 0, 0, '', NULL, NULL, ''),
(99, 955, 5, 2, 'ΝΕΑ', '2021-01-25 00:00:00', '2021-01-25 12:47:04', '2021-01-25 12:48:57', 3, '', '', '', '', '', 0, 0, '', '', '', '', '', 0, 0, '', NULL, NULL, ''),
(100, 839, 24, 5, 'ΝΕΑ', '2021-02-11 00:00:00', '2021-01-25 15:39:00', '2021-02-11 13:09:55', 30, '', '', '', '', '', 0, 0, '', '', '', '', '', 0, 0, '', NULL, NULL, ''),
(101, 499, 43, 12, 'ΑΠΟΔΟΧΗ', '2021-01-26 00:00:00', '2021-01-26 03:08:14', '2021-01-26 03:17:06', 30, '', '', '', '', '', 0, 0, '', '', '', '', '', 0, 0, '', NULL, NULL, ''),
(102, 541, 44, 12, 'ΝΕΑ', '2021-01-26 00:00:00', '2021-01-26 17:39:49', '2021-01-26 17:44:27', 30, '', '', '', '', '', 0, 0, '', '', '', '', '', 0, 0, '', NULL, NULL, ''),
(103, 963, 44, 12, 'ΑΠΟΔΟΧΗ', '2021-02-15 00:00:00', '2021-01-26 17:52:17', '2021-02-15 14:14:54', 30, '', '', '', '', '', 0, 0, '', '', '', '', '', 0, 0, '', NULL, NULL, ''),
(104, 764, 44, 12, 'ΑΠΟΔΟΧΗ', '2021-02-04 00:00:00', '2021-01-26 20:45:19', '2021-02-04 19:06:04', 30, '', '', '', '', '', 0, 0, '', '', '', '', '', 0, 0, '', NULL, NULL, ''),
(105, 924, 44, 12, 'ΑΠΟΔΟΧΗ', '2021-02-12 00:00:00', '2021-01-26 21:07:43', '2021-02-12 21:53:44', 30, '', '', '', '', '', 0, 0, '', '', '', '', '', 0, 0, '', NULL, NULL, ''),
(106, 879, 44, 12, 'ΑΠΟΔΟΧΗ', '2021-02-04 00:00:00', '2021-01-26 21:07:55', '2021-02-04 00:22:37', 30, '', '', '', '', '', 0, 0, '', '', '', '', '', 0, 0, '', NULL, NULL, ''),
(107, 742, 45, 9, 'ΑΠΟΔΟΧΗ', '2021-02-03 00:00:00', '2021-01-26 21:16:12', '2021-02-03 22:17:38', 3, '', '', '', '', '', 0, 0, '', '', '', '', '', 0, 0, '', NULL, NULL, ''),
(108, 235, 10, 1, 'ΑΠΟΔΟΧΗ', '2021-01-26 00:00:00', '2021-01-26 21:20:00', '2021-01-26 21:57:13', 2, '', '', '', '', '', 0, 0, '', '', '', '', '', 0, 0, '', NULL, NULL, ''),
(109, 981, 42, 5, 'ΑΠΟΔΟΧΗ', '2021-03-08 00:00:00', '2021-01-26 22:22:31', '2021-03-08 03:36:35', 27, '', '', '', '', '', 0, 0, '', '', '', '', '', 0, 0, '', NULL, NULL, ''),
(110, 547, 44, 12, 'ΑΠΟΔΟΧΗ', '2021-02-11 00:00:00', '2021-01-26 22:25:39', '2021-02-11 02:21:00', 30, '', '', '', '', '', 0, 0, '', '', '', '', '', 0, 0, '', NULL, NULL, ''),
(111, 298, 46, 9, 'ΑΠΟΔΟΧΗ', '2021-03-08 00:00:00', '2021-01-26 22:25:42', '2021-03-08 04:06:17', 2, '', '', '', '', '', 0, 0, '', '', '', '', '', 0, 0, '', NULL, NULL, ''),
(112, 479, 46, 9, 'ΑΠΟΔΟΧΗ', '2021-02-07 00:00:00', '2021-02-07 21:30:40', '2021-02-07 21:30:44', 2, '', '', '', '', '', 0, 0, '', '', '', '', '', 0, 0, '', NULL, NULL, ''),
(113, 110, 22, 10, 'ΝΕΑ', '2021-03-12 00:00:00', '2021-03-12 11:28:13', NULL, 24, '', '', '', '', '', 0, 0, '', '', '', '', '', 0, 0, '', NULL, NULL, ''),
(114, 113, 41, 12, 'ΝΕΑ', '2021-03-12 00:00:00', '2021-03-12 11:34:47', NULL, 30, '', '', '', '', '', 0, 0, '', '', '', '', '', 0, 0, '', NULL, NULL, ''),
(115, 941, 7, 2, 'ΝΕΑ', '2021-03-12 00:00:00', '2021-03-12 11:36:12', NULL, 2, '', '', '', '', '', 0, 0, '', '', '', '', '', 0, 0, '', NULL, NULL, ''),
(116, 205, 8, 3, 'ΝΕΑ', '2021-03-12 00:00:00', '2021-03-12 11:36:37', NULL, 2, '', '', '', '', '', 0, 0, '', '', '', '', '', 0, 0, '', NULL, NULL, ''),
(117, 719, 8, 3, 'ΝΕΑ', '2021-03-12 00:00:00', '2021-03-12 11:37:43', NULL, 2, '', '', '', '', '', 0, 0, '', '', '', '', '', 0, 0, '', NULL, NULL, ''),
(118, 520, 7, 2, 'ΝΕΑ', '2021-03-12 00:00:00', '2021-03-12 11:41:00', NULL, 2, '', '', '', '', '', 0, 0, '', '', '', '', '', 0, 0, '', NULL, NULL, ''),
(119, 858, 20, 10, 'ΑΠΟΔΟΧΗ', '2021-04-15 00:00:00', '2021-03-12 11:41:32', '2021-04-15 13:01:42', 25, '', '', '', '', '', 0, 0, '', '', '', '', '', 0, 0, '', NULL, NULL, ''),
(120, 630, 56, 13, 'ΑΠΟΔΟΧΗ', '2021-04-09 00:00:00', '2021-04-09 17:18:39', '2021-04-09 17:18:47', 30, '', '', '', '', '', 0, 0, '', '', '', '', '', 0, 0, '', NULL, NULL, ''),
(121, 749, 22, 10, 'ΑΠΟΔΟΧΗ', '2021-04-15 00:00:00', '2021-04-15 13:04:31', '2021-04-15 13:08:14', 24, '', '', '', '', '', 0, 0, '', '', '', '', '', 0, 0, '', NULL, NULL, '');

-- --------------------------------------------------------

--
-- Δομή πίνακα για τον πίνακα `offers_schedules`
--

CREATE TABLE `offers_schedules` (
  `id` bigint(20) NOT NULL,
  `offer_id` bigint(20) DEFAULT NULL,
  `from_address` varchar(245) DEFAULT NULL,
  `from_city` varchar(245) DEFAULT NULL,
  `from_country` varchar(245) DEFAULT NULL,
  `to_address` varchar(245) DEFAULT NULL,
  `from_postal_code` varchar(245) DEFAULT NULL,
  `from_lattitude` double DEFAULT NULL,
  `from_longtitude` double DEFAULT NULL,
  `to_city` varchar(245) DEFAULT NULL,
  `to_country` varchar(245) DEFAULT NULL,
  `to_postal_code` varchar(245) DEFAULT NULL,
  `to_lattitude` double DEFAULT NULL,
  `to_longtitude` double DEFAULT NULL,
  `creation_date` datetime DEFAULT NULL,
  `update_date` datetime DEFAULT NULL,
  `type` varchar(45) DEFAULT NULL,
  `token` varchar(555) DEFAULT NULL
) ENGINE=InnoDB DEFAULT CHARSET=utf8mb4;

--
-- Άδειασμα δεδομένων του πίνακα `offers_schedules`
--

INSERT INTO `offers_schedules` (`id`, `offer_id`, `from_address`, `from_city`, `from_country`, `to_address`, `from_postal_code`, `from_lattitude`, `from_longtitude`, `to_city`, `to_country`, `to_postal_code`, `to_lattitude`, `to_longtitude`, `creation_date`, `update_date`, `type`, `token`) VALUES
(43, 49, '----', 'Budapest', 'Ουγγαρία', '----', '2342342', NULL, NULL, 'Köln', 'Γερμανία', '2342342', 2342342, NULL, '2020-12-03 19:51:26', NULL, 'Εσωτερικού', NULL),
(44, 49, '-', 'Αθήνα', 'Greece', '-', '2342342', NULL, NULL, 'Λίβερπουλ', 'Ηνωμένο Βασίλειο', '2342342', 2342342, NULL, '2020-12-03 19:51:26', NULL, 'Εσωτερικού', NULL),
(48, 51, '-', 'Χώρα Σφακίων', 'Ελλάδα', '-', '2342342', NULL, NULL, 'Φυλή', 'Ελλάδα', '2342342', 2342342, NULL, '2020-12-03 19:56:50', NULL, 'Εσωτερικού', NULL),
(53, 54, 'polu', 'polu', 'polu', 'polu', '2342342', NULL, NULL, 'polu', 'polu', '2342342', 2342342, NULL, '2020-12-03 20:25:16', NULL, 'Εσωτερικού', NULL),
(56, 57, 'ωω', 'ωω', 'ωω', 'ωω', '2342342', NULL, NULL, 'ωω', 'ωω', '2342342', 2342342, NULL, '2020-12-03 20:30:52', NULL, 'Εσωτερικού', NULL),
(608, 56, 'Hermannplatz, Berlin, Γερμανία', 'Berlin', 'Γερμανία', 'C/ Gran Vía, Madrid, Ισπανία', '2342342', NULL, NULL, 'Madrid', 'Ισπανία', '2342342', 2342342, NULL, '2020-12-04 04:17:33', NULL, 'Εσωτερικού', NULL),
(609, 56, '-', 'Αθήνα', 'Ελλάδα', '-', '2342342', NULL, NULL, 'Πάτρα', 'Ελλάδα', '2342342', 2342342, NULL, '2020-12-04 04:17:33', NULL, 'Εσωτερικού', NULL),
(610, 56, '-', 'Ξυλόκαστρο', 'Ελλάδα', '-', '2342342', NULL, NULL, 'Καλαμάτα', 'Ελλάδα', '2342342', 2342342, NULL, '2020-12-04 04:17:33', NULL, 'Εσωτερικού', NULL),
(611, 56, 'd', 'd', 'd', 'd', '2342342', NULL, NULL, 'd', 'd', '2342342', 2342342, NULL, '2020-12-04 04:17:33', NULL, 'Εσωτερικού', NULL),
(612, 56, 'Γεωρ. Παπανδρέου, Ζωγράφου, Ελλάδα', 'Ζωγράφου', 'Ελλάδα', 'Φειδιππίδου, Αθήνα, Ελλάδα', '2342342', NULL, NULL, 'Αθήνα', 'Ελλάδα', '2342342', 2342342, NULL, '2020-12-04 04:17:33', NULL, 'Εσωτερικού', NULL),
(613, 56, 'Διστόμου 34, Θεσσαλονίκη 544 53, Ελλάδα', 'Θεσσαλονίκη', 'Ελλάδα', 'Δερβενακίων 3, Αχαρνές 136 71, Ελλάδα', '2342342', NULL, NULL, 'Αχαρνές', 'Ελλάδα', '2342342', 2342342, NULL, '2020-12-04 04:17:33', NULL, 'Εσωτερικού', NULL),
(614, 56, '-', 'Πειραιάς', 'Ελλάδα', '-', '2342342', NULL, NULL, 'Θεσσαλονίκη', 'Ελλάδα', '2342342', 2342342, NULL, '2020-12-04 04:17:33', NULL, 'Εσωτερικού', NULL),
(615, 59, 'n', 'n', 'n', 'n', '2342342', NULL, NULL, 'n', 'n', '2342342', 2342342, NULL, '2020-12-04 04:17:47', NULL, 'Εσωτερικού', NULL),
(616, 59, 'this.cancelMeasureUnitEdit(row);', 'this.cancelMeasureUnitEdit(row);', 'this.cancelMeasureUnitEdit(row);', 'this.cancelMeasureUnitEdit(row);', '2342342', NULL, NULL, 'this.cancelMeasureUnitEdit(row);', 'this.cancelMeasureUnitEdit(row);', '2342342', 2342342, NULL, '2020-12-04 04:17:47', NULL, 'Εσωτερικού', NULL),
(620, 53, 'polu', 'polu', 'polu', 'polu', '2342342', NULL, NULL, 'polu', 'polu', '2342342', 2342342, NULL, '2020-12-04 04:18:08', NULL, 'Εσωτερικού', NULL),
(622, 52, '-', 'Χώρα Σφακίων', 'Ελλάδα', '-', '2342342', NULL, NULL, 'Φυλή', 'Ελλάδα', '2342342', 2342342, NULL, '2020-12-04 04:18:42', NULL, 'Εσωτερικού', NULL),
(659, 61, 'Ψαρών, Αθήνα, Ελλάδα', 'Αθήνα', 'Ελλάδα', 'Σόλωνος, Αθήνα, Ελλάδα', '2342342', NULL, NULL, 'Αθήνα', 'Ελλάδα', '2342342', 2342342, NULL, NULL, '2020-12-06 05:56:31', 'Εσωτερικού', NULL),
(660, 61, 'Ασκληπιού, Αθήνα, Ελλάδα', 'Αθήνα', 'Ελλάδα', 'Ψαρών, Αθήνα, Ελλάδα', '2342342', NULL, NULL, 'Αθήνα', 'Ελλάδα', '2342342', 2342342, NULL, NULL, '2020-12-06 05:56:31', 'Εσωτερικού', NULL),
(1841, 65, '', 'Λαμία', 'Ελλάδα', '', '', NULL, NULL, 'Βέροια', 'Ελλάδα', '', NULL, NULL, NULL, '2020-12-11 22:55:07', 'Προσφορά απο άλλους', NULL),
(1872, 66, ',Ηνωμένες Πολιτείες', '-', 'Ηνωμένες Πολιτείες', 'Βερολίνο,Γερμανία', '', NULL, NULL, 'Βερολίνο', 'Γερμανία', '', NULL, NULL, '2020-12-12 00:19:18', NULL, '', NULL),
(1983, 73, '', 'Γλυφάδα', 'Ελλάδα', '', '435', NULL, NULL, 'Αθήνα', 'Ελλάδα', '634666', NULL, NULL, NULL, '2020-12-30 09:00:37', '634666', NULL),
(1984, 73, 'Χαϊδάρι,Ελλάδα', 'Χαϊδάρι', 'Ελλάδα', 'Πισσούρι,Κύπρος', '124 62', NULL, NULL, 'Πισσούρι', 'Κύπρος', '4607', NULL, NULL, NULL, '2020-12-30 09:00:37', '4607', NULL),
(1986, 74, ',Βιετνάμ', '3r3r2', 'Βιετνάμ', 'Singapore,Σιγκαπούρη', '324', NULL, NULL, 'Singapore', 'Σιγκαπούρη', '200031', NULL, NULL, NULL, '2020-12-30 09:15:05', 'Προώθηση', NULL),
(2009, 75, '', 'Αθήνα', 'Ελλάδα', '', '', NULL, NULL, 'Αθήνα', 'Ελλάδα', '', NULL, NULL, NULL, '2020-12-30 11:47:17', 'Εισαγωγή', NULL),
(2010, 75, 'Ηράκλειο,Ελλάδα', 'Ηράκλειο', 'Ελλάδα', 'Δάφνη Αττικής,Ελλάδα', '', NULL, NULL, 'Δάφνη Αττικής', 'Ελλάδα', '342242', NULL, NULL, NULL, '2020-12-30 11:47:17', 'Εισαγωγή', NULL),
(2011, 75, 'Χαϊδάρι,Ελλάδα', 'Χαϊδάρι', 'Ελλάδα', 'Καλαμάτα,Ελλάδα', '124 61', NULL, NULL, 'Καλαμάτα', 'Ελλάδα', '241 00', NULL, NULL, NULL, '2020-12-30 11:47:17', 'Εσωτερικού', NULL),
(2012, 76, '', 'Αθήνα', 'Ελλάδα', '', '', NULL, NULL, 'Αθήνα', 'Ελλάδα', '', NULL, NULL, '2020-12-30 12:00:43', NULL, '', NULL),
(2013, 76, 'Ηράκλειο,Ελλάδα', 'Ηράκλειο', 'Ελλάδα', 'Δάφνη Αττικής,Ελλάδα', '', NULL, NULL, 'Δάφνη Αττικής', 'Ελλάδα', '342242', NULL, NULL, '2020-12-30 12:00:43', NULL, '342242', NULL),
(2014, 76, 'Χαϊδάρι,Ελλάδα', 'Χαϊδάρι', 'Ελλάδα', 'Καλαμάτα,Ελλάδα', '124 61', NULL, NULL, 'Καλαμάτα', 'Ελλάδα', '241 00', NULL, NULL, '2020-12-30 12:00:43', NULL, '241 00', NULL),
(2060, 77, '', 'Αθήνα', 'Ελλάδα', '', '', NULL, NULL, 'Αθήνα', 'Ελλάδα', '', NULL, NULL, NULL, '2020-12-30 16:01:06', '', NULL),
(2061, 77, 'Ηράκλειο,Ελλάδα', 'Ηράκλειο', 'Ελλάδα', 'Δάφνη Αττικής,Ελλάδα', '', NULL, NULL, 'Δάφνη Αττικής', 'Ελλάδα', '342242', NULL, NULL, NULL, '2020-12-30 16:01:06', '342242', NULL),
(2062, 77, 'Χαϊδάρι,Ελλάδα', 'Χαϊδάρι', 'Ελλάδα', 'Καλαμάτα,Ελλάδα', '124 61', NULL, NULL, 'Καλαμάτα', 'Ελλάδα', '241 00', NULL, NULL, NULL, '2020-12-30 16:01:06', '241 00', NULL),
(2063, 78, '', 'Αθήνα', 'Ελλάδα', '', '', NULL, NULL, 'Αθήνα', 'Ελλάδα', '', NULL, NULL, NULL, '2020-12-30 16:40:36', '', NULL),
(2064, 78, 'Ηράκλειο,Ελλάδα', 'Ηράκλειο', 'Ελλάδα', 'Δάφνη Αττικής,Ελλάδα', '', NULL, NULL, 'Δάφνη Αττικής', 'Ελλάδα', '342242', NULL, NULL, NULL, '2020-12-30 16:40:36', '342242', NULL),
(2065, 78, 'Χαϊδάρι,Ελλάδα', 'Χαϊδάρι', 'Ελλάδα', 'Καλαμάτα,Ελλάδα', '124 61', NULL, NULL, 'Καλαμάτα', 'Ελλάδα', '241 00', NULL, NULL, NULL, '2020-12-30 16:40:36', '241 00', NULL),
(2068, 79, '', 'Αθήνα', 'Greece', '', '', NULL, NULL, 'Λίβερπουλ', 'Ηνωμένο Βασίλειο', '', NULL, NULL, NULL, '2020-12-30 16:53:22', '', NULL),
(2071, 80, '', '3r3r2', 'Βιετνάμ', '', '', NULL, NULL, 'Singapore', 'Σιγκαπούρη', '', NULL, NULL, NULL, '2020-12-30 16:55:16', '', NULL),
(2080, 82, '', 'Ηράκλειο', 'Ελλάδα', '', '', NULL, NULL, 'Δάφνη Αττικής', 'Ελλάδα', '', NULL, NULL, NULL, '2020-12-30 19:44:15', 'Εισαγωγή', 'WvnKx8naEoJCxtUMmyrMtxhmocqSlO9gpZh9OmkItBR1g8Jb6X05FRQz9lWW0M/V'),
(2083, 81, '', '3r3r2', 'Βιετνάμ', '', '5664', NULL, NULL, 'Singapore', 'Σιγκαπούρη', '75476757', NULL, NULL, NULL, '2020-12-30 20:33:12', 'Δρομολόγιο', ''),
(2084, 81, 'Κηφισιά,Ελλάδα', 'Κηφισιά', 'Ελλάδα', 'Douglas,Αυστραλία', '145 64', NULL, NULL, 'Douglas', 'Αυστραλία', '4814', NULL, NULL, NULL, '2020-12-30 20:33:12', 'Εξαγωγή', ''),
(2103, 84, 'Μαρούσι,Ελλάδα', 'Μαρούσι', 'Ελλάδα', '', '', NULL, NULL, 'Singapore', 'Σιγκαπούρη', '', NULL, NULL, NULL, '2020-12-30 20:53:29', 'Εξαγωγή', 'itqd7KJ0S/w/J0F0N229vbG1Ti1EFqmnAWc7qAXToaxxn80Q8LmvjdVxDKIOhPP2'),
(2104, 84, '', '-', 'Ηνωμένες Πολιτείες', '', '213', NULL, NULL, 'Βερολίνο', 'Γερμανία', '34', NULL, NULL, NULL, '2020-12-30 20:53:29', '34', 'itqd7KJ0S/w/J0F0N229vTKer/miD9gGgAhsOCHYUdc='),
(2105, 84, 'Gurugram,Ινδία', 'Gurugram', 'Ινδία', 'Αθήνα,Ελλάδα', '213', NULL, NULL, 'Αθήνα', 'Ελλάδα', '105 62', NULL, NULL, NULL, '2020-12-30 20:53:29', '105 62', 'itqd7KJ0S/w/J0F0N229vV6M+0i46FCalGtno4SS+rZ87ryhK8GhhXML2CBnWYL4'),
(2109, 86, 'Μαρούσι,Ελλάδα', 'Μαρούσι', 'Ελλάδα', '', '', NULL, NULL, 'Singapore', 'Σιγκαπούρη', '', NULL, NULL, '2020-12-30 22:23:39', NULL, '', 'X6Rx7/QitnObJedsMKB0VYVn4qXKpAELJ0a96mCIgn6/vckBX7UMK+84UAtmhngM'),
(2110, 86, '', '-', 'Ηνωμένες Πολιτείες', '', '213', NULL, NULL, 'Βερολίνο', 'Γερμανία', '34', NULL, NULL, '2020-12-30 22:23:39', NULL, '34', 'X6Rx7/QitnObJedsMKB0VR5N/K335wYQnc4cQl98tEs='),
(2111, 86, 'Gurugram,Ινδία', 'Gurugram', 'Ινδία', 'Αθήνα,Ελλάδα', '213', NULL, NULL, 'Αθήνα', 'Ελλάδα', '105 62', NULL, NULL, '2020-12-30 22:23:39', NULL, '105 62', 'X6Rx7/QitnObJedsMKB0VaE5sXC5ubxu1mwzhTu2Kw987ryhK8GhhXML2CBnWYL4'),
(2115, 88, 'Μαρούσι,Ελλάδα', 'Μαρούσι', 'Ελλάδα', '', '', NULL, NULL, 'Singapore', 'Σιγκαπούρη', '', NULL, NULL, '2020-12-30 22:28:12', NULL, '', 'WEKM05AArwu2y4ZEbOcJ//LmOiBJVrde/GovaVOoMve/vckBX7UMK+84UAtmhngM'),
(2116, 88, '', '-', 'Ηνωμένες Πολιτείες', '', '213', NULL, NULL, 'Βερολίνο', 'Γερμανία', '34', NULL, NULL, '2020-12-30 22:28:12', NULL, '34', 'WEKM05AArwu2y4ZEbOcJ//OK6nfOa6xncwObvKS8wV8='),
(2117, 88, 'Gurugram,Ινδία', 'Gurugram', 'Ινδία', 'Αθήνα,Ελλάδα', '213', NULL, NULL, 'Αθήνα', 'Ελλάδα', '105 62', NULL, NULL, '2020-12-30 22:28:12', NULL, '105 62', 'WEKM05AArwu2y4ZEbOcJ/66ZiDVPSEZCv++CYUNHCcF87ryhK8GhhXML2CBnWYL4'),
(2118, 89, 'Μαρούσι,Ελλάδα', 'Μαρούσι', 'Ελλάδα', '', '', NULL, NULL, 'Singapore', 'Σιγκαπούρη', '', NULL, NULL, '2020-12-30 22:28:21', NULL, '', 'WEKM05AArwu2y4ZEbOcJ/3n2ozbb9HnblRCXuweTQ9S/vckBX7UMK+84UAtmhngM'),
(2119, 89, '', '-', 'Ηνωμένες Πολιτείες', '', '213', NULL, NULL, 'Βερολίνο', 'Γερμανία', '34', NULL, NULL, '2020-12-30 22:28:21', NULL, '34', 'WEKM05AArwu2y4ZEbOcJ/+6hCx3OFqq7LR5/mi6wKtk='),
(2120, 89, 'Gurugram,Ινδία', 'Gurugram', 'Ινδία', 'Αθήνα,Ελλάδα', '213', NULL, NULL, 'Αθήνα', 'Ελλάδα', '105 62', NULL, NULL, '2020-12-30 22:28:21', NULL, '105 62', 'WEKM05AArwu2y4ZEbOcJ/y+BOVt2tfJyb4B6rqyhmAJ87ryhK8GhhXML2CBnWYL4'),
(2124, 90, 'Μαρούσι,Ελλάδα', 'Μαρούσι', 'Ελλάδα', '', '', NULL, NULL, 'Singapore', 'Σιγκαπούρη', '', NULL, NULL, NULL, '2020-12-30 22:32:12', '', 'KupDaz1LsBiM47vZhlaC9MudYKmY+xMIIbxogA8Dvne/vckBX7UMK+84UAtmhngM'),
(2125, 90, '', '-', 'Ηνωμένες Πολιτείες', '', '213', NULL, NULL, 'Βερολίνο', 'Γερμανία', '34', NULL, NULL, NULL, '2020-12-30 22:32:12', '34', 'KupDaz1LsBiM47vZhlaC9JPCBYc0cQL3VFEMUMrmQOc='),
(2126, 90, 'Gurugram,Ινδία', 'Gurugram', 'Ινδία', 'Αθήνα,Ελλάδα', '213', NULL, NULL, 'Αθήνα', 'Ελλάδα', '105 62', NULL, NULL, NULL, '2020-12-30 22:32:12', '105 62', 'KupDaz1LsBiM47vZhlaC9OX8rsK2Yh9mpCnhkCmK4GB87ryhK8GhhXML2CBnWYL4'),
(2133, 91, 'Μαρούσι,Ελλάδα', 'Μαρούσι', 'Ελλάδα', '', '', NULL, NULL, 'Singapore', 'Σιγκαπούρη', '', NULL, NULL, NULL, '2020-12-30 22:52:32', '', 'la0Wie7ShipySJ7zCq6P06z/bTaxoHIhUZpRo24klHG/vckBX7UMK+84UAtmhngM'),
(2134, 91, '', '-', 'Ηνωμένες Πολιτείες', '', '213', NULL, NULL, 'Βερολίνο', 'Γερμανία', '34', NULL, NULL, NULL, '2020-12-30 22:52:32', '34', 'la0Wie7ShipySJ7zCq6P0yweOEACURjzFvs2/0gyWTE='),
(2135, 91, 'Gurugram,Ινδία', 'Gurugram', 'Ινδία', 'Αθήνα,Ελλάδα', '213', NULL, NULL, 'Αθήνα', 'Ελλάδα', '105 62', NULL, NULL, NULL, '2020-12-30 22:52:32', '105 62', 'la0Wie7ShipySJ7zCq6P0yX0vvb512+EzLvSPZqhVox87ryhK8GhhXML2CBnWYL4'),
(2147, 70, '', 'Γλυφάδα', 'Ελλάδα', '', '42242', NULL, NULL, 'Αθήνα', 'Ελλάδα', '342342', NULL, NULL, NULL, '2020-12-30 23:04:23', 'Προσφορά', ''),
(2148, 70, ',Ηνωμένο Βασίλειο', '-', 'Ηνωμένο Βασίλειο', ',Ταϊλάνδη', 'WD25 7LR', NULL, NULL, '-', 'Ταϊλάνδη', '10330', NULL, NULL, NULL, '2020-12-30 23:04:23', 'Εισαγωγή', 'null'),
(2149, 92, 'Μαρούσι,Ελλάδα', 'Μαρούσι', 'Ελλάδα', '', '', NULL, NULL, 'Singapore', 'Σιγκαπούρη', '', NULL, NULL, NULL, '2020-12-30 23:15:59', '', 'la0Wie7ShipySJ7zCq6P05jrg15PLR7GjARZKLbkBsC/vckBX7UMK+84UAtmhngM'),
(2150, 92, '', '-', 'Ηνωμένες Πολιτείες', '', '213', NULL, NULL, 'Βερολίνο', 'Γερμανία', '34', NULL, NULL, NULL, '2020-12-30 23:15:59', '34', 'la0Wie7ShipySJ7zCq6P03vdUzwniFkfGJyY8mLQHNE='),
(2151, 92, 'Gurugram,Ινδία', 'Gurugram', 'Ινδία', 'Αθήνα,Ελλάδα', '213', NULL, NULL, 'Αθήνα', 'Ελλάδα', '105 62', NULL, NULL, NULL, '2020-12-30 23:15:59', '105 62', 'la0Wie7ShipySJ7zCq6P0+qWAZxGR5TRjTlYDuecsgh87ryhK8GhhXML2CBnWYL4'),
(2152, 71, '', 'wefwefw', 'ewfwe', '', 'efwef', NULL, NULL, 'fewf', 'wfw', 'wfwefw', NULL, NULL, NULL, '2020-12-30 23:18:13', 'Προώθηση', 'null'),
(2153, 71, 'Φλώρινα,Ελλάδα', 'Φλώρινα', 'Ελλάδα', 'Hillerød,Δανία', '531 00', NULL, NULL, 'Hillerød', 'Δανία', '3400', NULL, NULL, NULL, '2020-12-30 23:18:13', 'Εξαγωγή', 'null'),
(2154, 71, 'Χώρα Σφακίων,Ελλάδα', 'Χώρα Σφακίων', 'Ελλάδα', 'Αθήνα,Ελλάδα', '', NULL, NULL, 'Αθήνα', 'Ελλάδα', '', NULL, NULL, NULL, '2020-12-30 23:18:13', 'Εσωτερικού', 'null'),
(2155, 71, 'Ντάλας,Ηνωμένες Πολιτείες', 'Ντάλας', 'Ηνωμένες Πολιτείες', 'Edmonton,Καναδάς', '231123', NULL, NULL, 'Edmonton', 'Καναδάς', 'T5T 4J2', NULL, NULL, NULL, '2020-12-30 23:18:13', 'Προώθηση', 'null'),
(2156, 71, 'Σαντιάγο ντε Κερέταρο,Μεξικό', 'Σαντιάγο ντε Κερέταρο', 'Μεξικό', 'Φρανκφούρτη,Γερμανία', 'r3r3', NULL, NULL, 'Φρανκφούρτη', 'Γερμανία', '3r3r3', NULL, NULL, NULL, '2020-12-30 23:18:13', 'Εισαγωγή', 'null'),
(2159, 68, '', 'Λαμία', 'Ελλάδα', '', '', NULL, NULL, 'Βέροια', 'Ελλάδα', '', NULL, NULL, NULL, '2020-12-30 23:20:02', 'Δρομολόγιο', 'null'),
(2160, 68, '', 'Μαϊάμι', 'Ηνωμένες Πολιτείες', '', '', NULL, NULL, 'Ελάτη', 'Ελλάδα', '', NULL, NULL, NULL, '2020-12-30 23:20:02', 'Εισαγωγή', 'null'),
(2161, 83, '', '3r3r2', 'Βιετνάμ', '', '', NULL, NULL, 'Singapore', 'Σιγκαπούρη', '', NULL, NULL, NULL, '2020-12-31 22:45:05', '', 'v+0mQrW55xxkSorPjy/IIIzYbXua2/fxA/aFWpHhZy5xn80Q8LmvjdVxDKIOhPP2'),
(2162, 83, '', '-', 'Ηνωμένες Πολιτείες', '', '213', NULL, NULL, 'Βερολίνο', 'Γερμανία', '34', NULL, NULL, NULL, '2020-12-31 22:45:06', '34', 'v+0mQrW55xxkSorPjy/IIAgsrRcOW2z0XFMzIPtKVjU='),
(2163, 83, 'Gurugram,Ινδία', 'Gurugram', 'Ινδία', 'Αθήνα,Ελλάδα', '213', NULL, NULL, 'Αθήνα', 'Ελλάδα', '105 62', NULL, NULL, NULL, '2020-12-31 22:45:06', '105 62', 'v+0mQrW55xxkSorPjy/IIOEMx4iN+bN8ObpXpmU46Sp87ryhK8GhhXML2CBnWYL4'),
(2165, 93, '', 'Αθήνα', 'Greece', '', '', NULL, NULL, 'Λίβερπουλ', 'Ηνωμένο Βασίλειο', '', NULL, NULL, NULL, '2021-01-02 04:34:57', '', 'Ucg9lK98Qn1DhH7mAKNhvNs/EHrV9kOPyasPMBuV4pf7KH4weMN2Y0/1HoF2LbIr'),
(2168, 94, '', 'Αθήνα', 'Greece', '', '', NULL, NULL, 'Λίβερπουλ', 'Ηνωμένο Βασίλειο', '', NULL, NULL, NULL, '2021-01-02 04:35:46', '', '3AwOkOcMpkc0X9PBCZ3qUvUin0aeucCY2azDiLJWv2D7KH4weMN2Y0/1HoF2LbIr'),
(2171, 72, 'Edmonton,Καναδάς', 'Edmonton', 'Καναδάς', 'Αθήνα,Ελλάδα', '45365645', NULL, NULL, 'Αθήνα', 'Ελλάδα', '45365645', NULL, NULL, NULL, '2021-01-03 05:49:49', 'Εισαγωγή', 'null'),
(2174, 64, 'Βάρνα,Βουλγαρία', 'Βάρνα', 'Βουλγαρία', 'Θεσσαλονίκη,Ελλάδα', '345345345', NULL, NULL, 'Θεσσαλονίκη', 'Ελλάδα', '345353543', NULL, NULL, NULL, '2021-01-03 05:51:34', 'Εξαγωγή', 'null'),
(2175, 63, 'Ζιλίνα,Σλοβακία', 'Ζιλίνα', 'Σλοβακία', 'Κόνιτσα,Ελλάδα', '243423', NULL, NULL, 'Κόνιτσα', 'Ελλάδα', '441 00', NULL, NULL, NULL, '2021-01-03 05:53:08', 'Εισαγωγή', 'null'),
(2178, 62, '', 'Γλυφάδα', 'Ελλάδα', '', '8866', NULL, NULL, 'Αθήνα', 'Ελλάδα', 'τρηρτηρ', NULL, NULL, NULL, '2021-01-03 05:54:08', 'Εσωτερικού', 'null'),
(2182, 95, '', 'Αθήνα', 'Greece', '', '3123123', NULL, NULL, 'Λίβερπουλ', 'Ηνωμένο Βασίλειο', '1231231', NULL, NULL, NULL, '2021-01-05 01:37:29', 'Εισαγωγή', '3AwOkOcMpkc0X9PBCZ3qUvv5pS6EXn2jP009ZfuXYJn7KH4weMN2Y0/1HoF2LbIr'),
(2183, 50, '-', 'Μαϊάμι', 'Ηνωμένες Πολιτείες', '-', '2342342', NULL, NULL, 'Ελάτη', 'Ελλάδα', '2342342', NULL, NULL, NULL, '2021-01-05 01:47:48', 'Εσωτερικού', 'null'),
(2184, 50, 'Distelweg, 1031 Amsterdam, Ολλανδία', 'Amsterdam', 'Ολλανδία', 'Zapallal, Puente Piedra 15122, Περού', '2342342', NULL, NULL, 'Puente Piedra', 'Περού', '2342342', NULL, NULL, NULL, '2021-01-05 01:47:48', 'Εσωτερικού', 'null'),
(2185, 50, '-', 'Σμύρνη', 'Τουρκία', '-', '2342342', NULL, NULL, 'Δράμα', 'Ελλάδα', '2342342', NULL, NULL, NULL, '2021-01-05 01:47:48', 'Εσωτερικού', 'null'),
(2194, 60, '', 'Αθήνα', 'Ελλάδα', '', '2342342', NULL, NULL, 'Πάτρα', 'Ελλάδα', '2342342', NULL, NULL, NULL, '2021-01-05 05:51:08', 'Εσωτερικού', 'null'),
(2195, 60, '', 'Αθήνα', 'Ελλάδα', '', '2342342', NULL, NULL, 'Πάτρα', 'Ελλάδα', '2342342', NULL, NULL, NULL, '2021-01-05 05:51:08', 'Εσωτερικού', 'null'),
(2196, 60, 'Αργυροκάστρου 3, Ζωγράφου 157 73, Ελλάδα', 'Ζωγράφου', 'Ελλάδα', 'Πεντέλης 3, Αθήνα 105 57, Ελλάδα', '2342342', NULL, NULL, 'Αθήνα', 'Ελλάδα', '2342342', NULL, NULL, NULL, '2021-01-05 05:51:08', 'Εσωτερικού', 'null'),
(2197, 60, 'Αργυροκάστρου 3, Ζωγράφου 157 73, Ελλάδα', 'Ζωγράφου', 'Ελλάδα', 'Πεντέλης 3, Αθήνα 105 57, Ελλάδα', '2342342', NULL, NULL, 'Αθήνα', 'Ελλάδα', '2342342', NULL, NULL, NULL, '2021-01-05 05:51:08', 'Εσωτερικού', 'null'),
(2198, 60, 'Αργυροκάστρου 3, Ζωγράφου 157 73, Ελλάδα', 'Ζωγράφου', 'Ελλάδα', 'Πεντέλης 3, Αθήνα 105 57, Ελλάδα', '2342342', NULL, NULL, 'Αθήνα', 'Ελλάδα', '2342342', NULL, NULL, NULL, '2021-01-05 05:51:08', 'Εσωτερικού', 'null'),
(2199, 60, 'Αργυροκάστρου 3, Ζωγράφου 157 73, Ελλάδα', 'Ζωγράφου', 'Ελλάδα', 'Πεντέλης 3, Αθήνα 105 57, Ελλάδα', '2342342', NULL, NULL, 'Αθήνα', 'Ελλάδα', '2342342', NULL, NULL, NULL, '2021-01-05 05:51:08', 'Εσωτερικού', 'null'),
(2200, 60, 'Calz. Vallejo, Santa Rosa, Ciudad de México, CDMX, Μεξικό', 'Ciudad de México', 'Μεξικό', 'Vũ Tông Phan, Khương Đình, Thanh Xuân, Hà Nội, Βιετνάμ', '2342342', NULL, NULL, '', 'Βιετνάμ', '2342342', NULL, NULL, NULL, '2021-01-05 05:51:08', 'Εσωτερικού', 'null'),
(2201, 60, 'Calz. Vallejo, Santa Rosa, Ciudad de México, CDMX, Μεξικό', 'Ciudad de México', 'Μεξικό', 'Vũ Tông Phan, Khương Đình, Thanh Xuân, Hà Nội, Βιετνάμ', '2342342', NULL, NULL, '', 'Βιετνάμ', '2342342', NULL, NULL, NULL, '2021-01-05 05:51:08', 'Εσωτερικού', 'null'),
(2203, 48, '-', 'Ουάσινγκτον', 'Ηνωμένες Πολιτείες', '-', '2342342', NULL, NULL, 'Cupertino', 'Ηνωμένες Πολιτείες', '2342342', NULL, NULL, NULL, '2021-01-05 11:25:23', 'Εσωτερικού', 'null'),
(2204, 69, '', 'χχχ', 'χχχ', '', 'χχ', NULL, NULL, 'χχ', 'χχ', 'χχχ', NULL, NULL, NULL, '2021-01-05 11:33:13', 'χχχ', 'null'),
(2213, 67, '', 'Λαμία', 'Ελλάδα', '', '', NULL, NULL, 'Βέροια', 'Ελλάδα', '', NULL, NULL, NULL, '2021-01-05 11:35:49', '', 'null'),
(2214, 67, '', 'Πειραιάς', 'Ελλάδα', '', '', NULL, NULL, 'Θεσσαλονίκη', 'Ελλάδα', '', NULL, NULL, NULL, '2021-01-05 11:35:49', 'Δρομολόγιο', 'null'),
(2216, 47, '-', 'Ουάσινγκτον', 'Ηνωμένες Πολιτείες', '-', '2342342', NULL, NULL, 'Cupertino', 'Ηνωμένες Πολιτείες', '2342342', NULL, NULL, NULL, '2021-01-05 11:39:59', 'Εσωτερικού', 'null'),
(2217, 58, '92', '92', '92', '92', '2342342', NULL, NULL, '92', '92', '2342342', NULL, NULL, NULL, '2021-01-05 11:45:25', 'Εσωτερικού', 'null'),
(2218, 55, '20', '20', '20', '20', '2342342', NULL, NULL, '20', '20', '2342342', NULL, NULL, NULL, '2021-01-05 11:50:08', 'Εσωτερικού', 'null'),
(2219, 96, 'Pune,Ινδία', 'Pune', 'Ινδία', ',Ηνωμένο Βασίλειο', '233523', NULL, NULL, 'wqeq', 'Ηνωμένο Βασίλειο', 'WF6 1TN', NULL, NULL, '2021-01-25 12:05:44', NULL, 'WF6 1TN', 'sXilXBUV7xmnMC4eSaAjWCbWjGsRjceGzmviBEbg52JIcP5RW4qHw8sZztCzv87M'),
(2220, 97, 'Αθήνα,Ελλάδα', 'Αθήνα', 'Ελλάδα', 'Ζαχάρω,Ελλάδα', '23423', NULL, NULL, 'Ζαχάρω', 'Ελλάδα', '270 54', NULL, NULL, '2021-01-25 12:40:32', NULL, '270 54', 'CYtLY/cxqg0bbR9DxkYcHbs3eq6pxxLveMtzHeGMulP7KH4weMN2Y0/1HoF2LbIr'),
(2221, 98, 'Αθήνα,Ελλάδα', 'Αθήνα', 'Ελλάδα', 'Χαλάνδρι,Ελλάδα', '12312', NULL, NULL, 'Χαλάνδρι', 'Ελλάδα', '4242', NULL, NULL, '2021-01-25 12:44:18', NULL, '4242', '6m70ZS9lqO3hLxVcao1u1ARNengKvq0dMAfjulGDnjT7KH4weMN2Y0/1HoF2LbIr'),
(2224, 99, 'Karachi,Πακιστάν', 'Karachi', 'Πακιστάν', 'Ζαχάρω,Ελλάδα', '4234242', NULL, NULL, 'Ζαχάρω', 'Ελλάδα', '270 54', NULL, NULL, NULL, '2021-01-25 12:48:57', '270 54', 'aqqt37rSMFgGH7taoDBdRVyfUHfKkOxE/5bftOmtSmPth7ZGboYhv00LGnOfpIah'),
(2232, 101, '', 'Αθήνα', 'Greece', '', '', NULL, NULL, 'Λίβερπουλ', 'Ηνωμένο Βασίλειο', '', NULL, NULL, NULL, '2021-01-26 03:17:06', '', 'WKrXfvIoqNYFiGuWuIGlGG359MJu4vdZwz/59rxpNEP7KH4weMN2Y0/1HoF2LbIr'),
(2233, 101, '', 'Αθήνα', 'Ελλάδα', '', '', NULL, NULL, 'Βιέννη', 'Αυστρία', '', NULL, NULL, NULL, '2021-01-26 03:17:06', 'Δρομολόγιο', ''),
(2240, 102, '', 'Αχαρνές', 'Ελλάδα', '', '', NULL, NULL, 'Αχαρνές', 'Ελλάδα', '', NULL, NULL, NULL, '2021-01-26 17:44:27', 'Εξαγωγή', ''),
(2241, 102, '', 'Αχαρνές', 'Ελλάδα', '', '', NULL, NULL, 'Πειραιάς', 'Ελλάδα', '', NULL, NULL, NULL, '2021-01-26 17:44:27', 'Εισαγωγή', ''),
(2242, 102, '', 'Πειραιάς', 'Ελλάδα', '', '', NULL, NULL, 'Αμπελόκηποι-Μενεμένη', 'Ελλάδα', '', NULL, NULL, NULL, '2021-01-26 17:44:27', 'Εισαγωγή', ''),
(2267, 108, '', 'Θεσσαλονίκη', 'Ελλάδα', '', '54250', NULL, NULL, 'Πειραιάς', 'Ελλάδα', '18533', NULL, NULL, NULL, '2021-01-26 21:57:13', 'Εισαγωγή', 'kOHnoluWjpUe9gapQgrttZl02LpHtrk29L1pAZAkFsTlHV2PG5YQAV7/z6VwpbsAzJvtBd7tQ9Uok7CPmvDhsw=='),
(2268, 108, '', 'Πειραιάς', 'Ελλάδα', '', '18533', NULL, NULL, 'Κερατσίνι', 'Ελλάδα', '18756', NULL, NULL, NULL, '2021-01-26 21:57:13', 'Εισαγωγή', ''),
(2269, 108, '', 'Πειραιάς', 'Ελλάδα', '', '18544', NULL, NULL, 'Θεσσαλονίκη', 'Ελλάδα', '54250', NULL, NULL, NULL, '2021-01-26 21:57:13', 'Εισαγωγή', ''),
(2458, 107, '', 'Βιέννη', 'Αυστρία', '', '1010', NULL, NULL, 'Πειραιάς', 'Ελλάδα', '18533', NULL, NULL, NULL, '2021-02-03 22:17:38', 'Ενδ/σο σημείο', ''),
(2459, 107, '', 'Κερατσίνι', 'Ελλάδα', '', '18756', NULL, NULL, 'Πειραιάς', 'Ελλάδα', '18533', NULL, NULL, NULL, '2021-02-03 22:17:38', 'Ενδ/σο σημείο', ''),
(2460, 107, '', 'Πειραιάς', 'Ελλάδα', '', '18533', NULL, NULL, 'Πειραιάς', 'Ελλάδα', '18533', NULL, NULL, NULL, '2021-02-03 22:17:38', 'Εσωτερικού', ''),
(2461, 107, '', 'Πειραιάς', 'Ελλάδα', '', '18533', NULL, NULL, 'Πειραιάς', 'Ελλάδα', '18533', NULL, NULL, NULL, '2021-02-03 22:17:38', 'Εισαγωγή', ''),
(2462, 107, '', 'Περιστέρι', 'Ελλάδα', '', '12137', NULL, NULL, 'Κερατσίνι', 'Ελλάδα', '18756', NULL, NULL, NULL, '2021-02-03 22:17:38', 'Ενδ/σο σημείο', '5AMU0LqwflFLBBM8ou0qAfO964h/nJMI6b3FIexBM1LFjvNBhBXGJTx76jcEhG2m'),
(2463, 106, '', 'Κερατσίνι', 'Ελλάδα', '', '18756', NULL, NULL, 'Πειραιάς', 'Ελλάδα', '18533', NULL, NULL, NULL, '2021-02-04 00:22:37', 'Ενδ/σο σημείο', ''),
(2464, 106, '', 'Χαϊδάρι', 'Ελλάδα', '', '12462', NULL, NULL, 'Πειραιάς', 'Ελλάδα', '18544', NULL, NULL, NULL, '2021-02-04 00:22:37', 'Ενδ/σο σημείο', 'I/FEjbff6JGlEpn2vTsgO85IIn+Rs0I1MDCAFfzSppQvwN3/6JY/Xh3DibsC2xNj'),
(2487, 104, '', 'Πειραιάς', 'Ελλάδα', '', '18537', NULL, NULL, 'Πειραιάς', 'Ελλάδα', '18537', NULL, NULL, NULL, '2021-02-04 19:06:04', 'Ενδ/σο σημείο', ''),
(2488, 104, '', 'Αθήνα', 'Greece', '', '', NULL, NULL, 'Λίβερπουλ', 'Ηνωμένο Βασίλειο', '', NULL, NULL, NULL, '2021-02-04 19:06:04', 'Προσφορά απο άλλους', ''),
(2489, 104, '', 'Πειραιάς', 'Ελλάδα', '', '18533', NULL, NULL, 'Πειραιάς', 'Ελλάδα', '18537', NULL, NULL, NULL, '2021-02-04 19:06:04', 'Ενδ/σο σημείο', ''),
(2490, 104, '', 'Πειραιάς', 'Ελλάδα', '', '18533', NULL, NULL, 'Πειραιάς', 'Ελλάδα', '18537', NULL, NULL, NULL, '2021-02-04 19:06:04', 'Ενδ/σο σημείο', ''),
(2491, 104, '', 'Πειραιάς', 'Ελλάδα', '', '18537', NULL, NULL, 'Πειραιάς', 'Ελλάδα', '18537', NULL, NULL, NULL, '2021-02-04 19:06:04', 'Ενδ/σο σημείο', 'VTzHsP4zCWP1gBxIVSGJiEZWIExMK3cWCGSmfBFGQPbFjvNBhBXGJTx76jcEhG2m'),
(2492, 104, '', 'Περιστέρι', 'Ελλάδα', '', '12137', NULL, NULL, 'Πειραιάς', 'Ελλάδα', '18544', NULL, NULL, NULL, '2021-02-04 19:06:04', 'Ενδ/σο σημείο', ''),
(2493, 104, '', 'Περιστέρι', 'Ελλάδα', '', '12137', NULL, NULL, 'Πειραιάς', 'Ελλάδα', '18544', NULL, NULL, NULL, '2021-02-04 19:06:04', 'Ενδ/σο σημείο', ''),
(2494, 104, 'Χώρα Σφακίων,Ελλάδα', 'Χώρα Σφακίων', 'Ελλάδα', 'Αθήνα,Ελλάδα', '', NULL, NULL, 'Αθήνα', 'Ελλάδα', '', NULL, NULL, NULL, '2021-02-04 19:06:04', 'Προσφορά απο άλλους', ''),
(2507, 112, '', 'Άνω Λιόσια', 'Ελλάδα', '', '13341', NULL, NULL, 'Δήμος Αγίων Αναργύρων-Καματερού', 'Ελλάδα', '13451', NULL, NULL, NULL, '2021-02-07 21:30:44', 'Ενδ/σο σημείο', 'pL95wXkTuzt1+e1wDnFOn1io5FyASS+yWBoFJ1wuOEZLwbvd/2ccv57kM6Rq3Ti4'),
(2508, 112, '', 'Πειραιάς', 'Ελλάδα', '', '18533', NULL, NULL, 'Ξυλόκαστρο Ευρωστίνη', 'Ελλάδα', '20400', NULL, NULL, NULL, '2021-02-07 21:30:44', 'Ενδ/σο σημείο', 'pL95wXkTuzt1+e1wDnFOn2zohFahkekFuTY1e5YNhvaKo7lDbEusUTNPjAMqstb0'),
(2514, 110, '', 'Κερατσίνι', 'Ελλάδα', '', '18756', NULL, NULL, 'Πειραιάς', 'Ελλάδα', '18533', NULL, NULL, NULL, '2021-02-11 02:21:00', 'Ενδ/σο σημείο', ''),
(2515, 110, '', 'Πειραιάς', 'Ελλάδα', '', '18533', NULL, NULL, 'Κερατσίνι', 'Ελλάδα', '18756', NULL, NULL, NULL, '2021-02-11 02:21:00', 'Ενδ/σο σημείο', ''),
(2516, 110, '', 'Άγιοι Ανάργυροι', 'Ελλάδα', '', '13562', NULL, NULL, 'Πειραιάς', 'Ελλάδα', '18533', NULL, NULL, NULL, '2021-02-11 02:21:00', 'Ενδ/σο σημείο', ''),
(2517, 110, '', 'Πειραιάς', 'Ελλάδα', '', '18533', NULL, NULL, 'Ξυλόκαστρο Ευρωστίνη', 'Ελλάδα', '20400', NULL, NULL, NULL, '2021-02-11 02:21:00', 'Ενδ/σο σημείο', ''),
(2518, 110, '', 'Άνω Λιόσια ', 'Ελλάδα', '', '13341', NULL, NULL, 'Άγιοι Ανάργυροι ', 'Ελλάδα', '13562', NULL, NULL, NULL, '2021-02-11 02:21:00', 'Ενδ/σο σημείο', 'T2exNlA4riiAMTtDW2BMzXznXN55qWrOEA/AddpwOOhQGQVzzZNOZLjQgIFuhBxbSHD+UVuKh8PLGc7Qs7/OzA=='),
(2519, 85, 'Μαρούσι,Ελλάδα', 'Μαρούσι', 'Ελλάδα', '', '', NULL, NULL, 'Singapore', 'Σιγκαπούρη', '', NULL, NULL, NULL, '2021-02-11 02:32:33', 'Ενδ/σο σημείο', ''),
(2520, 85, '', '-', 'Ηνωμένες Πολιτείες', '', '213', NULL, NULL, 'Βερολίνο', 'Γερμανία', '34', NULL, NULL, NULL, '2021-02-11 02:32:33', 'Ενδ/σο σημείο', ''),
(2521, 85, 'Gurugram,Ινδία', 'Gurugram', 'Ινδία', 'Αθήνα,Ελλάδα', '213', NULL, NULL, 'Αθήνα', 'Ελλάδα', '105 62', NULL, NULL, NULL, '2021-02-11 02:32:33', 'Ενδ/σο σημείο', ''),
(2522, 85, '', 'Λαμία', 'Ελλάδα', '', '', NULL, NULL, 'Βέροια', 'Ελλάδα', '', NULL, NULL, NULL, '2021-02-11 02:32:33', 'Ενδ/σο σημείο', ''),
(2523, 85, '', 'Περιστέρι', 'Ελλάδα', '', '12137', NULL, NULL, 'Κερατσίνι', 'Ελλάδα', '18756', NULL, NULL, NULL, '2021-02-11 02:32:33', 'Ενδ/σο σημείο', ''),
(2524, 85, '', 'Άνω Λιόσια ', 'Ελλάδα', '', '13341', NULL, NULL, 'Άγιοι Ανάργυροι ', 'Ελλάδα', '13562', NULL, NULL, NULL, '2021-02-11 02:32:33', 'Ενδ/σο σημείο', ''),
(2525, 85, '', 'Άνω Λιόσια ', 'Ελλάδα', '', '13341', NULL, NULL, 'Άγιοι Ανάργυροι ', 'Ελλάδα', '13562', NULL, NULL, NULL, '2021-02-11 02:32:33', 'Ενδ/σο σημείο', ''),
(2526, 85, '', 'Άνω Λιόσια ', 'Ελλάδα', '', '13341', NULL, NULL, 'Άγιοι Ανάργυροι ', 'Ελλάδα', '13562', NULL, NULL, NULL, '2021-02-11 02:32:33', 'Ενδ/σο σημείο', ''),
(2527, 85, '', 'Άνω Λιόσια ', 'Ελλάδα', '', '13341', NULL, NULL, 'Άγιοι Ανάργυροι ', 'Ελλάδα', '13562', NULL, NULL, NULL, '2021-02-11 02:32:33', 'Ενδ/σο σημείο', ''),
(2528, 85, '', 'Πειραιάς', 'Ελλάδα', '', '18533', NULL, NULL, 'Ξυλόκαστρο Ευρωστίνη', 'Ελλάδα', '20400', NULL, NULL, NULL, '2021-02-11 02:32:33', 'Ενδ/σο σημείο', ''),
(2529, 85, '', 'Άνω Λιόσια ', 'Ελλάδα', '', '13341', NULL, NULL, 'Άνω Λιόσια ', 'Ελλάδα', '13341', NULL, NULL, NULL, '2021-02-11 02:32:33', 'Ενδ/σο σημείο', ''),
(2530, 85, '', 'Πειραιάς', 'Ελλάδα', '', '18533', NULL, NULL, 'Ξυλόκαστρο Ευρωστίνη', 'Ελλάδα', '20400', NULL, NULL, NULL, '2021-02-11 02:32:33', 'Δρομολόγιο', ''),
(2531, 85, '', 'Άνω Λιόσια ', 'Ελλάδα', '', '13341', NULL, NULL, 'Άνω Λιόσια ', 'Ελλάδα', '13341', NULL, NULL, NULL, '2021-02-11 02:32:33', 'Ενδ/σο σημείο', 'IwOpUOCUHj4FP9I8rnVBCxbRqt/NqsZFdsG5K2vheURQGQVzzZNOZLjQgIFuhBxbSHD+UVuKh8PLGc7Qs7/OzA=='),
(2532, 100, '', 'Χαϊδάρι', 'Ελλάδα', '', '12461', NULL, NULL, 'Greater London', 'Ηνωμένο Βασίλειο', 'SE15 6LD', NULL, NULL, NULL, '2021-02-11 13:09:55', 'Ενδ/σο σημείο', ''),
(2533, 100, '', '9677', 'Πολιτείες', '', '18533', NULL, NULL, 'Πειραιάς', 'Ελλάδα', '18533', NULL, NULL, NULL, '2021-02-11 13:09:55', 'Ενδ/σο σημείο', ''),
(2535, 105, '', 'Θεσσαλονίκη', 'Ελλάδα', '', '54248', NULL, NULL, 'Πειραιάς', 'Ελλάδα', '18544', NULL, NULL, NULL, '2021-02-12 21:53:44', '18544', 'I/FEjbff6JGlEpn2vTsgO4Jy/puQ5hmsv3O8XmHs0ssvwN3/6JY/Xh3DibsC2xNj'),
(2538, 103, '', 'Πειραιάς', 'Ελλάδα', '', '18533', NULL, NULL, 'Ξυλόκαστρο Ευρωστίνη', 'Ελλάδα', '20400', NULL, NULL, NULL, '2021-02-15 14:14:54', 'Ενδ/σο σημείο', 'ZkzfZZ1ElMpdAJGy66u1JsDwo2j2JnbNQk+JIX4cenyltN4R3cuX2Kc6lw9Mpsoh'),
(2541, 109, '', 'Άνω Λιόσια ', 'Ελλάδα', '', '13341', NULL, NULL, 'Άνω Λιόσια ', 'Ελλάδα', '13341', NULL, NULL, NULL, '2021-03-08 03:36:35', 'Ενδ/σο σημείο', 'IwOpUOCUHj4FP9I8rnVBCxbRqt/NqsZFdsG5K2vheURQGQVzzZNOZLjQgIFuhBxbSHD+UVuKh8PLGc7Qs7/OzA=='),
(2546, 111, '', 'Σφακιά', 'Ελλάδα', '', '73011', NULL, NULL, 'Φυλή', 'Ελλάδα', '13351', NULL, NULL, NULL, '2021-03-08 04:06:17', 'Δρομολόγιο', ''),
(2547, 111, '', 'Ξυλόκαστρο Ευρωστίνη', 'Ελλάδα', '', '20400', NULL, NULL, 'Ξυλόκαστρο Ευρωστίνη', 'Ελλάδα', '20400', NULL, NULL, NULL, '2021-03-08 04:06:17', 'Ενδ/σο σημείο', ''),
(2551, 87, 'Μαρούσι,Ελλάδα', 'Μαρούσι', 'Ελλάδα', '', '', NULL, NULL, 'Singapore', 'Σιγκαπούρη', '', NULL, NULL, NULL, '2021-04-07 03:14:11', 'Ενδ/σο σημείο', '9kZpaqDwuqCw2rjSTAvdarulfzu+7d83S8w75f3KdTy/vckBX7UMK+84UAtmhngM'),
(2552, 87, '', '-', 'Ηνωμένες Πολιτείες', '', '213', NULL, NULL, 'Βερολίνο', 'Γερμανία', '34', NULL, NULL, NULL, '2021-04-07 03:14:11', 'Ενδ/σο σημείο', '9kZpaqDwuqCw2rjSTAvdao6Avfs3boCIiSBpcLTl+Zk='),
(2553, 87, 'Gurugram,Ινδία', 'Gurugram', 'Ινδία', 'Αθήνα,Ελλάδα', '213', NULL, NULL, 'Αθήνα', 'Ελλάδα', '105 62', NULL, NULL, NULL, '2021-04-07 03:14:11', 'Ενδ/σο σημείο', '9kZpaqDwuqCw2rjSTAvdal5K6C4l83MD7R66keMYuz987ryhK8GhhXML2CBnWYL4'),
(2555, 120, 'Κηφισιά,Ελλάδα', 'Κηφισιά', 'Ελλάδα', 'Αγία Παρασκευή,Ελλάδα', '145 64', NULL, NULL, 'Αγία Παρασκευή', 'Ελλάδα', '153 43', NULL, NULL, NULL, '2021-04-09 17:18:47', 'Ενδ/σο σημείο', 'rgFiL8trZDF20RfC0EKVt3MONNpSGxb/0pTMa299jue32uaIEfzRggyxpm6yDLEo'),
(2565, 119, '', 'Κηφισιά', 'Ελλάδα', '', '145 64', NULL, NULL, 'Αγία Παρασκευή', 'Ελλάδα', '153 43', NULL, NULL, NULL, '2021-04-15 13:01:42', 'Ενδ/σο σημείο', ''),
(2566, 119, '', 'Άνω Λιόσια ', 'Ελλάδα', '', '13341', NULL, NULL, 'Άνω Λιόσια ', 'Ελλάδα', '13341', NULL, NULL, NULL, '2021-04-15 13:01:42', 'Δρομολόγιο', ''),
(2569, 121, 'Πειραιάς,Ελλάδα', 'Πειραιάς', 'Ελλάδα', 'Berlin,Γερμανία', '18532', NULL, NULL, 'Berlin', 'Γερμανία', '12099', NULL, NULL, NULL, '2021-04-15 13:08:14', 'Ενδ/σο σημείο', 'uK2KSxZaLRJRJ7Yg2V2X4jnFoo5cT8k4P1IrS87jjkH8hltg4o3Vez4IZnJcO7b5y9U7+O7uZnfG5dxVJwVSAg==');

-- --------------------------------------------------------

--
-- Δομή πίνακα για τον πίνακα `offer_schedule_between_waypoints`
--

CREATE TABLE `offer_schedule_between_waypoints` (
  `id` bigint(100) NOT NULL,
  `offer_id` bigint(100) DEFAULT NULL,
  `offer_schedule_id` bigint(100) DEFAULT NULL,
  `nested_schedule_indicator` int(11) DEFAULT 0,
  `address` varchar(255) DEFAULT NULL,
  `city` varchar(255) DEFAULT NULL,
  `country` varchar(255) DEFAULT NULL,
  `postal_code` varchar(255) DEFAULT NULL,
  `creation_date` datetime DEFAULT NULL,
  `update_date` datetime DEFAULT NULL
) ENGINE=InnoDB DEFAULT CHARSET=utf8mb4;

--
-- Άδειασμα δεδομένων του πίνακα `offer_schedule_between_waypoints`
--

INSERT INTO `offer_schedule_between_waypoints` (`id`, `offer_id`, `offer_schedule_id`, `nested_schedule_indicator`, `address`, `city`, `country`, `postal_code`, `creation_date`, `update_date`) VALUES
(81, 73, 1983, 0, NULL, 'Hillerød', 'Δανία', '3400', '2020-12-30 09:00:37', NULL),
(82, 73, 1983, 0, NULL, 'Edwards', 'Ηνωμένες Πολιτείες', '81632', '2020-12-30 09:00:37', NULL),
(83, 73, 1984, 0, NULL, 'Αθήνα', 'Ελλάδα', '32425', '2020-12-30 09:00:37', NULL),
(84, 73, 1984, 0, NULL, 'Γλυφάδα', 'Ελλάδα', '235634', '2020-12-30 09:00:37', NULL),
(85, 73, 1984, 0, NULL, 'Θεσσαλονίκη', 'Ελλάδα', '235252', '2020-12-30 09:00:37', NULL),
(86, 73, 1984, 0, NULL, 'Riverside', 'Ηνωμένες Πολιτείες', '92503', '2020-12-30 09:00:37', NULL),
(87, 73, 1984, 0, NULL, 'Αθήνα', 'Ελλάδα', '2341352335', '2020-12-30 09:00:37', NULL),
(89, 74, 1986, 0, NULL, '-', 'Ινδονησία', '15810', '2020-12-30 09:15:05', NULL),
(172, 75, 2009, 0, NULL, 'Γλυφάδα', 'Ελλάδα', '165 62', '2020-12-30 11:47:17', NULL),
(173, 75, 2009, 0, NULL, 'Κερατσίνι', 'Ελλάδα', '187 57', '2020-12-30 11:47:17', NULL),
(174, 75, 2009, 0, NULL, 'Πειραιάς', 'Ελλάδα', '', '2020-12-30 11:47:17', NULL),
(175, 75, 2010, 0, NULL, 'Σταυρούπολη', 'Ελλάδα', '', '2020-12-30 11:47:17', NULL),
(176, 75, 2010, 0, NULL, 'Αθήνα', 'Ελλάδα', '117 43', '2020-12-30 11:47:17', NULL),
(177, 75, 2010, 0, NULL, 'Ίλιον', 'Ελλάδα', '131 23', '2020-12-30 11:47:17', NULL),
(178, 75, 2010, 0, NULL, 'Χαλάνδρι', 'Ελλάδα', '43422', '2020-12-30 11:47:17', NULL),
(179, 75, 2010, 0, NULL, 'Χολαργός', 'Ελλάδα', '155 62', '2020-12-30 11:47:17', NULL),
(180, 75, 2011, 0, NULL, 'Καλλιθέα', 'Ελλάδα', '43242', '2020-12-30 11:47:17', NULL),
(181, 76, 2012, 0, NULL, 'Γλυφάδα', 'Ελλάδα', '165 62', '2020-12-30 12:00:43', NULL),
(182, 76, 2012, 0, NULL, 'Κερατσίνι', 'Ελλάδα', '187 57', '2020-12-30 12:00:43', NULL),
(183, 76, 2012, 0, NULL, 'Πειραιάς', 'Ελλάδα', '', '2020-12-30 12:00:43', NULL),
(184, 76, 2013, 0, NULL, 'Σταυρούπολη', 'Ελλάδα', '', '2020-12-30 12:00:43', NULL),
(185, 76, 2013, 0, NULL, 'Αθήνα', 'Ελλάδα', '117 43', '2020-12-30 12:00:43', NULL),
(186, 76, 2013, 0, NULL, 'Ίλιον', 'Ελλάδα', '131 23', '2020-12-30 12:00:43', NULL),
(187, 76, 2013, 0, NULL, 'Χαλάνδρι', 'Ελλάδα', '43422', '2020-12-30 12:00:43', NULL),
(188, 76, 2013, 0, NULL, 'Χολαργός', 'Ελλάδα', '155 62', '2020-12-30 12:00:43', NULL),
(189, 76, 2014, 0, NULL, 'Καλλιθέα', 'Ελλάδα', '43242', '2020-12-30 12:00:43', NULL),
(325, 77, 2060, 0, NULL, 'Γλυφάδα', 'Ελλάδα', '165 62', '2020-12-30 16:01:06', NULL),
(326, 77, 2060, 0, NULL, 'Κερατσίνι', 'Ελλάδα', '187 57', '2020-12-30 16:01:06', NULL),
(327, 77, 2060, 0, NULL, 'Πειραιάς', 'Ελλάδα', '', '2020-12-30 16:01:06', NULL),
(328, 77, 2061, 0, NULL, 'Σταυρούπολη', 'Ελλάδα', '', '2020-12-30 16:01:06', NULL),
(329, 77, 2061, 0, NULL, 'Αθήνα', 'Ελλάδα', '117 43', '2020-12-30 16:01:06', NULL),
(330, 77, 2061, 0, NULL, 'Ίλιον', 'Ελλάδα', '131 23', '2020-12-30 16:01:06', NULL),
(331, 77, 2061, 0, NULL, 'Χαλάνδρι', 'Ελλάδα', '43422', '2020-12-30 16:01:06', NULL),
(332, 77, 2061, 0, NULL, 'Χολαργός', 'Ελλάδα', '155 62', '2020-12-30 16:01:06', NULL),
(333, 77, 2062, 0, NULL, 'Καλλιθέα', 'Ελλάδα', '43242', '2020-12-30 16:01:06', NULL),
(334, 78, 2063, 0, NULL, 'Γλυφάδα', 'Ελλάδα', '165 62', '2020-12-30 16:40:36', NULL),
(335, 78, 2063, 0, NULL, 'Κερατσίνι', 'Ελλάδα', '187 57', '2020-12-30 16:40:36', NULL),
(336, 78, 2063, 0, NULL, 'Πειραιάς', 'Ελλάδα', '', '2020-12-30 16:40:36', NULL),
(337, 78, 2064, 0, NULL, 'Σταυρούπολη', 'Ελλάδα', '', '2020-12-30 16:40:36', NULL),
(338, 78, 2064, 0, NULL, 'Αθήνα', 'Ελλάδα', '117 43', '2020-12-30 16:40:36', NULL),
(339, 78, 2064, 0, NULL, 'Ίλιον', 'Ελλάδα', '131 23', '2020-12-30 16:40:36', NULL),
(340, 78, 2064, 0, NULL, 'Χαλάνδρι', 'Ελλάδα', '43422', '2020-12-30 16:40:36', NULL),
(341, 78, 2064, 0, NULL, 'Χολαργός', 'Ελλάδα', '155 62', '2020-12-30 16:40:36', NULL),
(342, 78, 2065, 0, NULL, 'Καλλιθέα', 'Ελλάδα', '43242', '2020-12-30 16:40:36', NULL),
(345, 82, 2080, 0, NULL, '3', 'Βιετνάμ', '2', '2020-12-30 19:44:15', NULL),
(349, 81, 2083, 0, NULL, 'Μεταμόρφωση', 'Ελλάδα', '144 51', '2020-12-30 20:33:12', NULL),
(350, 81, 2084, 0, NULL, 'Πειραιάς', 'Ελλάδα', '-', '2020-12-30 20:33:12', NULL),
(351, 81, 2084, 0, NULL, 'Πειραιάς', 'Ελλάδα', '4', '2020-12-30 20:33:12', NULL),
(382, 84, 2103, 0, NULL, 'Θεσσαλονίκη', 'Ελλάδα', '546 33', '2020-12-30 20:53:29', NULL),
(383, 84, 2104, 0, NULL, 'Γλυφάδα', 'Ελλάδα', '165 62', '2020-12-30 20:53:29', NULL),
(384, 84, 2105, 0, NULL, 'Αθήνα', 'Ελλάδα', '21344132', '2020-12-30 20:53:29', NULL),
(385, 84, 2105, 0, NULL, 'Πειραιάς', 'Ελλάδα', '432423', '2020-12-30 20:53:29', NULL),
(386, 84, 2105, 0, NULL, 'Πειραιάς', 'Ελλάδα', '1321231', '2020-12-30 20:53:29', NULL),
(392, 86, 2109, 0, NULL, 'Θεσσαλονίκη', 'Ελλάδα', '546 33', '2020-12-30 22:23:39', NULL),
(393, 86, 2110, 0, NULL, 'Γλυφάδα', 'Ελλάδα', '165 62', '2020-12-30 22:23:39', NULL),
(394, 86, 2111, 0, NULL, 'Αθήνα', 'Ελλάδα', '21344132', '2020-12-30 22:23:39', NULL),
(395, 86, 2111, 0, NULL, 'Πειραιάς', 'Ελλάδα', '432423', '2020-12-30 22:23:39', NULL),
(396, 86, 2111, 0, NULL, 'Πειραιάς', 'Ελλάδα', '1321231', '2020-12-30 22:23:39', NULL),
(402, 88, 2115, 0, NULL, 'Θεσσαλονίκη', 'Ελλάδα', '546 33', '2020-12-30 22:28:12', NULL),
(403, 88, 2116, 0, NULL, 'Γλυφάδα', 'Ελλάδα', '165 62', '2020-12-30 22:28:12', NULL),
(404, 88, 2117, 0, NULL, 'Αθήνα', 'Ελλάδα', '21344132', '2020-12-30 22:28:12', NULL),
(405, 88, 2117, 0, NULL, 'Πειραιάς', 'Ελλάδα', '432423', '2020-12-30 22:28:12', NULL),
(406, 88, 2117, 0, NULL, 'Πειραιάς', 'Ελλάδα', '1321231', '2020-12-30 22:28:12', NULL),
(407, 89, 2118, 0, NULL, 'Θεσσαλονίκη', 'Ελλάδα', '546 33', '2020-12-30 22:28:21', NULL),
(408, 89, 2119, 0, NULL, 'Γλυφάδα', 'Ελλάδα', '165 62', '2020-12-30 22:28:21', NULL),
(409, 89, 2120, 0, NULL, 'Αθήνα', 'Ελλάδα', '21344132', '2020-12-30 22:28:21', NULL),
(410, 89, 2120, 0, NULL, 'Πειραιάς', 'Ελλάδα', '432423', '2020-12-30 22:28:21', NULL),
(411, 89, 2120, 0, NULL, 'Πειραιάς', 'Ελλάδα', '1321231', '2020-12-30 22:28:21', NULL),
(417, 90, 2124, 0, NULL, 'Θεσσαλονίκη', 'Ελλάδα', '546 33', '2020-12-30 22:32:12', NULL),
(418, 90, 2125, 0, NULL, 'Γλυφάδα', 'Ελλάδα', '165 62', '2020-12-30 22:32:12', NULL),
(419, 90, 2126, 0, NULL, 'Αθήνα', 'Ελλάδα', '21344132', '2020-12-30 22:32:12', NULL),
(420, 90, 2126, 0, NULL, 'Πειραιάς', 'Ελλάδα', '432423', '2020-12-30 22:32:12', NULL),
(421, 90, 2126, 0, NULL, 'Πειραιάς', 'Ελλάδα', '1321231', '2020-12-30 22:32:12', NULL),
(432, 91, 2133, 0, NULL, 'Θεσσαλονίκη', 'Ελλάδα', '546 33', '2020-12-30 22:52:32', NULL),
(433, 91, 2134, 0, NULL, 'Γλυφάδα', 'Ελλάδα', '165 62', '2020-12-30 22:52:32', NULL),
(434, 91, 2135, 0, NULL, 'Αθήνα', 'Ελλάδα', '21344132', '2020-12-30 22:52:32', NULL),
(435, 91, 2135, 0, NULL, 'Πειραιάς', 'Ελλάδα', '432423', '2020-12-30 22:52:32', NULL),
(436, 91, 2135, 0, NULL, 'Πειραιάς', 'Ελλάδα', '1321231', '2020-12-30 22:52:32', NULL),
(464, 70, 2147, 0, NULL, 'Αθήνα', 'Ελλάδα', '21331', '2020-12-30 23:04:23', NULL),
(465, 70, 2147, 0, NULL, 'Μαρούσι', 'Ελλάδα', '342', '2020-12-30 23:04:23', NULL),
(466, 70, 2147, 0, NULL, 'Ρόδος', 'Ελλάδα', '851 00', '2020-12-30 23:04:23', NULL),
(467, 70, 2148, 0, NULL, 'Αθήνα', 'Ελλάδα', '3242', '2020-12-30 23:04:23', NULL),
(468, 70, 2148, 0, NULL, 'Περιστέρι', 'Ελλάδα', '4324', '2020-12-30 23:04:23', NULL),
(469, 70, 2148, 0, NULL, 'Ρωμανός', 'Ελλάδα', '265 00', '2020-12-30 23:04:23', NULL),
(470, 70, 2148, 0, NULL, 'Αθήνα', 'Ελλάδα', '106 74', '2020-12-30 23:04:23', NULL),
(471, 70, 2148, 0, NULL, 'Γλυφάδα', 'Ελλάδα', '165 62', '2020-12-30 23:04:23', NULL),
(472, 70, 2148, 0, NULL, 'Αθήνα', 'Ελλάδα', '453', '2020-12-30 23:04:23', NULL),
(473, 70, 2148, 0, NULL, 'Νέα Ιωνία', 'Ελλάδα', '23543534', '2020-12-30 23:04:23', NULL),
(474, 70, 2148, 0, NULL, 'Νέα Ιωνία', 'Ελλάδα', '189 00', '2020-12-30 23:04:23', NULL),
(475, 70, 2148, 0, NULL, 'Ίλιον', 'Ελλάδα', '23423', '2020-12-30 23:04:23', NULL),
(476, 92, 2149, 0, NULL, 'Θεσσαλονίκη', 'Ελλάδα', '546 33', '2020-12-30 23:15:59', NULL),
(477, 92, 2150, 0, NULL, 'Γλυφάδα', 'Ελλάδα', '165 62', '2020-12-30 23:15:59', NULL),
(478, 92, 2151, 0, NULL, 'Αθήνα', 'Ελλάδα', '21344132', '2020-12-30 23:16:00', NULL),
(479, 92, 2151, 0, NULL, 'Πειραιάς', 'Ελλάδα', '432423', '2020-12-30 23:16:00', NULL),
(480, 92, 2151, 0, NULL, 'Πειραιάς', 'Ελλάδα', '1321231', '2020-12-30 23:16:00', NULL),
(481, 71, 2152, 0, NULL, 'Αθήνα', 'Ελλάδα', '745637', '2020-12-30 23:18:13', NULL),
(482, 71, 2152, 0, NULL, 'Αθήνα', 'Ελλάδα', '23114', '2020-12-30 23:18:13', NULL),
(483, 71, 2152, 0, NULL, 'Γλαφυρά', 'Ελλάδα', '385 00', '2020-12-30 23:18:13', NULL),
(484, 71, 2153, 0, NULL, '324', 'Βιετνάμ', '24234', '2020-12-30 23:18:13', NULL),
(485, 71, 2155, 0, NULL, 'Riyadh', 'Σαουδική Αραβία', '11564', '2020-12-30 23:18:13', NULL),
(486, 71, 2155, 0, NULL, 'Mumbai', 'Ινδία', '3424243', '2020-12-30 23:18:13', NULL),
(487, 71, 2155, 0, NULL, 'Budapest', 'Ουγγαρία', '1087', '2020-12-30 23:18:13', NULL),
(488, 71, 2155, 0, NULL, 'Nuuk', 'Γροιλανδία', '3905', '2020-12-30 23:18:13', NULL),
(489, 71, 2156, 0, NULL, 'Tultepec', 'Μεξικό', '54960', '2020-12-30 23:18:13', NULL),
(490, 71, 2156, 0, NULL, 'Alappuzha', 'Ινδία', '-', '2020-12-30 23:18:13', NULL),
(491, 71, 2156, 0, NULL, 'Warszawa', 'Πολωνία', '-', '2020-12-30 23:18:13', NULL),
(492, 68, 2159, 0, NULL, 'Εύοσμος', 'Ελλάδα', '562 24', '2020-12-30 23:20:02', NULL),
(493, 68, 2159, 0, NULL, 'Περιστέρι', 'Ελλάδα', '121 36', '2020-12-30 23:20:02', NULL),
(494, 68, 2159, 0, NULL, 'Ρέθυμνο', 'Ελλάδα', '21314', '2020-12-30 23:20:02', NULL),
(495, 68, 2159, 0, NULL, 'Χαλάνδρι', 'Ελλάδα', '321452345', '2020-12-30 23:20:02', NULL),
(496, 68, 2160, 0, NULL, 'Αθήνα', 'Ελλάδα', '423424', '2020-12-30 23:20:02', NULL),
(497, 83, 2161, 0, NULL, 'Θεσσαλονίκη', 'Ελλάδα', '546 33', '2020-12-31 22:45:06', NULL),
(498, 83, 2162, 0, NULL, 'Γλυφάδα', 'Ελλάδα', '165 62', '2020-12-31 22:45:06', NULL),
(499, 83, 2163, 0, NULL, 'Αθήνα', 'Ελλάδα', '21344132', '2020-12-31 22:45:06', NULL),
(500, 83, 2163, 0, NULL, 'Πειραιάς', 'Ελλάδα', '432423', '2020-12-31 22:45:06', NULL),
(501, 83, 2163, 0, NULL, 'Πειραιάς', 'Ελλάδα', '1321231', '2020-12-31 22:45:06', NULL),
(507, 72, 2171, 0, NULL, 'New York', 'Ηνωμένες Πολιτείες', '-', '2021-01-03 05:49:49', NULL),
(508, 72, 2171, 0, NULL, 'Πειραιάς', 'Ελλάδα', '185 32', '2021-01-03 05:49:49', NULL),
(509, 72, 2171, 0, NULL, 'Αθήνα', 'Ελλάδα', '115 26', '2021-01-03 05:49:49', NULL),
(510, 72, 2171, 0, NULL, 'Βόλος', 'Ελλάδα', '354353', '2021-01-03 05:49:49', NULL),
(511, 72, 2171, 0, NULL, 'Θεσσαλονίκη', 'Ελλάδα', '546 36', '2021-01-03 05:49:49', NULL),
(518, 64, 2174, 0, NULL, 'Χαλάνδρι', 'Ελλάδα', '3242342342', '2021-01-03 05:51:34', NULL),
(519, 64, 2174, 0, NULL, 'Γλαφυρά', 'Ελλάδα', '385 00', '2021-01-03 05:51:34', NULL),
(520, 64, 2174, 0, NULL, 'Αθήνα', 'Ελλάδα', '324234', '2021-01-03 05:51:34', NULL),
(521, 63, 2175, 0, NULL, 'Αθήνα', 'Ελλάδα', '54353453', '2021-01-03 05:53:08', NULL),
(523, 62, 2178, 0, NULL, 'Αθήνα', 'Ελλάδα', '4353', '2021-01-03 05:54:08', NULL),
(524, 95, 2182, 0, NULL, 'Χαλάνδρι', 'Ελλάδα', '152 34', '2021-01-05 01:37:29', NULL),
(525, 95, 2182, 0, NULL, 'Αθήνα', 'Ελλάδα', '106 82', '2021-01-05 01:37:29', NULL),
(526, 60, 2194, 0, NULL, 'Περιστέρι', 'Ελλάδα', '3242342', '2021-01-05 05:51:08', NULL),
(527, 60, 2194, 0, NULL, 'Χαλάνδρι', 'Ελλάδα', '13231231', '2021-01-05 05:51:08', NULL),
(528, 60, 2194, 0, NULL, 'Καλαμαριά', 'Ελλάδα', '551 32', '2021-01-05 05:51:08', NULL),
(529, 60, 2194, 0, NULL, 'Γλυφάδα', 'Ελλάδα', '165 62', '2021-01-05 05:51:08', NULL),
(530, 96, 2219, 0, NULL, 'Sonipat', 'Ινδία', '4322', '2021-01-25 12:05:44', NULL),
(531, 96, 2219, 0, NULL, 'Amarillo', 'Ηνωμένες Πολιτείες', '1231', '2021-01-25 12:05:44', NULL),
(534, 99, 2224, 0, NULL, 'Αθήνα', 'Ελλάδα', '324234232', '2021-01-25 12:48:57', NULL),
(539, 102, 2240, 0, NULL, '-', '-', '-', '2021-01-26 17:44:27', NULL),
(540, 102, 2241, 0, NULL, 'Στρόβολος', 'Κύπρος', '12122', '2021-01-26 17:44:27', NULL),
(541, 102, 2242, 0, NULL, 'Αχαρνές', 'Ελλάδα', '136 72', '2021-01-26 17:44:27', NULL),
(588, 108, 2267, 0, NULL, 'Κερατσίνι', 'Ελλάδα', '18756', '2021-01-26 21:57:13', NULL),
(589, 108, 2267, 0, NULL, 'Πειραιάς', 'Ελλάδα', '18544', '2021-01-26 21:57:13', NULL),
(590, 108, 2268, 0, NULL, 'Περιστέρι', 'Ελλάδα', '12137', '2021-01-26 21:57:13', NULL),
(591, 108, 2269, 0, NULL, 'Κερατσίνι', 'Ελλάδα', '18756', '2021-01-26 21:57:13', NULL),
(592, 108, 2269, 0, NULL, 'Πειραιάς', 'Ελλάδα', '18544', '2021-01-26 21:57:13', NULL),
(593, 108, 2269, 0, NULL, 'Θεσσαλονίκη', 'Ελλάδα', '54250', '2021-01-26 21:57:13', NULL),
(594, 108, 2269, 0, NULL, 'Πειραιάς', 'Ελλάδα', '18544', '2021-01-26 21:57:13', NULL),
(595, 108, 2269, 0, NULL, 'Περιστέρι', 'Ελλάδα', '12137', '2021-01-26 21:57:13', NULL),
(984, 107, 2458, 1, NULL, 'Ξυλόκαστρο Ευρωστίνη', 'Ελλάδα', '20400', '2021-02-03 22:17:38', NULL),
(985, 107, 2459, 1, NULL, 'Δήμος Κορινθίων', 'Ελλάδα', '20100', '2021-02-03 22:17:38', NULL),
(986, 107, 2459, 1, NULL, 'Νεμέα', 'Ελλάδα', '20500', '2021-02-03 22:17:38', NULL),
(987, 107, 2462, 0, NULL, 'Πειραιάς', 'Ελλάδα', '18544', '2021-02-03 22:17:38', NULL),
(988, 106, 2463, 0, NULL, 'Πειραιάς', 'Ελλάδα', '18531', '2021-02-04 00:22:37', NULL),
(989, 106, 2463, 0, NULL, 'Κερατσίνι-Δραπετσώνα', 'Ελλάδα', '18755', '2021-02-04 00:22:37', NULL),
(990, 106, 2464, 0, NULL, 'Θεσσαλονίκη', 'Ελλάδα', '54250', '2021-02-04 00:22:37', NULL),
(991, 106, 2464, 0, NULL, 'Δήμος', 'Ελλάδα', '20100', '2021-02-04 00:22:37', NULL),
(1029, 104, 2487, 0, NULL, 'Θεσσαλονίκη', 'Ελλάδα', '54250', '2021-02-04 19:06:04', NULL),
(1030, 104, 2489, 0, NULL, 'Αχαρνές', 'Ελλάδα', '13677', '2021-02-04 19:06:04', NULL),
(1031, 104, 2490, 0, NULL, 'Αχαρνές', 'Ελλάδα', '13677', '2021-02-04 19:06:04', NULL),
(1032, 104, 2490, 0, NULL, 'Θεσσαλονίκη', 'Ελλάδα', '54622', '2021-02-04 19:06:04', NULL),
(1033, 104, 2491, 0, NULL, 'Θεσσαλονίκη', 'Ελλάδα', '54250', '2021-02-04 19:06:04', NULL),
(1034, 104, 2492, 0, NULL, 'Πειραιάς', 'Ελλάδα', '18533', '2021-02-04 19:06:04', NULL),
(1035, 104, 2492, 0, NULL, 'Θεσσαλονίκη', 'Ελλάδα', '54250', '2021-02-04 19:06:04', NULL),
(1036, 104, 2492, 0, NULL, 'Περιστέρι', 'Ελλάδα', '12137 ', '2021-02-04 19:06:04', NULL),
(1037, 104, 2492, 0, NULL, 'Άνω', 'Ελλάδα', '13341', '2021-02-04 19:06:04', NULL),
(1038, 104, 2492, 0, NULL, 'Πειραιάς', 'Ελλάδα', '18533', '2021-02-04 19:06:04', NULL),
(1039, 104, 2492, 0, NULL, 'Πειραιάς', 'Ελλάδα', '18544', '2021-02-04 19:06:04', NULL),
(1040, 104, 2492, 0, NULL, 'Πειραιάς', 'Ελλάδα', '18535', '2021-02-04 19:06:04', NULL),
(1041, 104, 2493, 0, NULL, 'Πειραιάς', 'Ελλάδα', '18533', '2021-02-04 19:06:04', NULL),
(1042, 104, 2493, 0, NULL, 'Θεσσαλονίκη', 'Ελλάδα', '54250', '2021-02-04 19:06:04', NULL),
(1043, 104, 2493, 0, NULL, 'Περιστέρι', 'Ελλάδα', '12137 ', '2021-02-04 19:06:04', NULL),
(1044, 104, 2493, 0, NULL, 'Άνω', 'Ελλάδα', '13341', '2021-02-04 19:06:04', NULL),
(1045, 104, 2493, 0, NULL, 'Πειραιάς', 'Ελλάδα', '18533', '2021-02-04 19:06:04', NULL),
(1046, 104, 2493, 0, NULL, 'Πειραιάς', 'Ελλάδα', '18544', '2021-02-04 19:06:04', NULL),
(1047, 104, 2493, 0, NULL, 'Πειραιάς', 'Ελλάδα', '18535', '2021-02-04 19:06:04', NULL),
(1057, 112, 2507, 0, NULL, 'Αθήνα', 'Ελλάδα', '10443', '2021-02-07 21:30:44', NULL),
(1058, 112, 2508, 0, NULL, 'Κερατσίνι', 'Ελλάδα', '18756', '2021-02-07 21:30:44', NULL),
(1068, 110, 2514, 0, NULL, 'Πειραιάς', 'Ελλάδα', '18533', '2021-02-11 02:21:00', NULL),
(1069, 110, 2514, 0, NULL, 'Ξυλόκαστρο Ευρωστίνη', 'Ελλάδα', '20400', '2021-02-11 02:21:00', NULL),
(1070, 110, 2515, 0, NULL, 'Δήμος Κορινθίων', 'Ελλάδα', '20100', '2021-02-11 02:21:00', NULL),
(1071, 110, 2516, 0, NULL, 'Κερατσίνι', 'Ελλάδα', '18756', '2021-02-11 02:21:00', NULL),
(1072, 110, 2516, 0, NULL, 'Χαϊδάρι', 'Ελλάδα', '12461', '2021-02-11 02:21:00', NULL),
(1073, 110, 2517, 1, NULL, 'Δήμος Κορινθίων', 'Ελλάδα', '20100', '2021-02-11 02:21:00', NULL),
(1074, 110, 2517, 0, NULL, 'Κερατσίνι', 'Ελλάδα', '18756', '2021-02-11 02:21:00', NULL),
(1075, 110, 2517, 0, NULL, 'Χαϊδάρι', 'Ελλάδα', '12461', '2021-02-11 02:21:00', NULL),
(1076, 110, 2518, 0, NULL, 'Άνω Λιόσια ', 'Ελλάδα', '13341', '2021-02-11 02:21:00', NULL),
(1077, 85, 2519, 0, NULL, 'Θεσσαλονίκη', 'Ελλάδα', '546 33', '2021-02-11 02:32:33', NULL),
(1078, 85, 2520, 0, NULL, 'Γλυφάδα', 'Ελλάδα', '165 62', '2021-02-11 02:32:33', NULL),
(1079, 85, 2521, 0, NULL, 'Αθήνα', 'Ελλάδα', '21344132', '2021-02-11 02:32:33', NULL),
(1080, 85, 2521, 0, NULL, 'Πειραιάς', 'Ελλάδα', '432423', '2021-02-11 02:32:33', NULL),
(1081, 85, 2521, 0, NULL, 'Πειραιάς', 'Ελλάδα', '1321231', '2021-02-11 02:32:33', NULL),
(1082, 85, 2522, 0, NULL, 'Εύοσμος', 'Ελλάδα', '562 24', '2021-02-11 02:32:33', NULL),
(1083, 85, 2522, 0, NULL, 'Περιστέρι', 'Ελλάδα', '121 36', '2021-02-11 02:32:33', NULL),
(1084, 85, 2522, 0, NULL, 'Ρέθυμνο', 'Ελλάδα', '21314', '2021-02-11 02:32:33', NULL),
(1085, 85, 2522, 0, NULL, 'Χαλάνδρι', 'Ελλάδα', '321452345', '2021-02-11 02:32:33', NULL),
(1086, 85, 2523, 0, NULL, 'Πειραιάς', 'Ελλάδα', '18544', '2021-02-11 02:32:33', NULL),
(1087, 85, 2524, 0, NULL, 'Άνω Λιόσια ', 'Ελλάδα', '13341', '2021-02-11 02:32:33', NULL),
(1088, 85, 2525, 0, NULL, 'Άνω Λιόσια ', 'Ελλάδα', '13341', '2021-02-11 02:32:33', NULL),
(1089, 85, 2526, 0, NULL, 'Άνω Λιόσια ', 'Ελλάδα', '13341', '2021-02-11 02:32:33', NULL),
(1090, 85, 2527, 0, NULL, 'Άνω Λιόσια ', 'Ελλάδα', '13341', '2021-02-11 02:32:33', NULL),
(1091, 85, 2528, 1, NULL, 'Δήμος Κορινθίων', 'Ελλάδα', '20100', '2021-02-11 02:32:33', NULL),
(1092, 85, 2528, 0, NULL, 'Κερατσίνι', 'Ελλάδα', '18756', '2021-02-11 02:32:33', NULL),
(1093, 85, 2528, 0, NULL, 'Χαϊδάρι', 'Ελλάδα', '12461', '2021-02-11 02:32:33', NULL),
(1094, 85, 2529, 0, NULL, 'Άνω Λιόσια ', 'Ελλάδα', '13341', '2021-02-11 02:32:33', NULL),
(1095, 85, 2531, 0, NULL, 'Άνω Λιόσια ', 'Ελλάδα', '13341', '2021-02-11 02:32:33', NULL),
(1096, 100, 2532, 0, NULL, 'Πειραιάς', 'Ελλάδα', '18533', '2021-02-11 13:09:55', NULL),
(1097, 100, 2533, 0, NULL, '23e23e', '3e2', '23e23e', '2021-02-11 13:09:55', NULL),
(1098, 103, 2538, 0, NULL, 'Δήμος Κορινθίων', 'Ελλάδα', '20100', '2021-02-15 14:14:54', NULL),
(1099, 109, 2541, 0, NULL, 'Άνω Λιόσια ', 'Ελλάδα', '13341', '2021-03-08 03:36:35', NULL),
(1105, 87, 2551, 0, NULL, 'Θεσσαλονίκη', 'Ελλάδα', '546 33', '2021-04-07 03:14:11', NULL),
(1106, 87, 2552, 0, NULL, 'Γλυφάδα', 'Ελλάδα', '165 62', '2021-04-07 03:14:11', NULL),
(1107, 87, 2553, 0, NULL, 'Αθήνα', 'Ελλάδα', '21344132', '2021-04-07 03:14:11', NULL),
(1108, 87, 2553, 0, NULL, 'Πειραιάς', 'Ελλάδα', '432423', '2021-04-07 03:14:11', NULL),
(1109, 87, 2553, 0, NULL, 'Πειραιάς', 'Ελλάδα', '1321231', '2021-04-07 03:14:11', NULL),
(1111, 120, 2555, 0, NULL, 'Γλυφάδα', 'Ελλάδα', '165 62', '2021-04-09 17:18:47', NULL),
(1116, 119, 2565, 0, NULL, 'ঢাকা', 'Μπανγκλαντές', '1205', '2021-04-15 13:01:42', NULL),
(1117, 119, 2565, 1, NULL, 'Cerritos', 'Ηνωμένες Πολιτείες', '90703', '2021-04-15 13:01:42', NULL),
(1120, 121, 2569, 0, NULL, 'Μοσχάτο', 'Ελλάδα', '18346', '2021-04-15 13:08:14', NULL),
(1121, 121, 2569, 1, NULL, 'Θεσσαλονίκη', 'Ελλάδα', '54627', '2021-04-15 13:08:14', NULL);

-- --------------------------------------------------------

--
-- Δομή πίνακα για τον πίνακα `orders`
--

CREATE TABLE `orders` (
  `id` bigint(200) NOT NULL,
  `aa` varchar(245) DEFAULT NULL,
  `seller_id` bigint(200) DEFAULT NULL,
  `factory_id` bigint(200) DEFAULT NULL,
  `billing_id` bigint(200) DEFAULT NULL,
  `offer_id` bigint(200) DEFAULT NULL,
  `customer_id` bigint(200) DEFAULT NULL,
  `type` varchar(245) DEFAULT NULL,
  `status` varchar(245) DEFAULT NULL,
  `comments` varchar(245) DEFAULT NULL,
  `truck_temprature` varchar(245) DEFAULT NULL,
  `arrival_factory_day` datetime DEFAULT NULL,
  `general_instructions` longtext DEFAULT NULL,
  `update_date` datetime DEFAULT NULL,
  `creation_date` datetime DEFAULT NULL,
  `sender` varchar(245) DEFAULT NULL,
  `gross_weight` varchar(245) DEFAULT NULL,
  `net_weight` varchar(245) DEFAULT NULL,
  `timologio_code` varchar(245) DEFAULT NULL
) ENGINE=InnoDB DEFAULT CHARSET=utf8mb4;

--
-- Άδειασμα δεδομένων του πίνακα `orders`
--

INSERT INTO `orders` (`id`, `aa`, `seller_id`, `factory_id`, `billing_id`, `offer_id`, `customer_id`, `type`, `status`, `comments`, `truck_temprature`, `arrival_factory_day`, `general_instructions`, `update_date`, `creation_date`, `sender`, `gross_weight`, `net_weight`, `timologio_code`) VALUES
(23, '1', 9, NULL, 2, 112, 46, NULL, 'ΣΕ ΖΗΤΗΣΗ', '-', '+2 / +4', NULL, '', NULL, '2021-02-15 14:38:19', 'wwdq', '--', '-', 'QWQWDDQqwdd'),
(24, '1', 12, NULL, 30, 110, 44, NULL, 'ΣΕ ΖΗΤΗΣΗ', 'φ;ςφ;ςφ;ς', '+2 / +4', NULL, '', NULL, '2021-02-15 23:34:19', NULL, 'wqfqw', 'wqfqwfq', 'TYUS-WIWNF-0EW987W'),
(25, '1', 9, NULL, 2, 112, 46, NULL, 'ΣΕ ΖΗΤΗΣΗ', '-', '+2 / +4', NULL, '', NULL, '2021-03-08 03:59:41', NULL, NULL, NULL, NULL),
(26, '1', 9, NULL, 2, 111, 46, NULL, 'ΣΕ ΖΗΤΗΣΗ', '2δδ22δ2δ', '+2 / +4', NULL, '', NULL, '2021-03-08 04:06:23', NULL, NULL, NULL, NULL),
(27, '1', 7, NULL, 25, 89, 17, NULL, 'ΣΕ ΖΗΤΗΣΗ', '6h56h5h56h', '+2 / +4', NULL, '', NULL, '2021-03-08 04:08:00', NULL, NULL, NULL, NULL),
(29, '1', 9, NULL, 2, 112, 46, NULL, 'ΣΕ ΖΗΤΗΣΗ', NULL, '+2 / +4', NULL, '', NULL, '2021-04-02 11:48:09', NULL, NULL, NULL, NULL),
(30, '1', 5, NULL, 27, 109, 42, NULL, 'ΣΕ ΖΗΤΗΣΗ', '-', '+2 / +4', NULL, '', NULL, '2021-04-02 11:48:33', NULL, NULL, NULL, NULL),
(32, '1', 7, NULL, 25, 83, 17, NULL, 'ΦΟΡΤΩΘΕΙΣΑ', NULL, '+2 / +4', NULL, '', NULL, '2021-04-07 03:13:51', '435', '34', '43', '34ttt'),
(33, '1', 7, NULL, 25, 87, 17, NULL, 'ΣΕ ΖΗΤΗΣΗ', NULL, '+2 / +4', NULL, '', NULL, '2021-04-07 03:14:14', NULL, NULL, NULL, NULL),
(34, '1', 13, NULL, 30, 120, 56, NULL, 'ΣΕ ΖΗΤΗΣΗ', NULL, '+2 / +4', NULL, '', NULL, '2021-04-09 17:18:51', 'τρτε', '43', '34', '35γ34'),
(35, '1', 13, NULL, 30, 120, 56, NULL, 'ΣΕ ΖΗΤΗΣΗ', '-', '+2 / +4', NULL, '', NULL, '2021-04-12 12:27:39', 'MARANTHOS', '52', '23', '23523342'),
(36, '1', 10, NULL, 25, 119, 20, NULL, 'ΣΕ ΖΗΤΗΣΗ', NULL, '+2/+4', NULL, '', NULL, '2021-04-15 13:01:45', 'Manos Papasp', '453', '34', '534-435-345-345-3453'),
(37, '1', 10, NULL, 24, 121, 22, NULL, 'ΣΕ ΖΗΤΗΣΗ', '-', '+2/+5', NULL, '', NULL, '2021-04-15 13:08:34', 'ΜΑΡΙΝ ΜΑΡΙΝ', '432', '23', '32-ΡΙΟ=3');

-- --------------------------------------------------------

--
-- Δομή πίνακα για τον πίνακα `orders_loading`
--

CREATE TABLE `orders_loading` (
  `id` bigint(200) NOT NULL,
  `aa` int(255) DEFAULT 0,
  `status` varchar(245) DEFAULT NULL,
  `from_city` varchar(245) DEFAULT NULL,
  `from_country` varchar(245) DEFAULT NULL,
  `from_postal_code` varchar(245) DEFAULT NULL,
  `from_address` varchar(245) DEFAULT NULL,
  `to_city` varchar(245) DEFAULT NULL,
  `to_country` varchar(245) DEFAULT NULL,
  `to_postal_code` varchar(245) DEFAULT NULL,
  `to_address` varchar(245) DEFAULT NULL,
  `creation_date` datetime DEFAULT NULL,
  `update_date` datetime DEFAULT NULL,
  `supplier_id` bigint(200) DEFAULT NULL,
  `supplier_truck_trailer_id` bigint(200) DEFAULT NULL,
  `naulo` double DEFAULT NULL,
  `comments` longtext DEFAULT NULL,
  `supplier_truck_tractor_id` bigint(200) DEFAULT NULL,
  `truck_trailer_ldm` double DEFAULT NULL
) ENGINE=InnoDB DEFAULT CHARSET=utf8mb4;

--
-- Άδειασμα δεδομένων του πίνακα `orders_loading`
--

INSERT INTO `orders_loading` (`id`, `aa`, `status`, `from_city`, `from_country`, `from_postal_code`, `from_address`, `to_city`, `to_country`, `to_postal_code`, `to_address`, `creation_date`, `update_date`, `supplier_id`, `supplier_truck_trailer_id`, `naulo`, `comments`, `supplier_truck_tractor_id`, `truck_trailer_ldm`) VALUES
(42, 0, 'ΠΡΟΣ ΕΚΤΕΛΕΣΗ', 'Μαρούσι', 'Ελλάδα', '', NULL, 'Άνω Λιόσια ', 'Ελλάδα', '13341', NULL, '2021-04-09 00:54:51', '2021-04-15 22:32:51', 56, 6, 4, 'δ', 0, NULL),
(43, 1, 'ΠΡΟΣ ΕΚΤΕΛΕΣΗ', 'Άνω Λιόσια', 'Ελλάδα', '13341', NULL, 'Πειραιάς', 'Ελλάδα', '18533', NULL, '2021-04-09 00:52:44', '2021-04-15 22:38:48', 42, 5, 5666, 'd', 0, NULL),
(44, 2, 'ΠΡΟΣ ΕΚΤΕΛΕΣΗ', '3r3r2', 'Βιετνάμ', '', NULL, 'Δήμος Αγίων Αναργύρων-Καματερού', 'Ελλάδα', '13451', NULL, '2021-04-08 22:41:12', '2021-04-15 23:18:38', 54, 3, 19, 's', 27, NULL),
(46, 3, 'ΠΡΟΣ ΕΚΤΕΛΕΣΗ', 'Κηφισιά', 'Ελλάδα', '145 64', NULL, 'Berlin', 'Γερμανία', '12099', NULL, '2021-04-09 18:13:19', '2021-04-15 15:20:12', 56, 7, 4, 'w', 0, NULL),
(64, 4, 'ΠΡΟΣ ΕΚΤΕΛΕΣΗ', NULL, NULL, NULL, NULL, NULL, NULL, NULL, NULL, '2021-04-16 21:35:05', NULL, 54, 27, 0, '', 0, NULL),
(66, 5, 'ΠΡΟΣ ΕΚΤΕΛΕΣΗ', NULL, NULL, NULL, NULL, NULL, NULL, NULL, NULL, '2021-04-16 21:38:08', NULL, 54, 0, 65, '', 0, NULL),
(67, 6, 'ΠΡΟΣ ΕΚΤΕΛΕΣΗ', NULL, NULL, NULL, NULL, NULL, NULL, NULL, NULL, '2021-04-16 21:42:36', NULL, 18, 25, 777777, '-οκ-', 0, NULL);

-- --------------------------------------------------------

--
-- Δομή πίνακα για τον πίνακα `orders_loading_orders_selections`
--

CREATE TABLE `orders_loading_orders_selections` (
  `id` bigint(200) NOT NULL,
  `order_loading_id` bigint(200) DEFAULT NULL,
  `order_id` bigint(200) DEFAULT NULL,
  `stage` varchar(245) DEFAULT NULL,
  `creation_date` datetime DEFAULT NULL,
  `update_date` datetime DEFAULT NULL
) ENGINE=InnoDB DEFAULT CHARSET=utf8mb4;

--
-- Άδειασμα δεδομένων του πίνακα `orders_loading_orders_selections`
--

INSERT INTO `orders_loading_orders_selections` (`id`, `order_loading_id`, `order_id`, `stage`, `creation_date`, `update_date`) VALUES
(277, 46, 35, NULL, '2021-04-15 15:20:12', NULL),
(278, 46, 37, NULL, '2021-04-15 15:20:12', NULL),
(318, 42, 27, NULL, '2021-04-15 22:32:51', NULL),
(319, 42, 30, NULL, '2021-04-15 22:32:51', NULL),
(320, 43, 29, NULL, '2021-04-15 22:38:48', NULL),
(321, 43, 24, NULL, '2021-04-15 22:38:48', NULL),
(324, 44, 32, NULL, '2021-04-15 23:18:38', NULL),
(325, 44, 23, NULL, '2021-04-15 23:18:38', NULL),
(388, 64, 25, NULL, '2021-04-16 21:35:05', NULL),
(390, 66, 34, NULL, '2021-04-16 21:38:08', NULL),
(391, 67, 26, NULL, '2021-04-16 21:42:36', NULL);

-- --------------------------------------------------------

--
-- Δομή πίνακα για τον πίνακα `orders_selections_by_point`
--

CREATE TABLE `orders_selections_by_point` (
  `id` bigint(200) NOT NULL,
  `order_id` bigint(200) DEFAULT NULL,
  `title` varchar(245) DEFAULT NULL,
  `order_schedule_id` bigint(200) DEFAULT NULL,
  `order_waypoint_id` bigint(200) DEFAULT NULL,
  `type` varchar(245) DEFAULT NULL,
  `quantity` int(11) DEFAULT NULL,
  `package_type_id` int(11) DEFAULT NULL,
  `type_package` varchar(245) DEFAULT NULL,
  `stacking_type` varchar(245) DEFAULT NULL,
  `measure_unit_id` bigint(200) DEFAULT NULL,
  `ldm` double DEFAULT NULL,
  `unit_price` double DEFAULT NULL
) ENGINE=InnoDB DEFAULT CHARSET=utf8mb4;

--
-- Άδειασμα δεδομένων του πίνακα `orders_selections_by_point`
--

INSERT INTO `orders_selections_by_point` (`id`, `order_id`, `title`, `order_schedule_id`, `order_waypoint_id`, `type`, `quantity`, `package_type_id`, `type_package`, `stacking_type`, `measure_unit_id`, `ldm`, `unit_price`) VALUES
(2130, 24, 'ΒΟΧ ΙΙΧΩ', 57, 3619, 'Φόρτωση', 28, 7, 'Βάσει βάρους επί καθαρού (kg)', 'Μη Στοιβάσιμη', 19, 46.7, NULL),
(2131, 24, 'ΒΟΧ ΙΙΧΩ', 57, 3619, 'Φόρτωση', 49, 7, 'Βάσει βάρους επί καθαρού (kg)', 'Στοιβάσιμη', 19, 41.7, NULL),
(2132, 24, 'ΒΟΧ ΙΙΧΩ', 57, 3619, 'Φόρτωση', 11, 7, 'Βάσει βάρους επί καθαρού (kg)', 'Μη Στοιβάσιμη', 19, 18.3, NULL),
(2133, 24, 'ΒΟΧ ΙΙΧΩ', 57, 3619, 'Εκφόρτωση', 16, 7, 'Βάσει βάρους επί καθαρού (kg)', 'Μη Στοιβάσιμη', 19, 26.7, NULL),
(2161, 23, 'ΒΟΧ ΙΙΧV-', 55, NULL, 'Φόρτωση', 6, 7, 'Βάσει βάρους επί καθαρού (kg)', 'Στοιβάσιμη', 16, 1.2, 26),
(2162, 23, 'ΒΟΧ ΙΙΧV-', 55, 3639, 'Φόρτωση', 13, 7, 'Βάσει βάρους επί καθαρού (kg)', 'Μη Στοιβάσιμη', 16, 5.2, NULL),
(2163, 23, 'ΒΟΧ ΙΙΧV-', 55, 3639, 'Φόρτωση', 19, 5, 'Βάσει βάρους επί καθαρού (kg)', 'Μη Στοιβάσιμη', 16, 7.6, NULL),
(2164, 23, 'ΒΟΧ ΙΙΧV-', 55, 3639, 'Φόρτωση', 6, 7, 'Βάσει βάρους επί καθαρού (kg)', 'Μη Στοιβάσιμη', 16, 2.4, NULL),
(2165, 23, 'ΒΟΧ ΙΙΧV-', 55, 3639, 'Εκφόρτωση', 19, 5, 'Βάσει βάρους επί καθαρού (kg)', 'Μη Στοιβάσιμη', 16, 7.6, NULL),
(2166, 23, 'ΒΟΧ ΙΙΧV-', 55, 3639, 'Εκφόρτωση', 5, 7, 'Βάσει βάρους επί καθαρού (kg)', 'Μη Στοιβάσιμη', 16, 2, NULL),
(2167, 23, 'ΒΟΧ ΙΙΧΩ', 56, NULL, 'Φόρτωση', 16, 8, 'Βάσει συσκευασίας (τεμ)', 'Στοιβάσιμη', 19, 13.3, 190),
(2168, 23, 'ΒΟΧ ΙΙΧΩ', 56, 3641, 'Φόρτωση', 13, 7, 'Βάσει συσκευασίας (τεμ)', 'Μη Στοιβάσιμη', 19, 21.7, NULL),
(2169, 23, 'ΒΟΧ ΙΙΧΩ', 56, 3642, 'Εκφόρτωση Προορισμού', 13, 7, 'Βάσει συσκευασίας (τεμ)', 'Μη Στοιβάσιμη', 19, 21.7, NULL),
(2174, 27, 'ΒΟΧ ΙΙ', 62, NULL, 'Φόρτωση', 5, 8, 'Βάσει συσκευασίας (τεμ)', 'Στοιβάσιμη', 21, 100, 17),
(2175, 27, 'ΒΟΧ ΙΙ', 62, 3761, 'Φόρτωση', 5, 8, 'Βάσει συσκευασίας (τεμ)', 'Στοιβάσιμη', 21, 100, NULL),
(2176, 34, 'ΒΟΧ Ι', 76, NULL, 'Φόρτωση', 25, 7, 'Βάσει βάρους επί καθαρού (kg)', 'Στοιβάσιμη', 22, 32.5, 11),
(2199, 37, 'ΒΟΧ ΙΙΧV-I567-099', 79, NULL, 'Φόρτωση', 9, 8, 'Βάσει συσκευασίας (τεμ)', 'Στοιβάσιμη', 3, 16.7, 282),
(2200, 37, 'ΒΟΧ ΙΙΧV-I567-099123', 79, 3847, 'Φόρτωση', 2, 8, 'Βάσει συσκευασίας (τεμ)', 'Στοιβάσιμη', 2, 0.2, NULL),
(2201, 37, 'ΒΟΧ ΙΙΧV-I567-099123', 79, 3847, 'Εκφόρτωση', 1, 8, 'Βάσει συσκευασίας (τεμ)', 'Στοιβάσιμη', 2, 0.2, NULL),
(2202, 37, 'ΒΟΧ ΙΙΧV-I567-099123', 79, 3848, 'Φόρτωση', 4, 8, 'Βάσει συσκευασίας (τεμ)', 'Στοιβάσιμη', 2, 0.4, NULL);

-- --------------------------------------------------------

--
-- Δομή πίνακα για τον πίνακα `order_distinct_item`
--

CREATE TABLE `order_distinct_item` (
  `id` bigint(200) NOT NULL,
  `title` varchar(245) DEFAULT NULL,
  `order_schedule_id` bigint(200) DEFAULT NULL,
  `order_package_id` bigint(200) DEFAULT NULL,
  `from_unit` int(11) DEFAULT NULL,
  `to_unit` int(11) DEFAULT NULL,
  `unit_price` double DEFAULT NULL,
  `order_id` bigint(200) DEFAULT NULL,
  `type_package` varchar(245) DEFAULT NULL
) ENGINE=InnoDB DEFAULT CHARSET=utf8mb4;

--
-- Άδειασμα δεδομένων του πίνακα `order_distinct_item`
--

INSERT INTO `order_distinct_item` (`id`, `title`, `order_schedule_id`, `order_package_id`, `from_unit`, `to_unit`, `unit_price`, `order_id`, `type_package`) VALUES
(1679, 'ΒΟΧ ΙΙΧΩ', 57, 1232, 11, 11, 13, 24, 'Βάσει βάρους επί καθαρού (kg)'),
(1680, 'ΒΟΧ ΙΙΧΩ', 57, 1232, 7, 7, 14, 24, 'Βάσει βάρους επί καθαρού (kg)'),
(1681, 'ΒΟΧ ΙΙΧΩ', 57, 1232, 55, 67, 18, 24, 'Βάσει βάρους επί καθαρού (kg)'),
(1682, 'ΒΟΧ ΙΙΧΩ', 57, 1232, 23, 35, 10, 24, 'Βάσει συσκευασίας (τεμ)'),
(1683, 'ΒΟΧ ΙΙΧΩ', 57, 1232, 6, 19, 17, 24, 'Βάσει βάρους επί καθαρού (kg)'),
(1690, 'ΒΟΧ ΙΙΧV-', 55, 1239, 6, 12, 19, 23, 'Βάσει βάρους επί καθαρού (kg)'),
(1691, 'ΒΟΧ ΙΙΧΩ', 56, 1240, 10, 10, 19, 23, 'Βάσει συσκευασίας (τεμ)'),
(1694, 'ΒΟΧ ΙΙ', 62, 1243, 6, 6, 0, 27, 'Βάσει συσκευασίας (τεμ)'),
(1703, 'ΒΟΧ Ι', 76, 1252, 11, 21, 0, 34, 'Βάσει βάρους επί καθαρού (kg)'),
(1707, 'ΒΟΧ Ι', 77, 1256, 11, 21, 0, 35, 'Βάσει βάρους επί καθαρού (kg)'),
(1726, 'ΒΟΧ ΙΙΧV-I567-099123', 79, 1275, 7, 13, 23, 37, 'Βάσει συσκευασίας (τεμ)'),
(1727, 'ΒΟΧ ΙΙΧV-I567-099', 79, 1276, 7, 17, 31, 37, 'Βάσει συσκευασίας (τεμ)');

-- --------------------------------------------------------

--
-- Δομή πίνακα για τον πίνακα `order_packages`
--

CREATE TABLE `order_packages` (
  `id` bigint(200) NOT NULL,
  `measure_unit_id` bigint(200) DEFAULT NULL,
  `order_id` bigint(200) DEFAULT NULL,
  `offer_id` bigint(200) DEFAULT NULL,
  `order_waypoint_id` bigint(200) DEFAULT NULL,
  `from_unit` int(11) DEFAULT NULL,
  `to_unit` int(11) DEFAULT NULL,
  `unit_price` double DEFAULT NULL,
  `comments` varchar(255) DEFAULT NULL,
  `creation_date` datetime DEFAULT NULL,
  `update_date` datetime DEFAULT NULL,
  `order_schedule_id` bigint(200) DEFAULT NULL,
  `type_package` varchar(255) DEFAULT NULL
) ENGINE=InnoDB DEFAULT CHARSET=utf8mb4;

--
-- Άδειασμα δεδομένων του πίνακα `order_packages`
--

INSERT INTO `order_packages` (`id`, `measure_unit_id`, `order_id`, `offer_id`, `order_waypoint_id`, `from_unit`, `to_unit`, `unit_price`, `comments`, `creation_date`, `update_date`, `order_schedule_id`, `type_package`) VALUES
(999, 16, 23, 55, NULL, 6, 12, 19, NULL, '2021-02-15 14:38:19', NULL, 55, 'Βάσει βάρους επί καθαρού (kg)'),
(1000, 22, 23, 56, NULL, 18, 24, 0, NULL, '2021-02-15 14:38:19', NULL, 56, 'Βάσει βάρους επί καθαρού (kg)'),
(1001, 19, 23, 56, NULL, 10, 10, 19, NULL, '2021-02-15 14:38:19', NULL, 56, 'Βάσει συσκευασίας (τεμ)'),
(1002, 22, 23, 56, NULL, 6, 17, 17, NULL, '2021-02-15 14:38:19', NULL, 56, 'Βάσει βάρους επί καθαρού (kg)'),
(1003, 17, 23, 56, NULL, 6, 13, 11, NULL, '2021-02-15 14:38:19', NULL, 56, 'Βάσει βάρους επί καθαρού (kg)'),
(1004, 19, 24, 57, NULL, 11, 11, 13, NULL, '2021-02-15 23:34:19', NULL, 57, 'Βάσει βάρους επί καθαρού (kg)'),
(1005, 19, 24, 58, NULL, 7, 7, 14, NULL, '2021-02-15 23:34:19', NULL, 58, 'Βάσει βάρους επί καθαρού (kg)'),
(1006, 3, 24, 59, NULL, 113, 1133, 21, NULL, '2021-02-15 23:34:19', NULL, 59, 'Βάσει βάρους επί καθαρού (kg)'),
(1007, 3, 24, 59, NULL, 1, 3, 5, NULL, '2021-02-15 23:34:19', NULL, 59, 'Βάσει συσκευασίας (τεμ)'),
(1008, 19, 24, 59, NULL, 55, 67, 18, NULL, '2021-02-15 23:34:19', NULL, 59, 'Βάσει βάρους επί καθαρού (kg)'),
(1009, 19, 24, 59, NULL, 23, 35, 10, NULL, '2021-02-15 23:34:19', NULL, 59, 'Βάσει συσκευασίας (τεμ)'),
(1010, 21, 24, 59, NULL, 7, 18, 12, NULL, '2021-02-15 23:34:19', NULL, 59, 'Βάσει βάρους επί καθαρού (kg)'),
(1011, 19, 24, 59, NULL, 6, 19, 17, NULL, '2021-02-15 23:34:19', NULL, 59, 'Βάσει βάρους επί καθαρού (kg)'),
(1012, 22, 24, 59, NULL, 5, 17, 17, NULL, '2021-02-15 23:34:19', NULL, 59, 'Βάσει βάρους επί καθαρού (kg)'),
(1013, 3, 24, 59, NULL, 5, 17, 12, NULL, '2021-02-15 23:34:19', NULL, 59, 'Βάσει βάρους επί καθαρού (kg)'),
(1014, 21, 24, 59, NULL, 5, 5, 6, NULL, '2021-02-15 23:34:19', NULL, 59, 'Βάσει βάρους επί καθαρού (kg)'),
(1015, 16, 25, 60, NULL, 6, 12, 19, NULL, '2021-03-08 03:59:41', NULL, 60, 'Βάσει βάρους επί καθαρού (kg)'),
(1016, 16, 26, 61, NULL, 3, 3, 5, NULL, '2021-03-08 04:06:23', NULL, 61, 'Βάσει συσκευασίας (τεμ)'),
(1017, 16, 26, 61, NULL, 4, 4, 7, NULL, '2021-03-08 04:06:23', NULL, 61, 'Βάσει βάρους επί καθαρού (kg)'),
(1018, 8, 26, 61, NULL, 4, 4, 9, NULL, '2021-03-08 04:06:23', NULL, 61, 'Βάσει βάρους επί μικτού (kg)'),
(1019, 11, 26, 61, NULL, 5, 5, 5, NULL, '2021-03-08 04:06:23', NULL, 61, 'Βάσει βάρους επί μικτού (kg)'),
(1020, 5, 26, 61, NULL, 4, 4, 15, NULL, '2021-03-08 04:06:23', NULL, 61, 'Βάσει βάρους επί καθαρού (kg)'),
(1021, 20, 26, 61, NULL, 8, 8, 15, NULL, '2021-03-08 04:06:23', NULL, 61, 'Βάσει βάρους επί μικτού (kg)'),
(1022, 11, 26, 61, NULL, 4, 4, 14, NULL, '2021-03-08 04:06:23', NULL, 61, 'Βάσει βάρους επί μικτού (kg)'),
(1023, 11, 26, 61, NULL, 3, 4, 9, NULL, '2021-03-08 04:06:23', NULL, 61, 'Βάσει βάρους επί καθαρού (kg)'),
(1024, 23, 26, 61, NULL, 0, 0, 0, NULL, '2021-03-08 04:06:23', NULL, 61, ''),
(1025, 21, 27, 62, NULL, 6, 6, 0, NULL, '2021-03-08 04:08:00', NULL, 62, 'Βάσει συσκευασίας (τεμ)'),
(1027, 16, 29, 64, NULL, 6, 12, 19, NULL, '2021-04-02 11:48:09', NULL, 64, 'Βάσει βάρους επί καθαρού (kg)'),
(1028, 2, 30, 65, NULL, 1, 3, 1, NULL, '2021-04-02 11:48:33', NULL, 65, 'Βάσει συσκευασίας (τεμ)'),
(1054, 21, 32, 74, NULL, 6, 6, 0, NULL, '2021-04-07 03:13:51', NULL, 74, 'Βάσει συσκευασίας (τεμ)'),
(1055, 21, 33, 75, NULL, 6, 6, 0, NULL, '2021-04-07 03:14:14', NULL, 75, 'Βάσει συσκευασίας (τεμ)'),
(1056, 22, 34, 76, NULL, 11, 21, 0, NULL, '2021-04-09 17:18:51', NULL, 76, 'Βάσει βάρους επί καθαρού (kg)'),
(1057, 22, 35, 77, NULL, 11, 21, 0, NULL, '2021-04-12 12:27:39', NULL, 77, 'Βάσει βάρους επί καθαρού (kg)'),
(1058, 22, 36, 78, NULL, 11, 21, 0, NULL, '2021-04-15 13:01:45', NULL, 78, 'Βάσει συσκευασίας (τεμ)'),
(1059, 3, 37, 79, NULL, 7, 17, 31, NULL, '2021-04-15 13:08:34', NULL, 79, 'Βάσει συσκευασίας (τεμ)'),
(1060, 2, 37, 79, NULL, 7, 13, 23, NULL, '2021-04-15 13:08:34', NULL, 79, 'Βάσει συσκευασίας (τεμ)');

-- --------------------------------------------------------

--
-- Δομή πίνακα για τον πίνακα `order_package_schedules`
--

CREATE TABLE `order_package_schedules` (
  `id` bigint(200) NOT NULL,
  `order_id` bigint(200) DEFAULT NULL,
  `order_package_id` bigint(200) DEFAULT NULL,
  `measure_unit_id` bigint(200) DEFAULT NULL,
  `quantity` int(11) DEFAULT NULL,
  `unit_price` double DEFAULT NULL,
  `title` varchar(255) DEFAULT NULL,
  `type` varchar(255) DEFAULT NULL,
  `type_id` bigint(200) DEFAULT NULL,
  `creation_date` datetime DEFAULT NULL,
  `final_unit_price` double DEFAULT NULL,
  `order_schedule_id` bigint(200) DEFAULT NULL
) ENGINE=InnoDB DEFAULT CHARSET=utf8mb4;

--
-- Άδειασμα δεδομένων του πίνακα `order_package_schedules`
--

INSERT INTO `order_package_schedules` (`id`, `order_id`, `order_package_id`, `measure_unit_id`, `quantity`, `unit_price`, `title`, `type`, `type_id`, `creation_date`, `final_unit_price`, `order_schedule_id`) VALUES
(1232, 24, NULL, NULL, 8, 17, 'ΒΟΧ ΙΙΧΩ', NULL, NULL, '2021-04-04 02:53:12', 119, 57),
(1239, 23, NULL, NULL, 13, 19, 'ΒΟΧ ΙΙΧV-', NULL, NULL, '2021-04-06 20:31:25', 228, 55),
(1240, 23, NULL, NULL, 11, 19, 'ΒΟΧ ΙΙΧΩ', NULL, NULL, '2021-04-06 20:31:25', 190, 56),
(1243, 27, NULL, NULL, 5, 0, 'ΒΟΧ ΙΙ', NULL, NULL, '2021-04-07 21:42:49', 0, 62),
(1252, 34, NULL, NULL, 10, 0, 'ΒΟΧ Ι', NULL, NULL, '2021-04-09 17:27:29', 11, 76),
(1256, 35, NULL, NULL, 5, 0, 'ΒΟΧ Ι', NULL, NULL, '2021-04-12 13:01:59', 13, 77),
(1275, 37, NULL, NULL, 12, 23, 'ΒΟΧ ΙΙΧV-I567-099123', NULL, NULL, '2021-04-15 23:44:09', 276, 79),
(1276, 37, NULL, NULL, 9, 31, 'ΒΟΧ ΙΙΧV-I567-099', NULL, NULL, '2021-04-15 23:44:09', 282, 79);

-- --------------------------------------------------------

--
-- Δομή πίνακα για τον πίνακα `order_schedules`
--

CREATE TABLE `order_schedules` (
  `id` bigint(20) NOT NULL,
  `offer_schedule_id` bigint(20) DEFAULT NULL,
  `factory_id` bigint(20) DEFAULT NULL,
  `offer_id` bigint(20) DEFAULT NULL,
  `order_id` bigint(20) DEFAULT NULL,
  `from_address` varchar(245) DEFAULT NULL,
  `from_city` varchar(245) DEFAULT NULL,
  `from_country` varchar(245) DEFAULT NULL,
  `from_postal_code` varchar(245) DEFAULT NULL,
  `to_address` varchar(245) DEFAULT NULL,
  `to_city` varchar(245) DEFAULT NULL,
  `to_country` varchar(245) DEFAULT NULL,
  `to_postal_code` varchar(245) DEFAULT NULL,
  `primary_schedule` int(11) DEFAULT 0,
  `creation_date` datetime DEFAULT NULL,
  `update_date` datetime DEFAULT NULL,
  `type` varchar(245) DEFAULT NULL,
  `appointment_day` datetime DEFAULT NULL,
  `time_to_arrive` varchar(45) DEFAULT NULL,
  `appointment` int(11) DEFAULT NULL,
  `truck_loading_code` varchar(245) DEFAULT NULL,
  `appointment_day_load` datetime DEFAULT NULL
) ENGINE=InnoDB DEFAULT CHARSET=utf8mb4;

--
-- Άδειασμα δεδομένων του πίνακα `order_schedules`
--

INSERT INTO `order_schedules` (`id`, `offer_schedule_id`, `factory_id`, `offer_id`, `order_id`, `from_address`, `from_city`, `from_country`, `from_postal_code`, `to_address`, `to_city`, `to_country`, `to_postal_code`, `primary_schedule`, `creation_date`, `update_date`, `type`, `appointment_day`, `time_to_arrive`, `appointment`, `truck_loading_code`, `appointment_day_load`) VALUES
(55, 2507, 97, 112, 23, 'Ψηλορείτη, Άνω Λιόσια 133 41, Ελλάδα', 'Άνω Λιόσια', 'Ελλάδα', '13341', '', 'Δήμος Αγίων Αναργύρων-Καματερού', 'Ελλάδα', '13451', 1, '2021-02-15 14:38:19', NULL, NULL, '2021-03-09 17:03:00', '', 1, 'wqee', '1913-02-12 17:03:00'),
(56, 2508, 94, 112, 23, 'Αϊδινίου, Πειραιάς 185 33, Ελλάδα', 'Πειραιάς', 'Ελλάδα', '18533', '', 'Ξυλόκαστρο Ευρωστίνη', 'Ελλάδα', '20400', 0, '2021-02-15 14:38:19', NULL, NULL, '2021-01-16 21:41:00', '', 1, NULL, '1916-01-04 00:00:00'),
(57, 2514, 86, 110, 24, 'Π. Φύσσα, Κερατσίνι, Ελλάδα', 'Κερατσίνι', 'Ελλάδα', '18756', '', 'Πειραιάς', 'Ελλάδα', '18533', 1, '2021-02-15 23:34:19', NULL, NULL, NULL, '', 1, NULL, '2021-04-09 00:00:00'),
(58, 2515, 18, 110, 24, 'Διστόμου 23, Πειραιάς 185 33, Ελλάδα', 'Πειραιάς', 'Ελλάδα', '18533', '', 'Κερατσίνι', 'Ελλάδα', '18756', 0, '2021-02-15 23:34:19', NULL, NULL, NULL, '', 0, NULL, NULL),
(59, 2516, 85, 110, 24, 'Γεωρ. Παπανδρέου, Άγιοι Ανάργυροι, Ελλάδα', 'Άγιοι Ανάργυροι', 'Ελλάδα', '13562', '', 'Πειραιάς', 'Ελλάδα', '18533', 0, '2021-02-15 23:34:19', NULL, NULL, NULL, '', 0, NULL, '2016-01-05 00:00:00'),
(60, 2507, 88, 112, 25, 'Ασπροβάλτας, Άνω Λιόσια 133 41, Ελλάδα', 'Άνω Λιόσια', 'Ελλάδα', '13341', '', 'Δήμος Αγίων Αναργύρων-Καματερού', 'Ελλάδα', '13451', 1, '2021-03-08 03:59:41', NULL, NULL, '2021-04-14 00:00:00', '', 0, NULL, NULL),
(61, 2546, 92, 111, 26, 'Ασκύφου 730 11, Ελλάδα', 'Σφακιά', 'Ελλάδα', '73011', '', 'Φυλή', 'Ελλάδα', '13351', 1, '2021-03-08 04:06:23', NULL, NULL, NULL, '', 0, NULL, '2021-04-20 00:00:00'),
(62, 2118, 82, 89, 27, 'Σάμου 3, Ίλιον 131 23, Ελλάδα', 'Μαρούσι', 'Ελλάδα', '', '', 'Singapore', 'Σιγκαπούρη', '', 1, '2021-03-08 04:08:00', NULL, NULL, NULL, '', 0, NULL, '2021-04-07 00:00:00'),
(64, 2507, NULL, 112, 29, '', 'Άνω Λιόσια', 'Ελλάδα', '13341', '', 'Δήμος Αγίων Αναργύρων-Καματερού', 'Ελλάδα', '13451', 1, '2021-04-02 11:48:09', NULL, NULL, NULL, '', 0, NULL, '2010-07-27 00:00:00'),
(65, 2541, 123, 109, 30, 'Περιφερειακή ενότητα Δυτικής Αττικής, Ελλάδα', 'Άνω Λιόσια ', 'Ελλάδα', '13341', '', 'Άνω Λιόσια ', 'Ελλάδα', '13341', 1, '2021-04-02 11:48:33', NULL, NULL, '2021-04-15 00:00:00', '', 1, NULL, '2021-04-15 00:00:00'),
(74, 2161, 102, 83, 32, 'Χαλκέων, Θεσσαλονίκη, Ελλάδα', '3r3r2', 'Βιετνάμ', '', '', 'Singapore', 'Σιγκαπούρη', '', 1, '2021-04-07 03:13:51', NULL, NULL, NULL, '', 1, NULL, '1901-02-06 01:00:00'),
(75, 2551, 110, 87, 33, 'Δελφών, Θεσσαλονίκη, Ελλάδα', 'Μαρούσι', 'Ελλάδα', '', '', 'Singapore', 'Σιγκαπούρη', '', 1, '2021-04-07 03:14:14', NULL, NULL, '2021-04-22 00:00:00', '', 0, '23423', '2021-04-22 00:00:00'),
(76, 2555, 113, 120, 34, 'Δηλιγιάννης, Κηφισιά, Ελλάδα', 'Κηφισιά', 'Ελλάδα', '145 64', 'Αγία Παρασκευή,Ελλάδα', 'Αγία Παρασκευή', 'Ελλάδα', '153 43', 1, '2021-04-09 17:18:51', NULL, NULL, NULL, '', 0, NULL, NULL),
(77, 2555, 121, 120, 35, 'Χαρ. Τρικούπη, Κηφισιά, Ελλάδα', 'Κηφισιά', 'Ελλάδα', '145 64', 'Αγία Παρασκευή,Ελλάδα', 'Αγία Παρασκευή', 'Ελλάδα', '153 43', 1, '2021-04-12 12:27:39', NULL, NULL, '2021-04-15 00:00:00', '', 1, NULL, NULL),
(78, 2565, NULL, 119, 36, '', 'Κηφισιά', 'Ελλάδα', '145 64', '', 'Αγία Παρασκευή', 'Ελλάδα', '153 43', 1, '2021-04-15 13:01:45', NULL, NULL, '2021-04-15 00:00:00', '', 0, NULL, NULL),
(79, 2569, 128, 121, 37, 'Ρετσίνα, Πειραιάς, Ελλάδα', 'Πειραιάς', 'Ελλάδα', '18532', 'Berlin,Γερμανία', 'Berlin', 'Γερμανία', '12099', 1, '2021-04-15 13:08:34', NULL, NULL, '2021-04-17 00:00:00', '', 1, 'FCCC', '2021-04-17 00:00:00');

-- --------------------------------------------------------

--
-- Δομή πίνακα για τον πίνακα `order_waypoints`
--

CREATE TABLE `order_waypoints` (
  `id` bigint(200) NOT NULL,
  `order_id` bigint(100) DEFAULT NULL,
  `factory_id` bigint(100) DEFAULT NULL,
  `address` varchar(255) DEFAULT NULL,
  `city` varchar(255) DEFAULT NULL,
  `country` varchar(255) DEFAULT NULL,
  `postal_code` varchar(255) DEFAULT NULL,
  `lattitude` varchar(245) DEFAULT NULL,
  `longtitude` varchar(245) DEFAULT NULL,
  `update_date` datetime DEFAULT NULL,
  `creation_date` datetime DEFAULT NULL,
  `order_schedule_id` bigint(100) DEFAULT NULL,
  `nested_schedule_indicator` int(11) DEFAULT NULL,
  `offer_schedule_between_waypoint_id` bigint(100) DEFAULT NULL,
  `new_waypoint` int(11) DEFAULT NULL,
  `appointment_day` datetime DEFAULT NULL,
  `time_to_arrive` varchar(45) DEFAULT NULL,
  `appointment` int(11) DEFAULT NULL,
  `truck_loading_code` varchar(245) DEFAULT NULL,
  `appointment_day_load` datetime DEFAULT NULL
) ENGINE=InnoDB DEFAULT CHARSET=utf8mb4;

--
-- Άδειασμα δεδομένων του πίνακα `order_waypoints`
--

INSERT INTO `order_waypoints` (`id`, `order_id`, `factory_id`, `address`, `city`, `country`, `postal_code`, `lattitude`, `longtitude`, `update_date`, `creation_date`, `order_schedule_id`, `nested_schedule_indicator`, `offer_schedule_between_waypoint_id`, `new_waypoint`, `appointment_day`, `time_to_arrive`, `appointment`, `truck_loading_code`, `appointment_day_load`) VALUES
(3581, 25, 78, 'Άγιοι Ανάργυροι, Ελλάδα', 'Αθήνα', 'Ελλάδα', '10443', NULL, NULL, NULL, '2021-03-11 15:37:23', 60, 0, 1057, NULL, NULL, '', 1, NULL, NULL),
(3582, 25, 82, 'Σάμου 3, Ίλιον 131 23, Ελλάδα', 'Δήμος Αγίων Αναργύρων-Καματερού', 'Ελλάδα', '13451', NULL, NULL, NULL, '2021-03-11 15:37:23', 60, 0, NULL, NULL, NULL, '', 0, NULL, NULL),
(3619, 24, 18, 'Διστόμου 23, Πειραιάς 185 33, Ελλάδα', 'Πειραιάς', 'Ελλάδα', '18533', NULL, NULL, NULL, '2021-04-04 02:53:12', 57, 0, 1068, NULL, '2021-03-23 16:08:00', '', 0, NULL, '2018-02-21 16:08:00'),
(3620, 24, 90, 'Ρέθι 204 00, Ελλάδα', 'Ξυλόκαστρο Ευρωστίνη', 'Ελλάδα', '20400', NULL, NULL, NULL, '2021-04-04 02:53:12', 57, 0, 1069, NULL, '2021-02-23 00:00:00', '', 1, NULL, '2016-01-26 00:00:00'),
(3621, 24, 18, 'Διστόμου 23, Πειραιάς 185 33, Ελλάδα', 'Πειραιάς', 'Ελλάδα', '18533', NULL, NULL, NULL, '2021-04-04 02:53:12', 57, 0, NULL, NULL, NULL, '', 0, NULL, NULL),
(3622, 24, 108, 'Σοφικό 200 04, Ελλάδα', 'Δήμος Κορινθίων', 'Ελλάδα', '20100', NULL, NULL, NULL, '2021-04-04 02:53:12', 58, 0, 1070, NULL, NULL, '', 1, '213232', NULL),
(3623, 24, 86, 'Π. Φύσσα, Κερατσίνι, Ελλάδα', 'Κερατσίνι', 'Ελλάδα', '18756', NULL, NULL, NULL, '2021-04-04 02:53:12', 58, 0, NULL, NULL, NULL, '', 1, NULL, NULL),
(3624, 24, 86, 'Π. Φύσσα, Κερατσίνι, Ελλάδα', 'Κερατσίνι', 'Ελλάδα', '18756', NULL, NULL, NULL, '2021-04-04 02:53:12', 59, 0, 1071, NULL, NULL, '', 1, NULL, NULL),
(3625, 24, 87, 'Αστυθέα, Χαϊδάρι 124 61, Ελλάδα', 'Χαϊδάρι', 'Ελλάδα', '12461', NULL, NULL, NULL, '2021-04-04 02:53:12', 59, 0, 1072, NULL, NULL, '', 0, NULL, NULL),
(3626, 24, 18, 'Διστόμου 23, Πειραιάς 185 33, Ελλάδα', 'Πειραιάς', 'Ελλάδα', '18533', NULL, NULL, NULL, '2021-04-04 02:53:12', 59, 0, NULL, NULL, NULL, '', 0, NULL, NULL),
(3639, 23, 78, 'Άγιοι Ανάργυροι, Ελλάδα', 'Αθήνα', 'Ελλάδα', '10443', NULL, NULL, NULL, '2021-04-06 20:31:25', 55, 0, 1057, NULL, '2021-02-18 04:00:00', '', 1, NULL, '2016-02-03 04:00:00'),
(3640, 23, 82, 'Σάμου 3, Ίλιον 131 23, Ελλάδα', 'Δήμος Αγίων Αναργύρων-Καματερού', 'Ελλάδα', '13451', NULL, NULL, NULL, '2021-04-06 20:31:25', 55, 0, NULL, NULL, '2021-02-23 01:00:00', '', 0, NULL, '2021-02-23 01:00:00'),
(3641, 23, 86, 'Π. Φύσσα, Κερατσίνι, Ελλάδα', 'Κερατσίνι', 'Ελλάδα', '18756', NULL, NULL, NULL, '2021-04-06 20:31:25', 56, 0, 1058, NULL, '2021-01-16 16:59:00', '', 1, NULL, '2021-01-16 16:59:00'),
(3642, 23, 90, 'Ρέθι 204 00, Ελλάδα', 'Ξυλόκαστρο Ευρωστίνη', 'Ελλάδα', '20400', NULL, NULL, NULL, '2021-04-06 20:31:25', 56, 0, NULL, NULL, '2021-01-16 02:00:00', '', 1, NULL, '2021-01-16 02:00:00'),
(3755, 33, NULL, NULL, 'Θεσσαλονίκη', 'Ελλάδα', '546 33', NULL, NULL, NULL, '2021-04-07 14:33:06', 75, 0, 1105, NULL, NULL, '', 0, NULL, NULL),
(3756, 33, NULL, NULL, 'Singapore', 'Σιγκαπούρη', '', NULL, NULL, NULL, '2021-04-07 14:33:06', 75, 0, NULL, NULL, NULL, '', 0, NULL, NULL),
(3761, 27, 102, 'Χαλκέων, Θεσσαλονίκη, Ελλάδα', 'Θεσσαλονίκη', 'Ελλάδα', '54633', NULL, NULL, NULL, '2021-04-07 21:42:49', 62, 0, 407, NULL, NULL, '', 1, NULL, NULL),
(3762, 27, 102, 'Χαλκέων, Θεσσαλονίκη, Ελλάδα', 'Θεσσαλονίκη', 'Ελλάδα', '54633', NULL, NULL, NULL, '2021-04-07 21:42:49', 62, 0, NULL, NULL, NULL, '', 1, NULL, NULL),
(3763, 32, 111, 'Δημ. Πολιορκητού, Θεσσαλονίκη 546 33, Ελλάδα', 'Θεσσαλονίκη', 'Ελλάδα', '546 33', NULL, NULL, NULL, '2021-04-07 21:48:04', 74, 0, 497, NULL, NULL, '', 0, NULL, '2021-04-09 00:00:00'),
(3764, 32, 94, 'Αϊδινίου, Πειραιάς 185 33, Ελλάδα', 'Πειραιάς', 'Ελλάδα', '18533', NULL, NULL, NULL, '2021-04-07 21:48:04', 74, 0, NULL, NULL, '2021-04-14 13:00:00', '', 1, NULL, '2021-04-14 13:00:00'),
(3783, 34, 115, 'Ρήγα Φεραίου, Ελληνικό, Ελλάδα', 'Γλυφάδα', 'Ελλάδα', '16562', NULL, NULL, NULL, '2021-04-09 17:27:29', 76, 0, 1111, NULL, NULL, '', 0, NULL, NULL),
(3784, 34, 117, 'Δουκίσσης Πλακεντίας, Χαλάνδρι 152 34, Ελλάδα', 'Αγία Παρασκευή', 'Ελλάδα', '15343', NULL, NULL, NULL, '2021-04-09 17:27:29', 76, 0, NULL, NULL, NULL, '', 0, NULL, NULL),
(3793, 35, 119, 'Ρήγα Φεραίου, Ελληνικό, Ελλάδα', 'Γλυφάδα', 'Ελλάδα', '16562', NULL, NULL, NULL, '2021-04-12 13:01:59', 77, 0, 1111, NULL, NULL, '', 0, NULL, NULL),
(3794, 35, 122, 'Χαλάνδρι, Ελλάδα', 'Αγία Παρασκευή', 'Ελλάδα', '153 43', NULL, NULL, NULL, '2021-04-12 13:01:59', 77, 0, NULL, NULL, NULL, '', 0, NULL, NULL),
(3799, 26, 125, 'ΦΨ', 'Φυλή', 'Ελλάδα', '13351', NULL, NULL, NULL, '2021-04-12 13:46:06', 61, 0, NULL, NULL, NULL, '', 1, NULL, NULL),
(3802, 29, 127, 'Περιφερειακή Ενότητα Δυτικού Τομέα Αθηνών, Ελλάδα', 'Αθήνα', 'Ελλάδα', '10443', NULL, NULL, NULL, '2021-04-12 21:32:09', 64, 0, 1057, NULL, NULL, '', 0, NULL, NULL),
(3803, 29, NULL, NULL, 'Δήμος Αγίων Αναργύρων-Καματερού', 'Ελλάδα', '13451', NULL, NULL, NULL, '2021-04-12 21:32:09', 64, 0, NULL, NULL, NULL, '', 0, NULL, NULL),
(3806, 30, 126, 'Περιφερειακή ενότητα Δυτικής Αττικής, Ελλάδα', 'Άνω Λιόσια ', 'Ελλάδα', '13341', NULL, NULL, NULL, '2021-04-15 12:32:14', 65, 0, 1099, NULL, '2021-04-29 00:00:00', '', 1, NULL, '2021-04-29 00:00:00'),
(3807, 30, 124, 'Δροσούπολη, Άνω Λιόσια 133 41, Ελλάδα', 'Άνω Λιόσια ', 'Ελλάδα', '13341', NULL, NULL, NULL, '2021-04-15 12:32:14', 65, 0, NULL, NULL, '2021-04-30 00:00:00', '', 1, NULL, '2021-04-30 00:00:00'),
(3811, 36, NULL, NULL, 'ঢাকা', 'Μπανγκλαντές', '1205', NULL, NULL, NULL, '2021-04-15 13:02:27', 78, 0, 1116, NULL, NULL, '', 0, NULL, NULL),
(3812, 36, NULL, NULL, 'Cerritos', 'Ηνωμένες Πολιτείες', '90703', NULL, NULL, NULL, '2021-04-15 13:02:27', 78, 1, 1117, NULL, NULL, '', 0, NULL, NULL),
(3813, 36, NULL, NULL, 'Αγία Παρασκευή', 'Ελλάδα', '153 43', NULL, NULL, NULL, '2021-04-15 13:02:27', 78, 0, NULL, NULL, NULL, '', 0, NULL, NULL),
(3847, 37, 129, 'Δημοσθένους, Καλλιθέα, Ελλάδα', 'Μοσχάτο', 'Ελλάδα', '18346', NULL, NULL, NULL, '2021-04-15 23:44:09', 79, 0, 1120, NULL, '2021-04-13 00:00:00', '', 0, 'FCCC', '2021-04-13 00:00:00'),
(3848, 37, 130, 'Φράγκων, Θεσσαλονίκη, Ελλάδα', 'Θεσσαλονίκη', 'Ελλάδα', '54627', NULL, NULL, NULL, '2021-04-15 23:44:09', 79, 1, 1121, NULL, '2021-04-14 00:00:00', '', 0, NULL, '2021-04-14 00:00:00'),
(3849, 37, 131, 'Emser Str., 12051 Berlin, Γερμανία', 'Berlin', 'Γερμανία', '12099', NULL, NULL, NULL, '2021-04-15 23:44:09', 79, 0, NULL, NULL, '2021-04-17 00:00:00', '', 0, '34322223', '2021-04-17 00:00:00');

-- --------------------------------------------------------

--
-- Δομή πίνακα για τον πίνακα `order_waypoints_packages`
--

CREATE TABLE `order_waypoints_packages` (
  `id` bigint(200) NOT NULL,
  `order_id` bigint(200) DEFAULT NULL,
  `measure_unit_id` bigint(200) DEFAULT NULL,
  `order_waypoint_id` bigint(200) DEFAULT NULL,
  `quantity` int(11) DEFAULT NULL,
  `unit_price` double DEFAULT NULL,
  `final_unit_price` double DEFAULT NULL,
  `title` varchar(255) DEFAULT NULL,
  `type_id` bigint(200) DEFAULT NULL,
  `creation_date` datetime DEFAULT NULL
) ENGINE=InnoDB DEFAULT CHARSET=utf8mb4;

-- --------------------------------------------------------

--
-- Δομή πίνακα για τον πίνακα `organizations`
--

CREATE TABLE `organizations` (
  `organization_id` bigint(200) NOT NULL,
  `name` varchar(255) DEFAULT NULL,
  `creation_date` datetime DEFAULT NULL,
  `update_date` datetime DEFAULT NULL
) ENGINE=InnoDB DEFAULT CHARSET=utf8;

--
-- Άδειασμα δεδομένων του πίνακα `organizations`
--

INSERT INTO `organizations` (`organization_id`, `name`, `creation_date`, `update_date`) VALUES
(72, 'οργανισμος2', '2020-10-20 11:41:48', NULL),
(73, 'οργανισμος3', '2020-10-20 11:41:48', NULL),
(74, 'οργανισμος4', '2020-10-20 11:41:48', NULL),
(75, 'οργανισμος5', '2020-10-20 11:41:48', NULL),
(76, 'οργανισμος6', '2020-10-20 11:41:48', NULL),
(77, 'οργανισμος7', '2020-10-20 11:41:48', NULL),
(80, 'οργανισμος10', '2020-10-20 11:41:48', NULL),
(81, 'οργανισμος11', '2020-10-20 11:41:48', NULL),
(82, 'οργανισμος12', '2020-10-20 11:41:48', '2020-11-13 14:59:16'),
(83, 'οργανισμος13', '2020-10-20 11:41:48', NULL),
(84, 'οργανισμος14', '2020-10-20 11:41:48', NULL),
(85, 'οργανισμος15', '2020-10-20 11:41:48', NULL),
(86, 'οργανισμος16', '2020-10-20 11:41:48', NULL),
(87, 'οργανισμος17', '2020-10-20 11:41:48', NULL),
(88, 'οργανισμος18', '2020-10-20 11:41:48', NULL),
(89, 'οργανισμος19', '2020-10-20 11:41:48', NULL),
(90, 'οργανισμος20', '2020-10-20 11:41:48', NULL),
(91, 'Οργανισμοσ 21', '2020-10-24 23:00:34', NULL),
(97, 'Org22s', '2020-11-10 01:03:33', '2020-11-13 14:59:11'),
(98, 'ceee', '2020-11-12 18:58:27', '2020-12-12 01:36:14'),
(99, 'AAA', '2020-11-19 14:58:34', NULL),
(100, 'WWW', '2020-11-19 14:58:46', '2020-12-12 01:36:10'),
(101, 'ΑΑΑΑ', '2020-11-19 14:59:06', '2020-12-12 01:35:47'),
(102, 'ΒΒΒ', '2020-11-19 14:59:10', '2020-12-12 01:40:42');

-- --------------------------------------------------------

--
-- Δομή πίνακα για τον πίνακα `package_type`
--

CREATE TABLE `package_type` (
  `id` int(11) NOT NULL,
  `type` varchar(245) DEFAULT NULL,
  `description` varchar(245) DEFAULT NULL,
  `creation_date` datetime DEFAULT NULL
) ENGINE=InnoDB DEFAULT CHARSET=utf8mb4;

--
-- Άδειασμα δεδομένων του πίνακα `package_type`
--

INSERT INTO `package_type` (`id`, `type`, `description`, `creation_date`) VALUES
(5, 'Τύπος πακέτου4', 'περιγραφή πακέτου4', '2021-02-11 12:21:33'),
(7, 'Τύπος πακέτου6', 'Τύπος πακέτου6', '2021-02-11 12:21:41'),
(8, 'Τύπος πακέτου3', 'Τύπος πακέτου3', '2021-02-11 12:21:45');

-- --------------------------------------------------------

--
-- Δομή πίνακα για τον πίνακα `roles`
--

CREATE TABLE `roles` (
  `role_id` bigint(20) NOT NULL,
  `name` varchar(255) DEFAULT NULL,
  `description` varchar(255) DEFAULT NULL,
  `status` int(200) DEFAULT NULL,
  `creation_date` datetime DEFAULT NULL,
  `update_time` datetime DEFAULT NULL
) ENGINE=InnoDB DEFAULT CHARSET=utf8;

--
-- Άδειασμα δεδομένων του πίνακα `roles`
--

INSERT INTO `roles` (`role_id`, `name`, `description`, `status`, `creation_date`, `update_time`) VALUES
(28, 'Ρολος2', 'Ρολος2', 0, '2020-10-20 11:38:51', NULL),
(29, 'Ρολος3', 'Ρολος3', 0, '2020-10-20 11:38:58', NULL),
(30, 'Ρολος4', 'Ρολος4', 0, '2020-10-20 11:39:06', NULL),
(31, 'Ρολος5', 'Ρολος5', 0, '2020-10-20 11:39:11', NULL),
(32, 'Ρολος6', 'Ρολος6', 0, '2020-10-20 11:39:16', NULL),
(33, 'Ρολος7', 'Ρολος7', 0, '2020-10-20 11:39:21', NULL),
(34, 'Ρολος8', 'Ρολος8', 0, '2020-10-20 11:39:28', NULL),
(35, 'Ρολος9', 'Ρολος9', 0, '2020-10-20 11:39:34', NULL),
(36, 'Ρολος10', 'Ρολος10', 0, '2020-10-20 11:39:39', NULL),
(37, 'Ρολος11', 'Ρολος11', 0, '2020-10-20 11:39:44', NULL),
(38, 'Ρολος12', 'Ρολος12', 0, '2020-10-20 11:39:50', '2020-11-13 02:22:29'),
(39, 'Ρολος13', 'Ρολος13', 0, '2020-10-20 11:39:55', NULL),
(40, 'Ρολος14', 'Ρολος14', 0, '2020-10-20 11:40:00', NULL),
(41, 'Ρολος15', 'Ρολος15', 0, '2020-10-20 11:40:06', '2020-12-12 01:36:07'),
(42, 'Ρολος16w', 'Ρολος16', 0, '2020-10-20 11:40:11', '2020-11-12 18:58:09'),
(55, 'dw', 'dw', 0, '2020-11-12 19:21:18', '2020-12-12 01:13:35'),
(58, 'ewfwef', 'wefwefw', 0, '2020-12-11 23:41:33', '2020-12-12 01:13:28');

-- --------------------------------------------------------

--
-- Δομή πίνακα για τον πίνακα `schedule`
--

CREATE TABLE `schedule` (
  `id` bigint(20) NOT NULL,
  `from_address` varchar(245) DEFAULT NULL,
  `from_city` varchar(245) DEFAULT NULL,
  `from_postal_code` varchar(245) DEFAULT NULL,
  `from_region` varchar(245) DEFAULT NULL,
  `from_country` varchar(245) DEFAULT NULL,
  `from_lattitude` double DEFAULT NULL,
  `from_longtitude` double DEFAULT NULL,
  `to_address` varchar(245) DEFAULT NULL,
  `to_city` varchar(245) DEFAULT NULL,
  `to_postal_code` varchar(245) DEFAULT NULL,
  `to_region` varchar(245) DEFAULT NULL,
  `to_country` varchar(245) DEFAULT NULL,
  `to_lattitude` double DEFAULT NULL,
  `to_longtitude` double DEFAULT NULL,
  `creation_date` datetime DEFAULT NULL,
  `update_date` datetime DEFAULT NULL,
  `version` int(11) DEFAULT NULL,
  `type` varchar(245) DEFAULT NULL
) ENGINE=InnoDB DEFAULT CHARSET=utf8mb4;

--
-- Άδειασμα δεδομένων του πίνακα `schedule`
--

INSERT INTO `schedule` (`id`, `from_address`, `from_city`, `from_postal_code`, `from_region`, `from_country`, `from_lattitude`, `from_longtitude`, `to_address`, `to_city`, `to_postal_code`, `to_region`, `to_country`, `to_lattitude`, `to_longtitude`, `creation_date`, `update_date`, `version`, `type`) VALUES
(12, 'Βριλήσσια,Ελλάδα', 'Βριλήσσια', '', 'Περιφερειακή ενότητα Βορείου Τομέα Αθηνών', 'Ελλάδα', 38.0373632, 23.8374167, 'Deák Ferenc tér,Budapest Ουγγαρία', 'Budapest', '', '', 'Ουγγαρία', 0, 0, '2020-11-27 03:22:21', '2020-12-06 14:07:38', NULL, 'Εξαγωγή'),
(13, 'Γιαννιτσά,Ελλάδα', 'Γιαννιτσά', '', 'Πέλλα', 'Ελλάδα', 40.7943587, 22.4144481, 'Άγκυρα,Τουρκία', 'Άγκυρα', '', '', 'Τουρκία', 0, 0, '2020-11-27 03:23:59', '2020-12-06 14:08:02', NULL, 'Εξαγωγή'),
(15, 'Λος Άντζελες,Ηνωμένες Πολιτείες', 'Λος Άντζελες', '', '', 'Ηνωμένες Πολιτείες', 34.0522342, -118.2436849, 'Τολό,Ελλάδα', 'Τολό', '', '', 'Ελλάδα', 0, 0, '2020-11-27 03:26:38', '2020-12-06 13:58:36', NULL, 'Εισαγωγή'),
(17, 'Ηγουμενίτσα,Ελλάδα', 'Ηγουμενίτσα', '', 'Θεσπρωτία', 'Ελλάδα', 0, 0, 'Αθήνα,Ελλάδα', 'Αθήνα', '', 'Κεντρικός Τομέας Αθηνών', 'Ελλάδα', 37.97898120000001, 37.97898120000001, '2020-11-27 03:27:07', '2020-12-06 13:49:39', NULL, 'Εσωτερικού'),
(20, 'Λονδίνο,Ηνωμένο Βασίλειο', 'Λονδίνο', '', '', 'Ηνωμένο Βασίλειο', 51.5073509, -0.1277583, 'Fröbelstraße,Köln Γερμανία', 'Köln', '', '', 'Γερμανία', 0, 0, '2020-11-27 04:07:03', '2020-12-06 13:55:57', NULL, 'Εσωτερικού'),
(21, 'Marine Drive,Mumbai Ινδία', 'Mumbai', '', '', 'Ινδία', 18.9552139, 72.81331999999999, 'Aeropuerto Barajas t4,Madrid Ισπανία', 'Madrid', '28042', '', 'Ισπανία', 40.49148889999999, 40.49148889999999, '2020-11-27 12:28:37', '2020-11-27 12:54:00', NULL, 'Εξαγωγή'),
(23, 'Jangali Maharaj Road,Pune Ινδία', 'Pune', '', '', 'Ινδία', 18.516874, 73.8430328, 'Calle Gran Vía,Madrid Ισπανία', 'Madrid', '', '', 'Ισπανία', 40.4202824, 40.4202824, '2020-11-27 12:28:56', '2020-11-27 12:53:43', NULL, 'Εξαγωγή'),
(25, 'KK Nagar Road K.K.NAGAR,Ahmedabad Ινδία', 'Ahmedabad', '380061', '', 'Ινδία', 23.0736795, 72.5558124, 'U.S. Route 66,Springfield Ηνωμένες Πολιτείες', 'Springfield', '', 'Springfield Township', 'Ηνωμένες Πολιτείες', 37.2407299, 37.2407299, '2020-11-27 12:31:21', '2020-11-27 12:54:21', NULL, 'Εξαγωγή'),
(26, 'Calle Gran Vía,Madrid Ισπανία', 'Madrid', '', '', 'Ισπανία', 40.4202824, -3.7054027, 'Jalan Malioboro Ινδονησία', '', '', 'Gedong Tengen', 'Ινδονησία', -7.793727, -7.793727, '2020-11-27 12:53:31', NULL, NULL, 'Εξαγωγή'),
(27, 'Jalan Tol Pasteur Ινδονησία', '', '', 'Kecamatan Cimahi Tengah', 'Ινδονησία', -6.8980131, 107.5426593, 'Jalan Malioboro Ινδονησία', '', '', 'Gedong Tengen', 'Ινδονησία', -7.793727, -7.793727, '2020-11-27 12:53:53', NULL, NULL, 'Εξαγωγή'),
(28, 'Διστόμου 49,Πειραιάς Ελλάδα', 'Πειραιάς', '185 33', 'Περιφερειακή Ενότητα Πειραιώς', 'Ελλάδα', 37.9459512, 23.6552017, 'Αλεξάνδρου Παπαναστασίου 35,Κερατσίνι Ελλάδα', 'Κερατσίνι', '187 56', 'Περιφερειακή Ενότητα Πειραιώς', 'Ελλάδα', 37.9604213, 37.9604213, '2020-11-27 13:26:47', NULL, NULL, 'Εξαγωγή'),
(29, 'Ψαρών,Πειραιάς Ελλάδα', 'Πειραιάς', '', 'Περιφερειακή Ενότητα Πειραιώς', 'Ελλάδα', 37.956943, 23.6337553, 'Manchester Square Ηνωμένο Βασίλειο', 'London', '', 'London', 'Ηνωμένο Βασίλειο', 51.5164658, 51.5164658, '2020-11-27 13:43:59', '2020-11-27 15:27:36', NULL, 'Εξαγωγή'),
(30, 'Friedrichstraße,Berlin Γερμανία', 'Berlin', '', '', 'Γερμανία', 52.5137447, 13.3893567, 'Esenler Otogarı Τουρκία', '', '', '', 'Τουρκία', 37.9441202, 37.9441202, '2020-11-27 14:19:28', '2020-12-06 13:40:21', NULL, 'Εσωτερικού'),
(38, 'Αιτωλικού,Πειραιάς Ελλάδα', 'Πειραιάς', '', 'Περιφερειακή Ενότητα Πειραιώς', 'Ελλάδα', 37.9564459, 23.6398182, 'Αλεξάνδρου Σβώλου,Θεσσαλονίκη Ελλάδα', 'Θεσσαλονίκη', '', 'Θεσσαλονίκη', 'Ελλάδα', 40.6307609, 22.9507132, '2020-11-28 05:57:56', NULL, NULL, 'Εξαγωγή'),
(39, 'Πετσάνη 3,Λάρισα Ελλάδα', 'Λάρισα', '413 35', 'Λάρισα', 'Ελλάδα', 39.6252138, 22.4214756, 'Λαμίας 34,Γλυφάδα Ελλάδα', 'Γλυφάδα', '165 61', 'Νότιος Τομέας Αθηνών', 'Ελλάδα', 37.88645580000001, 23.7542406, '2020-11-28 14:20:45', NULL, NULL, 'Εξαγωγή'),
(40, 'Τρικάλων Ελλάδα', 'Ξυλοκαστρο', '204 00', 'Κορινθία', 'Ελλάδα', 38.0747623, 22.6208925, 'Λοχαγού Ρεπετσά 12,Πειραιάς Ελλάδα', 'Πειραιάς', '185 33', 'Περιφερειακή Ενότητα Πειραιώς', 'Ελλάδα', 37.9445724, 23.6560563, '2020-11-28 14:23:30', NULL, NULL, 'Εξαγωγή'),
(43, 'Αθηνα', 'Αθήνα', '', 'Κεντρικός Τομέας Αθηνών', 'Ελλάδα', 37.9838096, 23.7275388, 'Βερολίνο,Γερμανία', 'Βερολίνο', '', '', 'Γερμανία', 52.52000659999999, 13.404954, '2020-11-30 02:55:53', NULL, NULL, 'Εξαγωγή'),
(44, 'Αθήνα,Ελλάδα', 'Αθήνα', '', 'Κεντρικός Τομέας Αθηνών', 'Ελλάδα', 37.9838096, 23.7275388, 'Βερολίνο,Γερμανία', 'Βερολίνο', '', '', 'Γερμανία', 52.52000659999999, 13.404954, '2020-11-30 02:58:39', NULL, NULL, 'Εξαγωγή'),
(46, 'Αθήνα,Ελλάδα', 'Αθήνα', '', 'Κεντρικός Τομέας Αθηνών', 'Ελλάδα', 37.9838096, 23.7275388, 'Ντουμπάι,Ηνωμένα Αραβικά Εμιράτα', 'Ντουμπάι', '', '', 'Ηνωμένα Αραβικά Εμιράτα', 25.2048493, 55.2707828, '2020-11-30 03:33:43', NULL, NULL, 'Εξαγωγή'),
(48, 'Λος Άντζελες,Ηνωμένες Πολιτείες', 'Λος Άντζελες', '', '', 'Ηνωμένες Πολιτείες', 34.0522342, 23.7275388, 'Αθήνα,Ελλάδα', 'Αθήνα', '', 'Κεντρικός Τομέας Αθηνών', 'Ελλάδα', 37.9838096, 23.7275388, '2020-11-30 04:13:00', NULL, NULL, 'Εισαγωγή'),
(50, 'Μαϊάμι,Ηνωμένες Πολιτείες', 'Μαϊάμι', '', '', 'Ηνωμένες Πολιτείες', 25.7616798, -80.1917902, 'Ελάτη,Ελλάδα', 'Ελάτη', '', 'Τρίκαλα', 'Ελλάδα', 39.504302, 21.5351193, '2020-11-30 04:15:14', NULL, NULL, 'Εισαγωγή'),
(51, 'Αθήνα,Ελλάδα', 'Αθήνα', '', 'Κεντρικός Τομέας Αθηνών', 'Greece', 37.9838096, 23.7275388, 'Λίβερπουλ,Ηνωμένο Βασίλειο', 'Λίβερπουλ', '', '', 'Ηνωμένο Βασίλειο', 53.4083714, -2.9915726, '2020-12-01 12:56:35', NULL, NULL, 'Εσωτερικού'),
(59, 'Αθήνα,Ελλάδα', 'Αθήνα', '', 'Κεντρικός Τομέας Αθηνών', 'Ελλάδα', 37.9838096, 23.7275388, 'Πάτρα,Ελλάδα', 'Πάτρα', '', 'Αχαΐα', 'Ελλάδα', 38.2466395, 21.734574, '2020-12-01 17:18:34', NULL, NULL, 'Εσωτερικού'),
(73, 'Delhi,Ινδία', 'Delhi', '', '', 'Ινδία', 28.6862738, 77.2217831, 'Singapore,Σιγκαπούρη', 'Singapore', '', '', 'Σιγκαπούρη', 1.2644032, 103.8222071, '2020-12-01 20:33:05', NULL, NULL, 'Εσωτερικού'),
(79, 'Γλυφάδα,Ελλάδα', 'Γλυφάδα', '', 'Νότιος Τομέας Αθηνών', 'Ελλάδα', 37.8756151, 23.7564773, 'Αψιού,Κύπρος', 'Αψιού', '', '', 'Κύπρος', 34.7974399, 33.0212099, '2020-12-01 20:53:27', NULL, NULL, 'Εσωτερικού'),
(80, 'Σμύρνη,Τουρκία', 'Σμύρνη', '', '', 'Τουρκία', 38.423734, 27.142826, 'Δράμα,Ελλάδα', 'Δράμα', '', 'Δράμα', 'Ελλάδα', 41.1502273, 24.1469489, '2020-12-01 20:53:55', NULL, NULL, 'Εισαγωγή'),
(84, 'Χώρα Σφακίων,Ελλάδα', 'Χώρα Σφακίων', '', 'Χανιά', 'Ελλάδα', 35.2015175, 24.1380312, 'Φυλή,Ελλάδα', 'Φυλή', '', 'Περιφερειακή ενότητα Δυτικής Αττικής', 'Ελλάδα', 38.102909, 23.6690367, '2020-12-01 21:02:29', NULL, NULL, 'Εσωτερικού'),
(86, 'Ξυλόκαστρο,Ελλάδα', 'Ξυλόκαστρο', '', 'Κορινθία', 'Ελλάδα', 38.0772641, 22.6326975, 'Καλαμάτα,Ελλάδα', 'Καλαμάτα', '', 'Μεσσηνία', 'Ελλάδα', 37.0366386, 22.1143716, '2020-12-01 21:58:27', NULL, NULL, 'Εσωτερικού'),
(89, 'Ουάσινγκτον,Ηνωμένες Πολιτείες', 'Ουάσινγκτον', '', '', 'Ηνωμένες Πολιτείες', 38.9071923, -77.0368707, 'Cupertino,Ηνωμένες Πολιτείες', 'Cupertino', '', '', 'Ηνωμένες Πολιτείες', 37.3349543, -122.0138517, '2020-12-02 04:07:31', NULL, NULL, 'Εσωτερικού'),
(92, 'Ασπρόπυργος,Ελλάδα', 'Ασπρόπυργος', 'null', 'Περιφερειακή ενότητα Δυτικής Αττικής', 'Ελλάδα', 38.0609063, 23.5910603, 'Καλαμαριά,Ελλάδα', 'Καλαμαριά', 'null', 'Θεσσαλονίκη', 'Ελλάδα', 40.5879237, 40.5879237, '2020-12-03 20:27:19', '2020-12-04 05:02:06', NULL, 'Εσωτερικού'),
(94, 'Αθήνα,Ελλάδα', 'Αθήνα', 'null', 'Κεντρικός Τομέας Αθηνών', 'Ελλάδα', 37.99641159999999, 23.76891969999999, 'Αθήνα,Ελλάδα', 'Αθήνα', 'null', 'Κεντρικός Τομέας Αθηνών', 'Ελλάδα', 37.9830484, 37.9830484, '2020-12-03 20:30:52', '2020-12-04 05:01:26', NULL, 'Εσωτερικού'),
(95, 'Αθήνα,Ελλάδα', 'Αθήνα', 'null', 'Κεντρικός Τομέας Αθηνών', 'Ελλάδα', 37.99641159999999, 23.76891969999999, 'Βιέννη,Αυστρία', 'Βιέννη', 'null', '', 'Αυστρία', 48.2081743, 48.2081743, '2020-12-03 20:33:10', '2020-12-04 05:01:11', NULL, 'Εξαγωγή'),
(96, 'Δράμα,Ελλάδα', 'Δράμα', 'null', 'Δράμα', 'Ελλάδα', 41.1502273, 24.1469489, ',Ελλάδα', '', 'null', 'Περιφερειακή Ενότητα Πειραιώς', 'Ελλάδα', 37.9746194, 37.9746194, '2020-12-03 21:03:45', '2020-12-04 05:00:52', NULL, 'Εσωτερικού'),
(97, 'Αθήνα,Ελλάδα', 'Αθήνα', 'null', 'Κεντρικός Τομέας Αθηνών', 'Ελλάδα', 37.9992037, 23.7326096, 'Πάτρα,Ελλάδα', 'Πάτρα', 'null', 'Αχαΐα', 'Ελλάδα', 38.2323345, 38.2323345, '2020-12-04 04:23:26', '2020-12-04 05:00:31', NULL, 'Εσωτερικού'),
(106, 'Ψαρών, Αθήνα, Ελλάδα', 'Αθήνα', 'null', 'null', 'Ελλάδα', 0, 0, 'Σόλωνος, Αθήνα, Ελλάδα', 'Αθήνα', 'null', 'null', 'Ελλάδα', 0, 0, '2020-12-06 05:56:16', '2020-12-06 06:04:52', NULL, 'Εσωτερικού'),
(107, 'Γλυφάδα,Ελλάδα', 'Γλυφάδα', '', 'Νότιος Τομέας Αθηνών', 'Ελλάδα', 37.8756151, 23.7564773, 'Ψαρών, Αθήνα, Ελλάδα', 'Αθήνα', '', '', 'Ελλάδα', 0, 0, '2020-12-06 05:56:16', '2020-12-06 14:07:21', NULL, 'Εσωτερικού'),
(109, '', 'Γλυφάδα', '', NULL, 'Ελλάδα', NULL, NULL, '', 'Αθήνα', '', NULL, 'Ελλάδα', NULL, NULL, '2020-12-06 23:16:04', NULL, NULL, NULL),
(110, 'Σάμος,Ελλάδα', 'Σάμος', '831 00', NULL, 'Ελλάδα', NULL, NULL, 'Οχρίδα,Βόρεια Μακεδονία', 'Οχρίδα', '', NULL, 'Βόρεια Μακεδονία', NULL, NULL, '2020-12-06 23:21:30', NULL, NULL, NULL),
(111, 'Σάμος,Ελλάδα', 'Σάμος', '831 00', NULL, 'Ελλάδα', NULL, NULL, 'Ρόδος,Ελλάδα', 'Ρόδος', '851 00', NULL, 'Ελλάδα', NULL, NULL, '2020-12-07 12:53:24', NULL, NULL, NULL),
(112, 'Βάρνα,Βουλγαρία', 'Βάρνα', '', NULL, 'Βουλγαρία', NULL, NULL, 'Θεσσαλονίκη,Ελλάδα', 'Θεσσαλονίκη', '', NULL, 'Ελλάδα', NULL, NULL, '2020-12-07 12:53:24', NULL, NULL, NULL),
(113, 'Λαμία,Ελλάδα', 'Λαμία', '351 00', NULL, 'Ελλάδα', NULL, NULL, 'Βέροια,Ελλάδα', 'Βέροια', '591 32', NULL, 'Ελλάδα', NULL, NULL, '2020-12-07 12:53:24', NULL, NULL, NULL),
(114, 'Αλμπουκέρκη,Ηνωμένες Πολιτείες', 'Αλμπουκέρκη', '', '', 'Ηνωμένες Πολιτείες', 35.0843859, -106.650422, 'Τιχουάνα,Μεξικό', 'Τιχουάνα', '', '', 'Μεξικό', 32.5149469, -117.0382471, '2020-12-09 00:39:35', NULL, NULL, 'Προώθηση'),
(117, '', 'Λαμία', '', NULL, 'Ελλάδα', NULL, NULL, '', 'Βέροια', '', NULL, 'Ελλάδα', NULL, NULL, '2020-12-11 22:54:47', NULL, NULL, NULL),
(118, ',Ηνωμένες Πολιτείες', '-', '', NULL, 'Ηνωμένες Πολιτείες', NULL, NULL, 'Βερολίνο,Γερμανία', 'Βερολίνο', '', NULL, 'Γερμανία', NULL, NULL, '2020-12-12 00:19:18', NULL, NULL, NULL),
(120, 'Σάμος,Ελλάδα', 'Σάμος', '', 'Σάμος', 'Ελλάδα', 0, 0, 'Αθήνα,Ελλάδα', 'Αθήνα', '', '', 'Ελλάδα', 0, 0, '2020-12-12 00:44:30', '2020-12-12 00:44:41', NULL, 'Εσωτερικού'),
(121, '', 'Μαϊάμι', '', NULL, 'Ηνωμένες Πολιτείες', NULL, NULL, '', 'Ελάτη', '', NULL, 'Ελλάδα', NULL, NULL, '2020-12-14 00:22:17', NULL, NULL, NULL),
(122, '', 'χχχ', 'χχ', NULL, 'χχχ', NULL, NULL, '', 'χχ', 'χχχ', NULL, 'χχ', NULL, NULL, '2020-12-29 15:57:52', NULL, NULL, NULL),
(123, ',Ηνωμένο Βασίλειο', '-', 'WD25 7LR', NULL, 'Ηνωμένο Βασίλειο', NULL, NULL, ',Ταϊλάνδη', '-', '10330', NULL, 'Ταϊλάνδη', NULL, NULL, '2020-12-29 16:24:48', NULL, NULL, NULL),
(124, 'Σαντιάγο ντε Κερέταρο,Μεξικό', 'Σαντιάγο ντε Κερέταρο', '', NULL, 'Μεξικό', NULL, NULL, 'Φρανκφούρτη,Γερμανία', 'Φρανκφούρτη', '', NULL, 'Γερμανία', NULL, NULL, '2020-12-29 16:28:40', NULL, NULL, NULL),
(125, 'Edmonton,Καναδάς', 'Edmonton', 'T5T 4J2', NULL, 'Καναδάς', NULL, NULL, ',Ταϊβάν', '-', '10492', NULL, 'Ταϊβάν', NULL, NULL, '2020-12-30 04:24:36', NULL, NULL, NULL),
(126, 'Χαϊδάρι,Ελλάδα', 'Χαϊδάρι', '124 62', NULL, 'Ελλάδα', NULL, NULL, 'Πισσούρι,Κύπρος', 'Πισσούρι', '4607', NULL, 'Κύπρος', NULL, NULL, '2020-12-30 09:00:19', NULL, NULL, NULL),
(127, ',Βιετνάμ', '3r3r2', '324', NULL, 'Βιετνάμ', NULL, NULL, 'Singapore,Σιγκαπούρη', 'Singapore', '200031', NULL, 'Σιγκαπούρη', NULL, NULL, '2020-12-30 09:14:56', NULL, NULL, NULL),
(128, '', 'Αθήνα', '', NULL, 'Ελλάδα', NULL, NULL, '', 'Αθήνα', '', NULL, 'Ελλάδα', NULL, NULL, '2020-12-30 09:27:09', NULL, NULL, NULL),
(129, 'Ηράκλειο,Ελλάδα', 'Ηράκλειο', '', NULL, 'Ελλάδα', NULL, NULL, 'Δάφνη Αττικής,Ελλάδα', 'Δάφνη Αττικής', '342242', NULL, 'Ελλάδα', NULL, NULL, '2020-12-30 09:27:09', NULL, NULL, NULL),
(130, 'Χαϊδάρι,Ελλάδα', 'Χαϊδάρι', '124 61', NULL, 'Ελλάδα', NULL, NULL, 'Καλαμάτα,Ελλάδα', 'Καλαμάτα', '241 00', NULL, 'Ελλάδα', NULL, NULL, '2020-12-30 12:00:43', NULL, NULL, NULL),
(131, '', 'Αθήνα', '', NULL, 'Greece', NULL, NULL, '', 'Λίβερπουλ', '', NULL, 'Ηνωμένο Βασίλειο', NULL, NULL, '2020-12-30 16:42:56', NULL, NULL, NULL),
(132, '', '3r3r2', '', NULL, 'Βιετνάμ', NULL, NULL, '', 'Singapore', '', NULL, 'Σιγκαπούρη', NULL, NULL, '2020-12-30 16:54:04', NULL, NULL, NULL),
(133, '', 'Ηράκλειο', '', NULL, 'Ελλάδα', NULL, NULL, '', 'Δάφνη Αττικής', '', NULL, 'Ελλάδα', NULL, NULL, '2020-12-30 17:01:21', NULL, NULL, NULL),
(134, '', '-', '213', NULL, 'Ηνωμένες Πολιτείες', NULL, NULL, '', 'Βερολίνο', '34', NULL, 'Γερμανία', NULL, NULL, '2020-12-30 20:39:38', NULL, NULL, NULL),
(135, 'Gurugram,Ινδία', 'Gurugram', '213', NULL, 'Ινδία', NULL, NULL, 'Αθήνα,Ελλάδα', 'Αθήνα', '105 62', NULL, 'Ελλάδα', NULL, NULL, '2020-12-30 20:39:38', NULL, NULL, NULL),
(136, 'Μαρούσι,Ελλάδα', 'Μαρούσι', '', NULL, 'Ελλάδα', NULL, NULL, '', 'Singapore', '', NULL, 'Σιγκαπούρη', NULL, NULL, '2020-12-30 22:23:30', NULL, NULL, NULL),
(137, 'Βιτζαγιαβάντα,Ινδία', 'Βιτζαγιαβάντα', '', '', 'Ινδία', 16.5061743, 80.6480153, 'Φρανκφούρτη,Γερμανία', 'Φρανκφούρτη', '', '', 'Γερμανία', 50.1109221, 8.6821267, '2021-01-25 02:41:28', NULL, NULL, 'Προώθηση'),
(138, 'Pune,Ινδία', 'Pune', '233523', NULL, 'Ινδία', NULL, NULL, ',Ηνωμένο Βασίλειο', 'wqeq', 'WF6 1TN', NULL, 'Ηνωμένο Βασίλειο', NULL, NULL, '2021-01-25 12:05:44', NULL, NULL, NULL),
(139, 'Αθήνα,Ελλάδα', 'Αθήνα', '23423', NULL, 'Ελλάδα', NULL, NULL, 'Ζαχάρω,Ελλάδα', 'Ζαχάρω', '270 54', NULL, 'Ελλάδα', NULL, NULL, '2021-01-25 12:40:32', NULL, NULL, NULL),
(140, 'Αθήνα,Ελλάδα', 'Αθήνα', '12312', NULL, 'Ελλάδα', NULL, NULL, 'Χαλάνδρι,Ελλάδα', 'Χαλάνδρι', '4242', NULL, 'Ελλάδα', NULL, NULL, '2021-01-25 12:44:18', NULL, NULL, NULL),
(141, 'Karachi,Πακιστάν', 'Karachi', '4234242', NULL, 'Πακιστάν', NULL, NULL, 'Ζαχάρω,Ελλάδα', 'Ζαχάρω', '270 54', NULL, 'Ελλάδα', NULL, NULL, '2021-01-25 12:47:04', NULL, NULL, NULL),
(142, '', 'δδδ', '18533', NULL, '', NULL, NULL, '', '18533', '18533', NULL, '18533', NULL, NULL, '2021-01-26 17:52:17', NULL, NULL, NULL),
(143, '', 'Περιστέρι', '12137', NULL, 'Ελλάδα', NULL, NULL, '', 'Πειραιάς', '18544', NULL, 'Ελλάδα', NULL, NULL, '2021-01-26 20:45:19', NULL, NULL, NULL),
(144, '', 'Χαϊδάρι', '12462', NULL, 'Ελλάδα', NULL, NULL, '', 'Πειραιάς', '18544', NULL, 'Ελλάδα', NULL, NULL, '2021-01-26 21:07:43', NULL, NULL, NULL),
(145, '', 'Περιστέρι', '12137', NULL, 'Ελλάδα', NULL, NULL, '', 'Κερατσίνι', '18756', NULL, 'Ελλάδα', NULL, NULL, '2021-01-26 21:16:12', NULL, NULL, NULL),
(146, '', 'Θεσσαλονίκη', '54250', NULL, 'Ελλάδα', NULL, NULL, '', 'Πειραιάς', '18533', NULL, 'Ελλάδα', NULL, NULL, '2021-01-26 21:20:00', NULL, NULL, NULL),
(147, '', 'Άνω Λιόσια ', '13341', NULL, 'Ελλάδα', NULL, NULL, '', 'Άνω Λιόσια ', '13341', NULL, 'Ελλάδα', NULL, NULL, '2021-01-26 22:22:31', NULL, NULL, NULL),
(148, '', 'Άνω Λιόσια', '13341', NULL, 'Ελλάδα', NULL, NULL, '', 'Δήμος Αγίων Αναργύρων-Καματερού', '13451', NULL, 'Ελλάδα', NULL, NULL, '2021-02-07 21:30:40', NULL, NULL, NULL),
(149, '', 'Πειραιάς', '18533', NULL, 'Ελλάδα', NULL, NULL, '', 'Ξυλόκαστρο Ευρωστίνη', '20400', NULL, 'Ελλάδα', NULL, NULL, '2021-02-07 21:30:40', NULL, NULL, NULL),
(150, 'Κηφισιά,Ελλάδα', 'Κηφισιά', '145 64', NULL, 'Ελλάδα', NULL, NULL, 'Αγία Παρασκευή,Ελλάδα', 'Αγία Παρασκευή', '153 43', NULL, 'Ελλάδα', NULL, NULL, '2021-04-09 17:18:40', NULL, NULL, NULL);

-- --------------------------------------------------------

--
-- Δομή πίνακα για τον πίνακα `schedule_packages`
--

CREATE TABLE `schedule_packages` (
  `id` bigint(200) NOT NULL,
  `schedule_id` bigint(200) DEFAULT NULL,
  `measurement_unit_id` bigint(200) DEFAULT NULL,
  `from_unit` int(11) DEFAULT NULL,
  `to_unit` int(11) DEFAULT NULL,
  `unit_price` double DEFAULT NULL,
  `summary` double DEFAULT NULL,
  `creation_date` datetime DEFAULT NULL,
  `update_date` datetime DEFAULT NULL
) ENGINE=InnoDB DEFAULT CHARSET=utf8mb4;

--
-- Άδειασμα δεδομένων του πίνακα `schedule_packages`
--

INSERT INTO `schedule_packages` (`id`, `schedule_id`, `measurement_unit_id`, `from_unit`, `to_unit`, `unit_price`, `summary`, `creation_date`, `update_date`) VALUES
(1, 30, 2, 1, 45, 23.4, NULL, '2020-11-27 12:28:46', NULL),
(2, 30, 3, 2, 45, 23, NULL, '2020-11-27 12:28:46', NULL),
(4, 30, 8, 5, 34, 3, NULL, '2020-11-27 12:28:46', NULL),
(13, 30, 20, 3, 3, 2, NULL, '2020-11-27 12:28:46', NULL),
(15, 30, 18, 5, 5, 3, NULL, '2020-11-27 12:28:46', NULL),
(32, 30, 11, 7, 6, 5, NULL, '2020-11-28 02:16:34', NULL),
(42, 29, 19, 0, 0, 0, NULL, '2020-11-28 00:52:15', NULL),
(48, 30, 22, 0, 0, 0, NULL, '2020-11-28 02:37:28', NULL),
(51, 30, 22, 0, 0, 0, NULL, '2020-11-28 02:40:31', NULL),
(52, 30, 22, 0, 0, 0, NULL, '2020-11-28 02:40:35', NULL),
(54, 30, 21, 0, 0, 0, NULL, '2020-11-28 05:02:10', NULL),
(55, 30, 21, 0, 0, 0, NULL, '2020-11-28 05:02:18', NULL),
(56, 30, 21, 0, 0, 0, NULL, '2020-11-28 05:11:25', NULL),
(58, 29, 21, 0, 0, 0, NULL, '2020-11-28 05:44:33', NULL),
(59, 29, 20, 0, 0, 0, NULL, '2020-11-28 05:44:37', NULL),
(60, 29, 20, 0, 0, 0, NULL, '2020-11-28 05:44:42', NULL),
(61, 29, 19, 2, 3, 4, NULL, '2020-11-28 05:44:50', NULL),
(62, 29, 18, 3, 8, 8, NULL, '2020-11-28 05:45:00', NULL),
(63, 29, 5, 3, 0, 0, NULL, '2020-11-28 05:45:06', NULL),
(64, 29, 3, 3, 3, 4, NULL, '2020-11-28 05:45:14', NULL),
(65, 29, 20, 2, 2, 2, NULL, '2020-11-28 05:45:25', NULL),
(66, 29, 20, 3, 3, 8, NULL, '2020-11-30 03:31:37', NULL),
(69, 38, 5, 4, 5, 9, NULL, '2020-11-28 05:58:34', NULL),
(70, 38, 3, 4, 4, 8, NULL, '2020-11-28 05:58:44', NULL),
(71, 38, 5, 3, 4, 4, NULL, '2020-11-28 05:58:51', NULL),
(72, 38, 3, 5, 10, 10, NULL, '2020-11-28 05:58:59', NULL),
(73, 38, 5, 3, 5, 6, NULL, '2020-11-28 05:59:10', NULL),
(74, 30, 21, 0, 0, 0, NULL, '2020-11-28 06:14:09', NULL),
(80, 20, 23, 0, 0, 0, NULL, '2020-12-02 02:22:42', NULL),
(81, 38, 20, 1, 1, 2, NULL, '2020-11-28 14:19:37', NULL),
(82, 38, 19, 2, 3, 7, NULL, '2020-11-28 14:19:57', NULL),
(84, 39, 17, 3, 4, 8, NULL, '2020-11-28 14:21:13', NULL),
(85, 39, 5, 3, 5, 5, NULL, '2020-11-28 14:21:20', NULL),
(86, 39, 3, 2, 5, 8, NULL, '2020-11-28 14:21:26', NULL),
(88, 39, 21, 4, 8, 5, NULL, '2020-11-28 14:21:45', NULL),
(90, 39, 19, 4, 5, 9, NULL, '2020-11-28 14:21:59', NULL),
(91, 39, 21, 4, 5, 12, NULL, '2020-11-28 14:22:08', NULL),
(92, 39, 21, 4, 10, 9, NULL, '2020-11-28 14:22:15', NULL),
(110, 40, 23, 2, 3, 5, NULL, '2020-12-02 02:21:28', NULL),
(111, 29, 21, 1, 3, 3, NULL, '2020-11-30 03:31:23', NULL),
(112, 29, 21, 1, 3, 3, NULL, '2020-11-30 03:31:23', NULL),
(113, 29, 21, 2, 2, 2, NULL, '2020-11-30 03:31:43', NULL),
(115, 50, 21, 5, 5, 5, NULL, '2020-11-30 04:15:31', NULL),
(116, 50, 20, 3, 3, 4, NULL, '2020-11-30 04:15:38', NULL),
(117, 50, 20, 4, 7, 9, NULL, '2020-11-30 04:15:50', NULL),
(118, 50, 20, 5, 5, 11, NULL, '2020-11-30 04:16:01', NULL),
(119, 50, 20, 6, 6, 6, NULL, '2020-11-30 04:16:08', NULL),
(120, 50, 21, 3, 3, 5, NULL, '2020-11-30 04:16:14', NULL),
(121, 50, 21, 5, 5, 9, NULL, '2020-11-30 04:16:22', NULL),
(122, 50, 21, 3, 3, 5, NULL, '2020-11-30 04:16:30', NULL),
(123, 50, 21, 3, 3, 3, NULL, '2020-11-30 04:16:37', NULL),
(124, 50, 21, 4, 4, 4, NULL, '2020-11-30 04:16:43', NULL),
(125, 50, 20, 4, 4, 5, NULL, '2020-11-30 04:16:51', NULL),
(126, 51, 3, 4, 4, 5, NULL, '2020-12-01 15:07:03', NULL),
(127, 51, 3, 4, 4, 9, NULL, '2020-12-01 15:07:10', NULL),
(128, 51, 17, 4, 4, 8, NULL, '2020-12-01 15:07:16', NULL),
(129, 51, 16, 3, 3, 8, NULL, '2020-12-01 15:07:23', NULL),
(130, 51, 19, 4, 4, 8, NULL, '2020-12-01 15:07:31', NULL),
(131, 51, 22, 5, 5, 9, NULL, '2020-12-01 15:07:39', NULL),
(132, 51, 22, 5, 5, 9, NULL, '2020-12-01 15:07:47', NULL),
(133, 51, 22, 5, 5, 14, NULL, '2020-12-01 15:07:56', NULL),
(134, 51, 22, 5, 5, 15, NULL, '2020-12-01 15:08:04', NULL),
(135, 51, 22, 4, 4, 10, NULL, '2020-12-01 15:08:11', NULL),
(136, 51, 5, 5, 5, 10, NULL, '2020-12-01 15:08:17', NULL),
(137, 51, 5, 5, 5, 10, NULL, '2020-12-01 15:08:25', NULL),
(138, 51, 20, 5, 5, 5, NULL, '2020-12-01 15:08:32', NULL),
(139, 51, 18, 5, 5, 9, NULL, '2020-12-01 15:08:41', NULL),
(140, 51, 17, 3, 3, 6, NULL, '2020-12-01 15:08:51', NULL),
(152, 59, 23, 3, 3, 13, NULL, '2020-12-02 01:46:28', NULL),
(153, 46, 17, 5, 5, 10, NULL, '2020-12-01 20:20:04', NULL),
(155, 80, 17, 4, 4, 11, NULL, '2020-12-01 20:54:02', NULL),
(156, 80, 18, 4, 4, 9, NULL, '2020-12-01 20:54:07', NULL),
(157, 80, 2, 4, 4, 9, NULL, '2020-12-01 20:54:13', NULL),
(158, 80, 16, 5, 5, 10, NULL, '2020-12-01 20:54:19', NULL),
(159, 80, 5, 5, 5, 10, NULL, '2020-12-01 20:54:25', NULL),
(160, 80, 17, 4, 4, 10, NULL, '2020-12-01 20:54:30', NULL),
(161, 80, 19, 5, 5, 5, NULL, '2020-12-01 20:54:36', NULL),
(162, 80, 17, 4, 4, 9, NULL, '2020-12-01 20:54:42', NULL),
(163, 80, 18, 4, 4, 8, NULL, '2020-12-01 20:54:47', NULL),
(164, 80, 3, 2, 2, 4, NULL, '2020-12-02 19:14:10', NULL),
(165, 80, 11, 0, 0, 4, NULL, '2020-12-02 01:04:07', NULL),
(186, 20, 23, 2, 2, 4, NULL, '2020-12-01 23:13:13', NULL),
(195, 88, 11, 0, 0, 0, NULL, '2020-12-01 23:39:46', NULL),
(202, 87, 3, 0, 0, 0, NULL, '2020-12-02 00:00:35', NULL),
(203, 87, 18, 0, 0, 0, NULL, '2020-12-02 00:00:39', NULL),
(204, 87, 19, 0, 0, 0, NULL, '2020-12-02 00:00:43', NULL),
(212, 79, 3, 0, 0, 0, NULL, '2020-12-03 11:54:36', NULL),
(221, 84, 23, 0, 0, 0, NULL, '2020-12-02 01:37:39', NULL),
(224, 73, 11, 0, 0, 0, NULL, '2020-12-02 01:33:10', NULL),
(225, 73, 3, 0, 0, 0, NULL, '2020-12-02 01:33:13', NULL),
(226, 73, 18, 0, 0, 0, NULL, '2020-12-02 01:33:16', NULL),
(227, 73, 18, 0, 0, 0, NULL, '2020-12-03 11:39:40', NULL),
(228, 86, 23, 0, 0, 0, NULL, '2020-12-02 19:13:58', NULL),
(231, 89, 17, 0, 0, 0, NULL, '2020-12-02 04:07:47', NULL),
(232, 89, 3, 0, 0, 0, NULL, '2020-12-02 04:07:43', NULL),
(233, 89, 20, 0, 0, 0, NULL, '2020-12-02 04:07:52', NULL),
(234, 73, 11, 3, 5, 7, NULL, '2020-12-03 11:39:37', NULL),
(235, 73, 3, 3, 5, 8, NULL, '2020-12-03 11:39:46', NULL),
(236, 73, 17, 3, 5, 4, NULL, '2020-12-03 11:39:58', NULL),
(237, 73, 20, 4, 8, 7, NULL, '2020-12-03 11:40:04', NULL),
(238, 73, 3, 3, 5, 7, NULL, '2020-12-03 11:40:11', NULL),
(239, 73, 17, 4, 4, 4, NULL, '2020-12-03 11:40:22', NULL),
(240, 84, 11, 3, 4, 9, NULL, '2020-12-03 12:23:27', NULL),
(241, 84, 11, 4, 4, 14, NULL, '2020-12-03 12:37:39', NULL),
(242, 84, 20, 8, 8, 15, NULL, '2020-12-03 12:37:46', NULL),
(243, 84, 5, 4, 4, 15, NULL, '2020-12-03 12:37:52', NULL),
(244, 84, 11, 5, 5, 5, NULL, '2020-12-03 13:02:15', NULL),
(245, 84, 8, 4, 4, 9, NULL, '2020-12-03 13:02:21', NULL),
(246, 84, 16, 4, 4, 7, NULL, '2020-12-03 20:01:44', NULL),
(247, 86, 21, 3, 3, 9, NULL, '2020-12-03 13:03:49', NULL),
(248, 79, 3, 4, 4, 8, NULL, '2020-12-03 13:06:31', NULL),
(249, 20, 11, 4, 4, 11, NULL, '2020-12-03 13:22:37', NULL),
(250, 20, 11, 4, 4, 9, NULL, '2020-12-03 13:31:42', NULL),
(251, 20, 11, 6, 6, 11, NULL, '2020-12-03 13:37:33', NULL),
(252, 20, 11, 5, 5, 0, NULL, '2020-12-03 13:39:39', NULL),
(253, 20, 11, 4, 4, 0, NULL, '2020-12-03 13:44:10', NULL),
(254, 20, 2, 12, 12, 0, NULL, '2020-12-03 13:44:17', NULL),
(255, 20, 3, 6, 6, 11, NULL, '2020-12-03 13:49:48', NULL),
(256, 59, 3, 6, 6, 17, NULL, '2020-12-03 13:50:06', NULL),
(257, 20, 20, 5, 5, 9, NULL, '2020-12-03 13:51:52', NULL),
(258, 20, 5, 5, 5, 10, NULL, '2020-12-03 13:51:57', NULL),
(259, 20, 3, 4, 4, 8, NULL, '2020-12-03 14:31:23', NULL),
(260, 92, 11, 4, 4, 10, NULL, '2020-12-03 20:27:09', NULL),
(261, 92, 11, 5, 5, 11, NULL, '2020-12-03 20:27:16', NULL),
(262, 92, 11, 7, 7, 7, NULL, '2020-12-03 20:30:42', NULL),
(263, 92, 20, 6, 6, 14, NULL, '2020-12-03 20:30:51', NULL),
(264, 0, 20, 5, 5, 7, NULL, '2020-12-03 20:32:52', NULL),
(265, 0, 5, 5, 5, 14, NULL, '2020-12-03 20:32:58', NULL),
(266, 0, 20, 5, 5, 14, NULL, '2020-12-03 20:33:05', NULL),
(267, 95, 20, 5, 5, 14, NULL, '2020-12-03 20:33:10', NULL),
(268, 95, 5, 5, 5, 14, NULL, '2020-12-03 20:33:10', NULL),
(269, 95, 20, 5, 5, 7, NULL, '2020-12-03 20:33:10', NULL),
(270, 0, 11, 7, 7, 15, NULL, '2020-12-03 20:43:34', NULL),
(271, 96, 3, 5, 5, 10, NULL, '2020-12-03 21:03:45', NULL),
(272, 96, 11, 3, 3, 0, NULL, '2020-12-03 21:03:45', NULL),
(273, 97, 3, 2, 2, 4, NULL, '2020-12-04 04:23:26', NULL),
(274, 97, 11, 0, 0, 4, NULL, '2020-12-04 04:23:26', NULL),
(275, 97, 18, 4, 4, 8, NULL, '2020-12-04 04:23:26', NULL),
(276, 97, 17, 4, 4, 9, NULL, '2020-12-04 04:23:26', NULL),
(277, 97, 19, 5, 5, 5, NULL, '2020-12-04 04:23:26', NULL),
(278, 97, 17, 4, 4, 10, NULL, '2020-12-04 04:23:26', NULL),
(279, 97, 5, 5, 5, 10, NULL, '2020-12-04 04:23:26', NULL),
(280, 97, 16, 5, 5, 10, NULL, '2020-12-04 04:23:26', NULL),
(281, 97, 2, 4, 4, 9, NULL, '2020-12-04 04:23:26', NULL),
(282, 97, 18, 4, 4, 9, NULL, '2020-12-04 04:23:26', NULL),
(283, 97, 17, 4, 4, 11, NULL, '2020-12-04 04:23:26', NULL),
(285, 29, 21, 5, 5, 9, NULL, '2020-12-06 05:37:01', NULL),
(286, 29, 16, 4, 4, 9, NULL, '2020-12-06 05:37:07', NULL),
(287, 29, 17, 4, 4, 10, NULL, '2020-12-06 05:37:13', NULL),
(288, 29, 11, 5, 5, 9, NULL, '2020-12-06 05:37:20', NULL),
(289, 29, 19, 5, 5, 14, NULL, '2020-12-06 05:37:27', NULL),
(290, 29, 19, 3, 3, 6, NULL, '2020-12-06 05:37:34', NULL),
(291, 29, 2, 6, 6, 10, NULL, '2020-12-06 05:37:44', NULL),
(292, 29, 19, 5, 5, 10, NULL, '2020-12-06 05:37:51', NULL),
(293, 29, 21, 6, 6, 9, NULL, '2020-12-06 05:37:57', NULL),
(294, 29, 17, 6, 6, 9, NULL, '2020-12-06 05:38:04', NULL),
(295, 29, 20, 4, 4, 10, NULL, '2020-12-06 05:38:15', NULL),
(296, 106, 3, 2, 2, 4, NULL, '2020-12-06 05:56:16', NULL),
(297, 106, 18, 4, 4, 9, NULL, '2020-12-06 05:56:16', NULL),
(298, 106, 2, 4, 4, 9, NULL, '2020-12-06 05:56:16', NULL),
(299, 106, 16, 5, 5, 10, NULL, '2020-12-06 05:56:16', NULL),
(300, 106, 5, 5, 5, 10, NULL, '2020-12-06 05:56:16', NULL),
(301, 106, 17, 4, 4, 10, NULL, '2020-12-06 05:56:16', NULL),
(302, 106, 19, 5, 5, 5, NULL, '2020-12-06 05:56:16', NULL),
(303, 106, 17, 4, 4, 9, NULL, '2020-12-06 05:56:16', NULL),
(304, 106, 18, 4, 4, 8, NULL, '2020-12-06 05:56:16', NULL),
(305, 106, 11, 0, 0, 4, NULL, '2020-12-06 05:56:16', NULL),
(306, 106, 17, 4, 4, 11, NULL, '2020-12-06 05:56:16', NULL),
(307, 107, 3, 6, 6, 17, NULL, '2020-12-06 05:56:16', NULL),
(308, 107, 22, 3, 3, 13, NULL, '2020-12-10 02:31:17', NULL),
(310, 109, 20, 4, 4, 10, NULL, '2020-12-06 23:16:04', NULL),
(311, 109, 3, 6, 6, 17, NULL, '2020-12-06 23:16:04', NULL),
(312, 109, 22, 3, 3, 13, NULL, '2020-12-10 02:30:38', NULL),
(313, 110, 21, 6, 6, 17, NULL, '2020-12-06 23:21:30', NULL),
(314, 111, 2, 5, 5, 15, NULL, '2020-12-10 03:40:53', NULL),
(315, 112, 19, 0, 0, 0, NULL, '2020-12-07 12:53:24', NULL),
(316, 112, 17, 0, 0, 0, NULL, '2020-12-07 12:53:24', NULL),
(317, 112, 21, 6, 6, 0, NULL, '2020-12-07 12:53:24', NULL),
(318, 113, 2, 4, 4, 10, NULL, '2020-12-07 12:53:24', NULL),
(319, 113, 2, 4, 4, 11, NULL, '2020-12-07 12:53:24', NULL),
(320, 113, 3, 5, 5, 11, NULL, '2020-12-07 12:53:24', NULL),
(321, 113, 21, 3, 3, 9, NULL, '2020-12-07 12:53:24', NULL),
(322, 113, 23, 0, 0, 0, NULL, '2020-12-07 12:53:24', NULL),
(324, 117, 2, 4, 4, 10, NULL, '2020-12-11 22:54:47', NULL),
(325, 117, 2, 4, 4, 11, NULL, '2020-12-11 22:54:47', NULL),
(326, 117, 3, 5, 5, 11, NULL, '2020-12-11 22:54:47', NULL),
(327, 117, 21, 3, 3, 9, NULL, '2020-12-11 22:54:47', NULL),
(328, 117, 23, 0, 0, 0, NULL, '2020-12-11 22:54:47', NULL),
(329, 118, 17, 5, 5, 10, NULL, '2020-12-12 00:19:18', NULL),
(330, 121, 20, 4, 4, 5, NULL, '2020-12-14 00:22:17', NULL),
(331, 121, 21, 4, 4, 4, NULL, '2020-12-14 00:22:17', NULL),
(332, 121, 21, 3, 3, 3, NULL, '2020-12-14 00:22:17', NULL),
(333, 121, 21, 3, 3, 5, NULL, '2020-12-14 00:22:17', NULL),
(334, 121, 21, 5, 5, 9, NULL, '2020-12-14 00:22:17', NULL),
(335, 121, 21, 3, 3, 5, NULL, '2020-12-14 00:22:17', NULL),
(336, 121, 20, 6, 6, 6, NULL, '2020-12-14 00:22:17', NULL),
(337, 121, 20, 5, 5, 11, NULL, '2020-12-14 00:22:17', NULL),
(338, 121, 20, 4, 7, 9, NULL, '2020-12-14 00:22:17', NULL),
(339, 121, 20, 3, 3, 4, NULL, '2020-12-14 00:22:17', NULL),
(340, 121, 21, 5, 5, 5, NULL, '2020-12-14 00:22:17', NULL),
(341, 122, 22, 5, 5, 11, NULL, '2020-12-29 15:57:52', NULL),
(342, 123, 22, 0, 0, 0, NULL, '2020-12-29 16:24:48', NULL),
(343, 124, 21, 0, 0, 0, NULL, '2020-12-29 16:28:40', NULL),
(344, 125, 22, 0, 0, 0, NULL, '2020-12-30 04:24:36', NULL),
(345, 126, 11, 11, 11, 21, NULL, '2020-12-30 09:00:19', NULL),
(346, 126, 19, 11, 11, 18, NULL, '2020-12-30 09:00:19', NULL),
(347, 126, 19, 5, 5, 16, NULL, '2020-12-30 09:00:19', NULL),
(348, 126, 19, 6, 6, 11, NULL, '2020-12-30 09:00:19', NULL),
(349, 126, 2, 6, 6, 10, NULL, '2020-12-30 09:00:19', NULL),
(350, 126, 18, 5, 5, 10, NULL, '2020-12-30 09:00:19', NULL),
(351, 127, 21, 6, 6, 0, NULL, '2020-12-30 09:14:56', NULL),
(352, 128, 3, 2, 2, 4, NULL, '2020-12-30 09:27:09', NULL),
(353, 128, 11, 0, 0, 4, NULL, '2020-12-30 09:27:09', NULL),
(354, 128, 18, 4, 4, 8, NULL, '2020-12-30 09:27:09', NULL),
(355, 128, 17, 4, 4, 9, NULL, '2020-12-30 09:27:09', NULL),
(356, 128, 19, 5, 5, 5, NULL, '2020-12-30 09:27:09', NULL),
(357, 128, 17, 4, 4, 10, NULL, '2020-12-30 09:27:09', NULL),
(358, 128, 5, 5, 5, 10, NULL, '2020-12-30 09:27:09', NULL),
(359, 128, 16, 5, 5, 10, NULL, '2020-12-30 09:27:09', NULL),
(360, 128, 2, 4, 4, 9, NULL, '2020-12-30 09:27:09', NULL),
(361, 128, 18, 4, 4, 9, NULL, '2020-12-30 09:27:09', NULL),
(362, 128, 17, 4, 4, 11, NULL, '2020-12-30 09:27:09', NULL),
(363, 129, 24, 6, 6, 16, NULL, '2020-12-30 09:27:09', NULL),
(364, 129, 21, 6, 6, 16, NULL, '2020-12-30 09:27:09', NULL),
(365, 129, 2, 6, 6, 17, NULL, '2020-12-30 09:27:09', NULL),
(366, 129, 19, 6, 6, 11, NULL, '2020-12-30 09:27:09', NULL),
(367, 129, 16, 7, 7, 12, NULL, '2020-12-30 09:27:09', NULL),
(368, 130, 21, 0, 0, 0, NULL, '2020-12-30 12:00:43', NULL),
(369, 131, 17, 3, 3, 6, NULL, '2020-12-30 16:42:56', NULL),
(370, 131, 18, 5, 5, 9, NULL, '2020-12-30 16:42:56', NULL),
(371, 131, 20, 5, 5, 5, NULL, '2020-12-30 16:42:56', NULL),
(372, 131, 5, 5, 5, 10, NULL, '2020-12-30 16:42:56', NULL),
(373, 131, 5, 5, 5, 10, NULL, '2020-12-30 16:42:56', NULL),
(374, 131, 22, 4, 4, 10, NULL, '2020-12-30 16:42:56', NULL),
(375, 131, 22, 5, 5, 15, NULL, '2020-12-30 16:42:56', NULL),
(376, 131, 22, 5, 5, 14, NULL, '2020-12-30 16:42:56', NULL),
(377, 131, 22, 5, 5, 9, NULL, '2020-12-30 16:42:56', NULL),
(378, 131, 22, 5, 5, 9, NULL, '2020-12-30 16:42:56', NULL),
(379, 131, 19, 4, 4, 8, NULL, '2020-12-30 16:42:56', NULL),
(380, 131, 16, 3, 3, 8, NULL, '2020-12-30 16:42:56', NULL),
(381, 131, 17, 4, 4, 8, NULL, '2020-12-30 16:42:56', NULL),
(382, 131, 3, 4, 4, 9, NULL, '2020-12-30 16:42:56', NULL),
(383, 131, 3, 4, 4, 5, NULL, '2020-12-30 16:42:56', NULL),
(384, 132, 21, 6, 6, 0, NULL, '2020-12-30 16:54:04', NULL),
(385, 133, 24, 6, 6, 16, NULL, '2020-12-30 17:01:21', NULL),
(386, 133, 21, 6, 6, 16, NULL, '2020-12-30 17:01:21', NULL),
(387, 133, 2, 6, 6, 17, NULL, '2020-12-30 17:01:21', NULL),
(388, 133, 19, 6, 6, 11, NULL, '2020-12-30 17:01:21', NULL),
(389, 133, 16, 7, 7, 12, NULL, '2020-12-30 17:01:21', NULL),
(390, 134, 17, 5, 5, 10, NULL, '2020-12-30 20:39:38', NULL),
(391, 135, 19, 6, 6, 17, NULL, '2020-12-30 20:39:38', NULL),
(392, 135, 2, 5, 5, 15, NULL, '2020-12-30 20:39:38', NULL),
(394, 136, 5, 6, 6, 12, NULL, '2021-01-04 20:15:42', NULL),
(398, 136, 22, 1, 4, 0, NULL, '2021-01-04 20:24:38', NULL),
(399, 136, 22, 9, 15, 0, NULL, '2021-01-04 20:26:04', NULL),
(400, 136, 22, 17, 21, 0, NULL, '2021-01-04 20:26:31', NULL),
(401, 136, 22, 6, 8, 2, NULL, '2021-01-04 20:31:29', NULL),
(402, 138, 17, 6, 6, 11, NULL, '2021-01-25 12:05:44', NULL),
(403, 141, 17, 3, 3, 5, NULL, '2021-01-25 12:47:04', NULL),
(404, 143, 21, 6, 6, 12, NULL, '2021-01-26 20:45:19', NULL),
(405, 145, 22, 1, 5, 9, NULL, '2021-01-26 21:16:12', NULL),
(406, 146, 20, 0, 0, 0, NULL, '2021-01-26 21:20:00', NULL),
(407, 147, 2, 1, 3, 1, NULL, '2021-01-26 22:22:31', NULL),
(408, 148, 16, 6, 12, 19, NULL, '2021-02-07 21:30:40', NULL),
(409, 149, 22, 18, 24, 0, NULL, '2021-02-07 21:30:40', NULL),
(410, 149, 19, 10, 10, 19, NULL, '2021-02-07 21:30:40', NULL),
(411, 149, 22, 6, 17, 17, NULL, '2021-02-07 21:30:40', NULL),
(412, 149, 17, 6, 13, 11, NULL, '2021-02-07 21:30:40', NULL),
(413, 150, 22, 11, 21, 0, NULL, '2021-04-09 17:18:40', NULL);

-- --------------------------------------------------------

--
-- Δομή πίνακα για τον πίνακα `schedule_package_offer`
--

CREATE TABLE `schedule_package_offer` (
  `id` bigint(200) NOT NULL,
  `measure_unit_id` bigint(200) DEFAULT NULL,
  `offer_id` bigint(200) DEFAULT NULL,
  `from_unit` int(11) DEFAULT NULL,
  `to_unit` int(11) DEFAULT NULL,
  `unit_price` double DEFAULT NULL,
  `comments` varchar(255) DEFAULT NULL,
  `creation_date` datetime DEFAULT NULL,
  `update_date` datetime DEFAULT NULL,
  `offer_schedule_id` bigint(200) DEFAULT NULL,
  `type_package_measure` varchar(245) DEFAULT NULL
) ENGINE=InnoDB DEFAULT CHARSET=utf8mb4;

--
-- Άδειασμα δεδομένων του πίνακα `schedule_package_offer`
--

INSERT INTO `schedule_package_offer` (`id`, `measure_unit_id`, `offer_id`, `from_unit`, `to_unit`, `unit_price`, `comments`, `creation_date`, `update_date`, `offer_schedule_id`, `type_package_measure`) VALUES
(351, 23, 49, 2, 2, 4, '-', '2020-12-03 19:51:26', NULL, 43, 'Βάσει συσκευασίας (τεμ)'),
(352, 17, 49, 3, 3, 6, '-', '2020-12-03 19:51:26', NULL, 44, 'Βάσει συσκευασίας (τεμ)'),
(353, 18, 49, 5, 5, 9, '-', '2020-12-03 19:51:26', NULL, 44, 'Βάσει συσκευασίας (τεμ)'),
(354, 20, 49, 5, 5, 5, '-', '2020-12-03 19:51:26', NULL, 44, 'Βάσει συσκευασίας (τεμ)'),
(355, 5, 49, 5, 5, 10, '-', '2020-12-03 19:51:26', NULL, 44, 'Βάσει συσκευασίας (τεμ)'),
(356, 5, 49, 5, 5, 10, '-', '2020-12-03 19:51:26', NULL, 44, 'Βάσει συσκευασίας (τεμ)'),
(357, 22, 49, 4, 4, 10, '', '2020-12-03 19:51:26', NULL, 44, 'Βάσει συσκευασίας (τεμ)'),
(358, 22, 49, 5, 5, 15, '', '2020-12-03 19:51:26', NULL, 44, 'Βάσει συσκευασίας (τεμ)'),
(359, 22, 49, 5, 5, 14, '', '2020-12-03 19:51:26', NULL, 44, 'Βάσει συσκευασίας (τεμ)'),
(360, 22, 49, 5, 5, 9, '', '2020-12-03 19:51:26', NULL, 44, 'Βάσει συσκευασίας (τεμ)'),
(361, 22, 49, 5, 5, 9, '', '2020-12-03 19:51:26', NULL, 44, 'Βάσει συσκευασίας (τεμ)'),
(362, 19, 49, 4, 4, 8, '--', '2020-12-03 19:51:26', NULL, 44, 'Βάσει συσκευασίας (τεμ)'),
(363, 16, 49, 3, 3, 8, '--', '2020-12-03 19:51:26', NULL, 44, 'Βάσει συσκευασίας (τεμ)'),
(364, 17, 49, 4, 4, 8, '-', '2020-12-03 19:51:26', NULL, 44, 'Βάσει συσκευασίας (τεμ)'),
(365, 3, 49, 4, 4, 9, 'νο κομμεντσ', '2020-12-03 19:51:26', NULL, 44, 'Βάσει συσκευασίας (τεμ)'),
(366, 3, 49, 4, 4, 5, 'νο κομμεντσ', '2020-12-03 19:51:26', NULL, 44, 'Βάσει συσκευασίας (τεμ)'),
(400, 16, 51, 4, 4, 7, '--', '2020-12-03 19:56:50', NULL, 48, 'Βάσει συσκευασίας (τεμ)'),
(401, 8, 51, 4, 4, 9, '-', '2020-12-03 19:56:50', NULL, 48, 'Βάσει συσκευασίας (τεμ)'),
(402, 11, 51, 5, 5, 5, '-', '2020-12-03 19:56:50', NULL, 48, 'Βάσει συσκευασίας (τεμ)'),
(403, 5, 51, 4, 4, 15, '-', '2020-12-03 19:56:50', NULL, 48, 'Βάσει συσκευασίας (τεμ)'),
(404, 20, 51, 8, 8, 15, '-', '2020-12-03 19:56:50', NULL, 48, 'Βάσει συσκευασίας (τεμ)'),
(405, 11, 51, 4, 4, 14, '-', '2020-12-03 19:56:50', NULL, 48, 'Βάσει συσκευασίας (τεμ)'),
(406, 11, 51, 3, 4, 9, '-', '2020-12-03 19:56:50', NULL, 48, 'Βάσει συσκευασίας (τεμ)'),
(407, 23, 51, 0, 0, 0, '-', '2020-12-03 19:56:50', NULL, 48, 'Βάσει συσκευασίας (τεμ)'),
(437, 20, 57, 6, 6, 14, '-', '2020-12-03 20:30:52', NULL, 56, 'Βάσει συσκευασίας (τεμ)'),
(438, 11, 57, 7, 7, 7, '-', '2020-12-03 20:30:52', NULL, 56, 'Βάσει συσκευασίας (τεμ)'),
(2022, 11, 56, 5, 5, 16, '-', '2020-12-04 04:17:33', NULL, 608, 'Βάσει συσκευασίας (τεμ)'),
(2023, 3, 56, 6, 6, 17, 'νο κομμεντσ', '2020-12-04 04:17:33', NULL, 609, 'Βάσει συσκευασίας (τεμ)'),
(2024, 23, 56, 3, 3, 13, '-', '2020-12-04 04:17:33', NULL, 609, 'Βάσει συσκευασίας (τεμ)'),
(2025, 21, 56, 3, 3, 9, '', '2020-12-04 04:17:33', NULL, 610, 'Βάσει συσκευασίας (τεμ)'),
(2026, 23, 56, 0, 0, 0, '-', '2020-12-04 04:17:33', NULL, 610, 'Βάσει συσκευασίας (τεμ)'),
(2027, 3, 56, 4, 4, 14, 'νο κομμεντσ', '2020-12-04 04:17:33', NULL, 612, 'Βάσει συσκευασίας (τεμ)'),
(2028, 21, 56, 0, 0, 0, '', '2020-12-04 04:17:33', NULL, 613, 'Βάσει συσκευασίας (τεμ)'),
(2029, 21, 56, 0, 0, 0, '', '2020-12-04 04:17:33', NULL, 613, 'Βάσει συσκευασίας (τεμ)'),
(2030, 21, 56, 0, 0, 0, '', '2020-12-04 04:17:33', NULL, 613, 'Βάσει συσκευασίας (τεμ)'),
(2031, 21, 56, 0, 0, 0, '', '2020-12-04 04:17:33', NULL, 613, 'Βάσει συσκευασίας (τεμ)'),
(2032, 22, 56, 0, 0, 0, '', '2020-12-04 04:17:33', NULL, 613, 'Βάσει συσκευασίας (τεμ)'),
(2033, 22, 56, 0, 0, 0, '', '2020-12-04 04:17:33', NULL, 613, 'Βάσει συσκευασίας (τεμ)'),
(2034, 11, 56, 7, 6, 5, '-', '2020-12-04 04:17:33', NULL, 613, 'Βάσει συσκευασίας (τεμ)'),
(2035, 18, 56, 5, 5, 3, '-', '2020-12-04 04:17:33', NULL, 613, 'Βάσει συσκευασίας (τεμ)'),
(2036, 20, 56, 3, 3, 2, '-', '2020-12-04 04:17:33', NULL, 613, 'Βάσει συσκευασίας (τεμ)'),
(2037, 8, 56, 5, 34, 3, '-', '2020-12-04 04:17:33', NULL, 613, 'Βάσει συσκευασίας (τεμ)'),
(2038, 3, 56, 2, 45, 23, 'νο κομμεντσ', '2020-12-04 04:17:33', NULL, 613, 'Βάσει συσκευασίας (τεμ)'),
(2039, 2, 56, 1, 45, 23.4, 'νο κομμεντσ', '2020-12-04 04:17:33', NULL, 613, 'Βάσει συσκευασίας (τεμ)'),
(2040, 5, 56, 4, 5, 9, '-', '2020-12-04 04:17:33', NULL, 614, 'Βάσει συσκευασίας (τεμ)'),
(2041, 3, 59, 0, 0, 0, 'νο κομμεντσ', '2020-12-04 04:17:47', NULL, 615, 'Βάσει συσκευασίας (τεμ)'),
(2042, 20, 59, 0, 0, 0, '-', '2020-12-04 04:17:47', NULL, 616, 'Βάσει συσκευασίας (τεμ)'),
(2051, 16, 52, 4, 4, 7, '--', '2020-12-04 04:18:42', NULL, 622, 'Βάσει συσκευασίας (τεμ)'),
(2052, 8, 52, 4, 4, 9, '-', '2020-12-04 04:18:42', NULL, 622, 'Βάσει συσκευασίας (τεμ)'),
(2053, 11, 52, 5, 5, 5, '-', '2020-12-04 04:18:42', NULL, 622, 'Βάσει συσκευασίας (τεμ)'),
(2054, 5, 52, 4, 4, 15, '-', '2020-12-04 04:18:42', NULL, 622, 'Βάσει συσκευασίας (τεμ)'),
(2055, 20, 52, 8, 8, 15, '-', '2020-12-04 04:18:42', NULL, 622, 'Βάσει συσκευασίας (τεμ)'),
(2056, 11, 52, 4, 4, 14, '-', '2020-12-04 04:18:42', NULL, 622, 'Βάσει συσκευασίας (τεμ)'),
(2057, 11, 52, 3, 4, 9, '-', '2020-12-04 04:18:42', NULL, 622, 'Βάσει συσκευασίας (τεμ)'),
(2058, 23, 52, 0, 0, 0, '-', '2020-12-04 04:18:42', NULL, 622, 'Βάσει συσκευασίας (τεμ)'),
(2415, 3, 61, 2, 2, 4, 'νο κομμεντσ', '2020-12-06 05:56:31', NULL, 659, 'Βάσει συσκευασίας (τεμ)'),
(2416, 18, 61, 4, 4, 9, '-', '2020-12-06 05:56:31', NULL, 659, 'Βάσει συσκευασίας (τεμ)'),
(2417, 2, 61, 4, 4, 9, 'νο κομμεντσ', '2020-12-06 05:56:31', NULL, 659, 'Βάσει συσκευασίας (τεμ)'),
(2418, 16, 61, 5, 5, 10, '--', '2020-12-06 05:56:31', NULL, 659, 'Βάσει συσκευασίας (τεμ)'),
(2419, 5, 61, 5, 5, 10, '-', '2020-12-06 05:56:31', NULL, 659, 'Βάσει συσκευασίας (τεμ)'),
(2420, 17, 61, 4, 4, 10, '-', '2020-12-06 05:56:31', NULL, 659, 'Βάσει συσκευασίας (τεμ)'),
(2421, 19, 61, 5, 5, 5, '--', '2020-12-06 05:56:31', NULL, 659, 'Βάσει συσκευασίας (τεμ)'),
(2422, 17, 61, 4, 4, 9, '-', '2020-12-06 05:56:31', NULL, 659, 'Βάσει συσκευασίας (τεμ)'),
(2423, 18, 61, 4, 4, 8, '-', '2020-12-06 05:56:31', NULL, 659, 'Βάσει συσκευασίας (τεμ)'),
(2424, 11, 61, 0, 0, 4, '-', '2020-12-06 05:56:31', NULL, 659, 'Βάσει συσκευασίας (τεμ)'),
(2425, 17, 61, 4, 4, 11, '-', '2020-12-06 05:56:31', NULL, 659, 'Βάσει συσκευασίας (τεμ)'),
(2426, 3, 61, 6, 6, 17, 'νο κομμεντσ', '2020-12-06 05:56:31', NULL, 660, 'Βάσει συσκευασίας (τεμ)'),
(2427, 23, 61, 3, 3, 13, '-', '2020-12-06 05:56:31', NULL, 660, 'Βάσει συσκευασίας (τεμ)'),
(5123, 2, 65, 4, 4, 10, 'νο κομμεντσ', '2020-12-11 22:55:07', NULL, 1841, 'Βάσει συσκευασίας (τεμ)'),
(5124, 2, 65, 4, 4, 11, 'νο κομμεντσ', '2020-12-11 22:55:07', NULL, 1841, 'Βάσει συσκευασίας (τεμ)'),
(5125, 3, 65, 5, 5, 11, 'νο κομμεντσ', '2020-12-11 22:55:07', NULL, 1841, 'Βάσει συσκευασίας (τεμ)'),
(5126, 21, 65, 3, 3, 9, '', '2020-12-11 22:55:07', NULL, 1841, 'Βάσει συσκευασίας (τεμ)'),
(5127, 23, 65, 0, 0, 0, '-', '2020-12-11 22:55:07', NULL, 1841, 'Βάσει συσκευασίας (τεμ)'),
(5206, 17, 66, 5, 5, 10, '-', '2020-12-12 00:19:18', NULL, 1872, 'Βάσει συσκευασίας (τεμ)'),
(5456, 22, 73, 3, 3, 13, '', '2020-12-30 09:00:37', NULL, 1983, 'Βάσει συσκευασίας (τεμ)'),
(5457, 20, 73, 4, 4, 10, '-', '2020-12-30 09:00:37', NULL, 1983, 'Βάσει συσκευασίας (τεμ)'),
(5458, 3, 73, 6, 6, 17, 'νο κομμεντσ', '2020-12-30 09:00:37', NULL, 1983, 'Βάσει συσκευασίας (τεμ)'),
(5459, 11, 73, 11, 11, 21, '-', '2020-12-30 09:00:37', NULL, 1984, 'Βάσει συσκευασίας (τεμ)'),
(5460, 19, 73, 11, 11, 18, '--', '2020-12-30 09:00:37', NULL, 1984, 'Βάσει συσκευασίας (τεμ)'),
(5461, 19, 73, 5, 5, 16, '--', '2020-12-30 09:00:37', NULL, 1984, 'Βάσει συσκευασίας (τεμ)'),
(5462, 19, 73, 6, 6, 11, '--', '2020-12-30 09:00:37', NULL, 1984, 'Βάσει συσκευασίας (τεμ)'),
(5463, 2, 73, 6, 6, 10, 'νο κομμεντσ', '2020-12-30 09:00:37', NULL, 1984, 'Βάσει συσκευασίας (τεμ)'),
(5464, 18, 73, 5, 5, 10, '-', '2020-12-30 09:00:37', NULL, 1984, 'Βάσει συσκευασίας (τεμ)'),
(5466, 21, 74, 6, 6, 0, '', '2020-12-30 09:15:05', NULL, 1986, 'Βάσει συσκευασίας (τεμ)'),
(5629, 3, 75, 2, 2, 4, 'νο κομμεντσ', '2020-12-30 11:47:17', NULL, 2009, 'Βάσει συσκευασίας (τεμ)'),
(5630, 11, 75, 0, 0, 4, '-', '2020-12-30 11:47:17', NULL, 2009, 'Βάσει συσκευασίας (τεμ)'),
(5631, 18, 75, 4, 4, 8, '-', '2020-12-30 11:47:17', NULL, 2009, 'Βάσει συσκευασίας (τεμ)'),
(5632, 17, 75, 4, 4, 9, '-', '2020-12-30 11:47:17', NULL, 2009, 'Βάσει συσκευασίας (τεμ)'),
(5633, 19, 75, 5, 5, 5, '--', '2020-12-30 11:47:17', NULL, 2009, 'Βάσει συσκευασίας (τεμ)'),
(5634, 17, 75, 4, 4, 10, '-', '2020-12-30 11:47:17', NULL, 2009, 'Βάσει συσκευασίας (τεμ)'),
(5635, 5, 75, 5, 5, 10, '-', '2020-12-30 11:47:17', NULL, 2009, 'Βάσει συσκευασίας (τεμ)'),
(5636, 16, 75, 5, 5, 10, '--', '2020-12-30 11:47:17', NULL, 2009, 'Βάσει συσκευασίας (τεμ)'),
(5637, 2, 75, 4, 4, 9, 'νο κομμεντσ', '2020-12-30 11:47:17', NULL, 2009, 'Βάσει συσκευασίας (τεμ)'),
(5638, 18, 75, 4, 4, 9, '-', '2020-12-30 11:47:17', NULL, 2009, 'Βάσει συσκευασίας (τεμ)'),
(5639, 17, 75, 4, 4, 11, '-', '2020-12-30 11:47:17', NULL, 2009, 'Βάσει συσκευασίας (τεμ)'),
(5640, 24, 75, 6, 6, 16, '', '2020-12-30 11:47:17', NULL, 2010, 'Βάσει συσκευασίας (τεμ)'),
(5641, 21, 75, 6, 6, 16, '', '2020-12-30 11:47:17', NULL, 2010, 'Βάσει συσκευασίας (τεμ)'),
(5642, 2, 75, 6, 6, 17, 'νο κομμεντσ', '2020-12-30 11:47:17', NULL, 2010, 'Βάσει συσκευασίας (τεμ)'),
(5643, 19, 75, 6, 6, 11, '--', '2020-12-30 11:47:17', NULL, 2010, 'Βάσει συσκευασίας (τεμ)'),
(5644, 16, 75, 7, 7, 12, '--', '2020-12-30 11:47:17', NULL, 2010, 'Βάσει συσκευασίας (τεμ)'),
(5645, 21, 75, 0, 0, 0, '', '2020-12-30 11:47:17', NULL, 2011, 'Βάσει συσκευασίας (τεμ)'),
(5646, 3, 76, 2, 2, 4, 'νο κομμεντσ', '2020-12-30 12:00:43', NULL, 2012, 'Βάσει συσκευασίας (τεμ)'),
(5647, 11, 76, 0, 0, 4, '-', '2020-12-30 12:00:43', NULL, 2012, 'Βάσει συσκευασίας (τεμ)'),
(5648, 18, 76, 4, 4, 8, '-', '2020-12-30 12:00:43', NULL, 2012, 'Βάσει συσκευασίας (τεμ)'),
(5649, 17, 76, 4, 4, 9, '-', '2020-12-30 12:00:43', NULL, 2012, 'Βάσει συσκευασίας (τεμ)'),
(5650, 19, 76, 5, 5, 5, '--', '2020-12-30 12:00:43', NULL, 2012, 'Βάσει συσκευασίας (τεμ)'),
(5651, 17, 76, 4, 4, 10, '-', '2020-12-30 12:00:43', NULL, 2012, 'Βάσει συσκευασίας (τεμ)'),
(5652, 5, 76, 5, 5, 10, '-', '2020-12-30 12:00:43', NULL, 2012, 'Βάσει συσκευασίας (τεμ)'),
(5653, 16, 76, 5, 5, 10, '--', '2020-12-30 12:00:43', NULL, 2012, 'Βάσει συσκευασίας (τεμ)'),
(5654, 2, 76, 4, 4, 9, 'νο κομμεντσ', '2020-12-30 12:00:43', NULL, 2012, 'Βάσει συσκευασίας (τεμ)'),
(5655, 18, 76, 4, 4, 9, '-', '2020-12-30 12:00:43', NULL, 2012, 'Βάσει συσκευασίας (τεμ)'),
(5656, 17, 76, 4, 4, 11, '-', '2020-12-30 12:00:43', NULL, 2012, 'Βάσει συσκευασίας (τεμ)'),
(5657, 24, 76, 6, 6, 16, '', '2020-12-30 12:00:43', NULL, 2013, 'Βάσει συσκευασίας (τεμ)'),
(5658, 21, 76, 6, 6, 16, '', '2020-12-30 12:00:43', NULL, 2013, 'Βάσει συσκευασίας (τεμ)'),
(5659, 2, 76, 6, 6, 17, 'νο κομμεντσ', '2020-12-30 12:00:43', NULL, 2013, 'Βάσει συσκευασίας (τεμ)'),
(5660, 19, 76, 6, 6, 11, '--', '2020-12-30 12:00:43', NULL, 2013, 'Βάσει συσκευασίας (τεμ)'),
(5661, 16, 76, 7, 7, 12, '--', '2020-12-30 12:00:43', NULL, 2013, 'Βάσει συσκευασίας (τεμ)'),
(5662, 21, 76, 0, 0, 0, '', '2020-12-30 12:00:43', NULL, 2014, 'Βάσει συσκευασίας (τεμ)'),
(5918, 3, 77, 2, 2, 4, 'νο κομμεντσ', '2020-12-30 16:01:06', NULL, 2060, 'Βάσει συσκευασίας (τεμ)'),
(5919, 11, 77, 0, 0, 4, '-', '2020-12-30 16:01:06', NULL, 2060, 'Βάσει συσκευασίας (τεμ)'),
(5920, 18, 77, 4, 4, 8, '-', '2020-12-30 16:01:06', NULL, 2060, 'Βάσει συσκευασίας (τεμ)'),
(5921, 17, 77, 4, 4, 9, '-', '2020-12-30 16:01:06', NULL, 2060, 'Βάσει συσκευασίας (τεμ)'),
(5922, 19, 77, 5, 5, 5, '--', '2020-12-30 16:01:06', NULL, 2060, 'Βάσει συσκευασίας (τεμ)'),
(5923, 17, 77, 4, 4, 10, '-', '2020-12-30 16:01:06', NULL, 2060, 'Βάσει συσκευασίας (τεμ)'),
(5924, 5, 77, 5, 5, 10, '-', '2020-12-30 16:01:06', NULL, 2060, 'Βάσει συσκευασίας (τεμ)'),
(5925, 16, 77, 5, 5, 10, '--', '2020-12-30 16:01:06', NULL, 2060, 'Βάσει συσκευασίας (τεμ)'),
(5926, 2, 77, 4, 4, 9, 'νο κομμεντσ', '2020-12-30 16:01:06', NULL, 2060, 'Βάσει συσκευασίας (τεμ)'),
(5927, 18, 77, 4, 4, 9, '-', '2020-12-30 16:01:06', NULL, 2060, 'Βάσει συσκευασίας (τεμ)'),
(5928, 17, 77, 4, 4, 11, '-', '2020-12-30 16:01:06', NULL, 2060, 'Βάσει συσκευασίας (τεμ)'),
(5929, 24, 77, 6, 6, 16, '', '2020-12-30 16:01:06', NULL, 2061, 'Βάσει συσκευασίας (τεμ)'),
(5930, 21, 77, 6, 6, 16, '', '2020-12-30 16:01:06', NULL, 2061, 'Βάσει συσκευασίας (τεμ)'),
(5931, 2, 77, 6, 6, 17, 'νο κομμεντσ', '2020-12-30 16:01:06', NULL, 2061, 'Βάσει συσκευασίας (τεμ)'),
(5932, 19, 77, 6, 6, 11, '--', '2020-12-30 16:01:06', NULL, 2061, 'Βάσει συσκευασίας (τεμ)'),
(5933, 16, 77, 7, 7, 12, '--', '2020-12-30 16:01:06', NULL, 2061, 'Βάσει συσκευασίας (τεμ)'),
(5934, 21, 77, 0, 0, 0, '', '2020-12-30 16:01:06', NULL, 2062, 'Βάσει συσκευασίας (τεμ)'),
(5935, 3, 78, 2, 2, 4, 'νο κομμεντσ', '2020-12-30 16:40:36', NULL, 2063, 'Βάσει συσκευασίας (τεμ)'),
(5936, 11, 78, 0, 0, 4, '-', '2020-12-30 16:40:36', NULL, 2063, 'Βάσει συσκευασίας (τεμ)'),
(5937, 18, 78, 4, 4, 8, '-', '2020-12-30 16:40:36', NULL, 2063, 'Βάσει συσκευασίας (τεμ)'),
(5938, 17, 78, 4, 4, 9, '-', '2020-12-30 16:40:36', NULL, 2063, 'Βάσει συσκευασίας (τεμ)'),
(5939, 19, 78, 5, 5, 5, '--', '2020-12-30 16:40:36', NULL, 2063, 'Βάσει συσκευασίας (τεμ)'),
(5940, 17, 78, 4, 4, 10, '-', '2020-12-30 16:40:36', NULL, 2063, 'Βάσει συσκευασίας (τεμ)'),
(5941, 5, 78, 5, 5, 10, '-', '2020-12-30 16:40:36', NULL, 2063, 'Βάσει συσκευασίας (τεμ)'),
(5942, 16, 78, 5, 5, 10, '--', '2020-12-30 16:40:36', NULL, 2063, 'Βάσει συσκευασίας (τεμ)'),
(5943, 2, 78, 4, 4, 9, 'νο κομμεντσ', '2020-12-30 16:40:36', NULL, 2063, 'Βάσει συσκευασίας (τεμ)'),
(5944, 18, 78, 4, 4, 9, '-', '2020-12-30 16:40:36', NULL, 2063, 'Βάσει συσκευασίας (τεμ)'),
(5945, 17, 78, 4, 4, 11, '-', '2020-12-30 16:40:36', NULL, 2063, 'Βάσει συσκευασίας (τεμ)'),
(5946, 24, 78, 6, 6, 16, '', '2020-12-30 16:40:36', NULL, 2064, 'Βάσει συσκευασίας (τεμ)'),
(5947, 21, 78, 6, 6, 16, '', '2020-12-30 16:40:36', NULL, 2064, 'Βάσει συσκευασίας (τεμ)'),
(5948, 2, 78, 6, 6, 17, 'νο κομμεντσ', '2020-12-30 16:40:36', NULL, 2064, 'Βάσει συσκευασίας (τεμ)'),
(5949, 19, 78, 6, 6, 11, '--', '2020-12-30 16:40:36', NULL, 2064, 'Βάσει συσκευασίας (τεμ)'),
(5950, 16, 78, 7, 7, 12, '--', '2020-12-30 16:40:36', NULL, 2064, 'Βάσει συσκευασίας (τεμ)'),
(5951, 21, 78, 0, 0, 0, '', '2020-12-30 16:40:36', NULL, 2065, 'Βάσει συσκευασίας (τεμ)'),
(5982, 17, 79, 3, 3, 6, '-', '2020-12-30 16:53:22', NULL, 2068, 'Βάσει συσκευασίας (τεμ)'),
(5983, 18, 79, 5, 5, 9, '-', '2020-12-30 16:53:22', NULL, 2068, 'Βάσει συσκευασίας (τεμ)'),
(5984, 20, 79, 5, 5, 5, '-', '2020-12-30 16:53:22', NULL, 2068, 'Βάσει συσκευασίας (τεμ)'),
(5985, 5, 79, 5, 5, 10, '-', '2020-12-30 16:53:22', NULL, 2068, 'Βάσει συσκευασίας (τεμ)'),
(5986, 5, 79, 5, 5, 10, '-', '2020-12-30 16:53:22', NULL, 2068, 'Βάσει συσκευασίας (τεμ)'),
(5987, 22, 79, 4, 4, 10, '', '2020-12-30 16:53:22', NULL, 2068, 'Βάσει συσκευασίας (τεμ)'),
(5988, 22, 79, 5, 5, 15, '', '2020-12-30 16:53:22', NULL, 2068, 'Βάσει συσκευασίας (τεμ)'),
(5989, 22, 79, 5, 5, 14, '', '2020-12-30 16:53:22', NULL, 2068, 'Βάσει συσκευασίας (τεμ)'),
(5990, 22, 79, 5, 5, 9, '', '2020-12-30 16:53:22', NULL, 2068, 'Βάσει συσκευασίας (τεμ)'),
(5991, 22, 79, 5, 5, 9, '', '2020-12-30 16:53:22', NULL, 2068, 'Βάσει συσκευασίας (τεμ)'),
(5992, 19, 79, 4, 4, 8, '--', '2020-12-30 16:53:22', NULL, 2068, 'Βάσει συσκευασίας (τεμ)'),
(5993, 16, 79, 3, 3, 8, '--', '2020-12-30 16:53:22', NULL, 2068, 'Βάσει συσκευασίας (τεμ)'),
(5994, 17, 79, 4, 4, 8, '-', '2020-12-30 16:53:22', NULL, 2068, 'Βάσει συσκευασίας (τεμ)'),
(5995, 3, 79, 4, 4, 9, 'νο κομμεντσ', '2020-12-30 16:53:22', NULL, 2068, 'Βάσει συσκευασίας (τεμ)'),
(5996, 3, 79, 4, 4, 5, 'νο κομμεντσ', '2020-12-30 16:53:22', NULL, 2068, 'Βάσει συσκευασίας (τεμ)'),
(5999, 21, 80, 6, 6, 0, '', '2020-12-30 16:55:16', NULL, 2071, 'Βάσει συσκευασίας (τεμ)'),
(6040, 24, 82, 6, 6, 16, '', '2020-12-30 19:44:15', NULL, 2080, 'Βάσει συσκευασίας (τεμ)'),
(6041, 21, 82, 6, 6, 16, '', '2020-12-30 19:44:15', NULL, 2080, 'Βάσει συσκευασίας (τεμ)'),
(6042, 2, 82, 6, 6, 17, 'νο κομμεντσ', '2020-12-30 19:44:15', NULL, 2080, 'Βάσει συσκευασίας (τεμ)'),
(6043, 19, 82, 6, 6, 11, '--', '2020-12-30 19:44:15', NULL, 2080, 'Βάσει συσκευασίας (τεμ)'),
(6044, 16, 82, 7, 7, 12, '--', '2020-12-30 19:44:15', NULL, 2080, 'Βάσει συσκευασίας (τεμ)'),
(6050, 21, 81, 6, 6, 0, '', '2020-12-30 20:33:12', NULL, 2083, 'Βάσει συσκευασίας (τεμ)'),
(6051, 19, 81, 5, 5, 23, '--', '2020-12-30 20:33:12', NULL, 2084, 'Βάσει συσκευασίας (τεμ)'),
(6052, 2, 81, 12, 12, 16, 'νο κομμεντσ', '2020-12-30 20:33:12', NULL, 2084, 'Βάσει συσκευασίας (τεμ)'),
(6053, 19, 81, 8, 8, 16, '--', '2020-12-30 20:33:12', NULL, 2084, 'Βάσει συσκευασίας (τεμ)'),
(6054, 16, 81, 4, 4, 10, '--', '2020-12-30 20:33:12', NULL, 2084, 'Βάσει συσκευασίας (τεμ)'),
(6079, 21, 84, 6, 6, 0, '', '2020-12-30 20:53:29', NULL, 2103, 'Βάσει συσκευασίας (τεμ)'),
(6080, 17, 84, 5, 5, 10, '-', '2020-12-30 20:53:29', NULL, 2104, 'Βάσει συσκευασίας (τεμ)'),
(6081, 19, 84, 6, 6, 17, '--', '2020-12-30 20:53:29', NULL, 2105, 'Βάσει συσκευασίας (τεμ)'),
(6082, 2, 84, 5, 5, 15, 'νο κομμεντσ', '2020-12-30 20:53:29', NULL, 2105, 'Βάσει συσκευασίας (τεμ)'),
(6087, 21, 86, 6, 6, 0, '', '2020-12-30 22:23:39', NULL, 2109, 'Βάσει συσκευασίας (τεμ)'),
(6088, 17, 86, 5, 5, 10, '-', '2020-12-30 22:23:39', NULL, 2110, 'Βάσει συσκευασίας (τεμ)'),
(6089, 19, 86, 6, 6, 17, '--', '2020-12-30 22:23:39', NULL, 2111, 'Βάσει συσκευασίας (τεμ)'),
(6090, 2, 86, 5, 5, 15, 'νο κομμεντσ', '2020-12-30 22:23:39', NULL, 2111, 'Βάσει συσκευασίας (τεμ)'),
(6095, 21, 88, 6, 6, 0, '', '2020-12-30 22:28:12', NULL, 2115, 'Βάσει συσκευασίας (τεμ)'),
(6096, 17, 88, 5, 5, 10, '-', '2020-12-30 22:28:12', NULL, 2116, 'Βάσει συσκευασίας (τεμ)'),
(6097, 19, 88, 6, 6, 17, '--', '2020-12-30 22:28:12', NULL, 2117, 'Βάσει συσκευασίας (τεμ)'),
(6098, 2, 88, 5, 5, 15, 'νο κομμεντσ', '2020-12-30 22:28:12', NULL, 2117, 'Βάσει συσκευασίας (τεμ)'),
(6099, 21, 89, 6, 6, 0, '', '2020-12-30 22:28:21', NULL, 2118, 'Βάσει συσκευασίας (τεμ)'),
(6100, 17, 89, 5, 5, 10, '-', '2020-12-30 22:28:21', NULL, 2119, 'Βάσει συσκευασίας (τεμ)'),
(6101, 19, 89, 6, 6, 17, '--', '2020-12-30 22:28:21', NULL, 2120, 'Βάσει συσκευασίας (τεμ)'),
(6102, 2, 89, 5, 5, 15, 'νο κομμεντσ', '2020-12-30 22:28:21', NULL, 2120, 'Βάσει συσκευασίας (τεμ)'),
(6107, 21, 90, 6, 6, 0, '', '2020-12-30 22:32:12', NULL, 2124, 'Βάσει συσκευασίας (τεμ)'),
(6108, 17, 90, 5, 5, 10, '-', '2020-12-30 22:32:12', NULL, 2125, 'Βάσει συσκευασίας (τεμ)'),
(6109, 19, 90, 6, 6, 17, '--', '2020-12-30 22:32:12', NULL, 2126, 'Βάσει συσκευασίας (τεμ)'),
(6110, 2, 90, 5, 5, 15, 'νο κομμεντσ', '2020-12-30 22:32:12', NULL, 2126, 'Βάσει συσκευασίας (τεμ)'),
(6119, 21, 91, 6, 6, 0, '', '2020-12-30 22:52:32', NULL, 2133, 'Βάσει συσκευασίας (τεμ)'),
(6120, 17, 91, 5, 5, 10, '-', '2020-12-30 22:52:32', NULL, 2134, 'Βάσει συσκευασίας (τεμ)'),
(6121, 19, 91, 6, 6, 17, '--', '2020-12-30 22:52:32', NULL, 2135, 'Βάσει συσκευασίας (τεμ)'),
(6122, 2, 91, 5, 5, 15, 'νο κομμεντσ', '2020-12-30 22:52:32', NULL, 2135, 'Βάσει συσκευασίας (τεμ)'),
(6142, 20, 70, 4, 4, 10, '-', '2020-12-30 23:04:23', NULL, 2147, 'Βάσει συσκευασίας (τεμ)'),
(6143, 3, 70, 6, 6, 17, 'νο κομμεντσ', '2020-12-30 23:04:23', NULL, 2147, 'Βάσει συσκευασίας (τεμ)'),
(6144, 23, 70, 3, 3, 13, '-', '2020-12-30 23:04:23', NULL, 2147, 'Βάσει συσκευασίας (τεμ)'),
(6145, 5, 70, 5, 5, 11, '-', '2020-12-30 23:04:23', NULL, 2148, 'Βάσει συσκευασίας (τεμ)'),
(6146, 2, 70, 9, 9, 16, 'νο κομμεντσ', '2020-12-30 23:04:23', NULL, 2148, 'Βάσει συσκευασίας (τεμ)'),
(6147, 21, 70, 5, 5, 10, '', '2020-12-30 23:04:23', NULL, 2148, 'Βάσει συσκευασίας (τεμ)'),
(6148, 22, 70, 0, 0, 0, '', '2020-12-30 23:04:23', NULL, 2148, 'Βάσει συσκευασίας (τεμ)'),
(6149, 21, 92, 6, 6, 0, '', '2020-12-30 23:15:59', NULL, 2149, 'Βάσει συσκευασίας (τεμ)'),
(6150, 17, 92, 5, 5, 10, '-', '2020-12-30 23:15:59', NULL, 2150, 'Βάσει συσκευασίας (τεμ)'),
(6151, 19, 92, 6, 6, 17, '--', '2020-12-30 23:15:59', NULL, 2151, 'Βάσει συσκευασίας (τεμ)'),
(6152, 2, 92, 5, 5, 15, 'νο κομμεντσ', '2020-12-30 23:16:00', NULL, 2151, 'Βάσει συσκευασίας (τεμ)'),
(6153, 24, 71, 0, 0, 0, '', '2020-12-30 23:18:13', NULL, 2152, 'Βάσει συσκευασίας (τεμ)'),
(6154, 21, 71, 0, 0, 0, '', '2020-12-30 23:18:13', NULL, 2153, 'Βάσει συσκευασίας (τεμ)'),
(6155, 21, 71, 0, 0, 0, '', '2020-12-30 23:18:13', NULL, 2154, 'Βάσει συσκευασίας (τεμ)'),
(6156, 3, 71, 4, 4, 9, 'νο κομμεντσ', '2020-12-30 23:18:13', NULL, 2155, 'Βάσει συσκευασίας (τεμ)'),
(6157, 21, 71, 0, 0, 0, '', '2020-12-30 23:18:13', NULL, 2156, 'Βάσει συσκευασίας (τεμ)'),
(6174, 2, 68, 4, 4, 10, 'νο κομμεντσ', '2020-12-30 23:20:02', NULL, 2159, 'Βάσει συσκευασίας (τεμ)'),
(6175, 2, 68, 4, 4, 11, 'νο κομμεντσ', '2020-12-30 23:20:02', NULL, 2159, 'Βάσει συσκευασίας (τεμ)'),
(6176, 3, 68, 5, 5, 11, 'νο κομμεντσ', '2020-12-30 23:20:02', NULL, 2159, 'Βάσει συσκευασίας (τεμ)'),
(6177, 21, 68, 3, 3, 9, '', '2020-12-30 23:20:02', NULL, 2159, 'Βάσει συσκευασίας (τεμ)'),
(6178, 23, 68, 0, 0, 0, '-', '2020-12-30 23:20:02', NULL, 2159, 'Βάσει συσκευασίας (τεμ)'),
(6179, 20, 68, 4, 4, 5, '-', '2020-12-30 23:20:02', NULL, 2160, 'Βάσει συσκευασίας (τεμ)'),
(6180, 21, 68, 4, 4, 4, '', '2020-12-30 23:20:02', NULL, 2160, 'Βάσει συσκευασίας (τεμ)'),
(6181, 21, 68, 3, 3, 3, '', '2020-12-30 23:20:02', NULL, 2160, 'Βάσει συσκευασίας (τεμ)'),
(6182, 21, 68, 3, 3, 5, '', '2020-12-30 23:20:02', NULL, 2160, 'Βάσει συσκευασίας (τεμ)'),
(6183, 21, 68, 5, 5, 9, '', '2020-12-30 23:20:02', NULL, 2160, 'Βάσει συσκευασίας (τεμ)'),
(6184, 21, 68, 3, 3, 5, '', '2020-12-30 23:20:02', NULL, 2160, 'Βάσει συσκευασίας (τεμ)'),
(6185, 20, 68, 6, 6, 6, '-', '2020-12-30 23:20:02', NULL, 2160, 'Βάσει συσκευασίας (τεμ)'),
(6186, 20, 68, 5, 5, 11, '-', '2020-12-30 23:20:02', NULL, 2160, 'Βάσει συσκευασίας (τεμ)'),
(6187, 20, 68, 4, 7, 9, '-', '2020-12-30 23:20:02', NULL, 2160, 'Βάσει συσκευασίας (τεμ)'),
(6188, 20, 68, 3, 3, 4, '-', '2020-12-30 23:20:02', NULL, 2160, 'Βάσει συσκευασίας (τεμ)'),
(6189, 21, 68, 5, 5, 5, '', '2020-12-30 23:20:02', NULL, 2160, 'Βάσει συσκευασίας (τεμ)'),
(6190, 21, 83, 6, 6, 0, '', '2020-12-31 22:45:06', NULL, 2161, 'Βάσει συσκευασίας (τεμ)'),
(6191, 17, 83, 5, 5, 10, '-', '2020-12-31 22:45:06', NULL, 2162, 'Βάσει συσκευασίας (τεμ)'),
(6192, 19, 83, 6, 6, 17, '--', '2020-12-31 22:45:06', NULL, 2163, 'Βάσει συσκευασίας (τεμ)'),
(6193, 2, 83, 5, 5, 15, 'νο κομμεντσ', '2020-12-31 22:45:06', NULL, 2163, 'Βάσει συσκευασίας (τεμ)'),
(6209, 17, 93, 3, 3, 6, '-', '2021-01-02 04:34:57', NULL, 2165, 'Βάσει συσκευασίας (τεμ)'),
(6210, 18, 93, 5, 5, 9, '-', '2021-01-02 04:34:57', NULL, 2165, 'Βάσει συσκευασίας (τεμ)'),
(6211, 20, 93, 5, 5, 5, '-', '2021-01-02 04:34:57', NULL, 2165, 'Βάσει συσκευασίας (τεμ)'),
(6212, 5, 93, 5, 5, 10, '-', '2021-01-02 04:34:57', NULL, 2165, 'Βάσει συσκευασίας (τεμ)'),
(6213, 5, 93, 5, 5, 10, '-', '2021-01-02 04:34:57', NULL, 2165, 'Βάσει συσκευασίας (τεμ)'),
(6214, 22, 93, 4, 4, 10, '', '2021-01-02 04:34:57', NULL, 2165, 'Βάσει συσκευασίας (τεμ)'),
(6215, 22, 93, 5, 5, 15, '', '2021-01-02 04:34:57', NULL, 2165, 'Βάσει συσκευασίας (τεμ)'),
(6216, 22, 93, 5, 5, 14, '', '2021-01-02 04:34:57', NULL, 2165, 'Βάσει συσκευασίας (τεμ)'),
(6217, 22, 93, 5, 5, 9, '', '2021-01-02 04:34:57', NULL, 2165, 'Βάσει συσκευασίας (τεμ)'),
(6218, 22, 93, 5, 5, 9, '', '2021-01-02 04:34:57', NULL, 2165, 'Βάσει συσκευασίας (τεμ)'),
(6219, 19, 93, 4, 4, 8, '--', '2021-01-02 04:34:57', NULL, 2165, 'Βάσει συσκευασίας (τεμ)'),
(6220, 16, 93, 3, 3, 8, '--', '2021-01-02 04:34:57', NULL, 2165, 'Βάσει συσκευασίας (τεμ)'),
(6221, 17, 93, 4, 4, 8, '-', '2021-01-02 04:34:57', NULL, 2165, 'Βάσει συσκευασίας (τεμ)'),
(6222, 3, 93, 4, 4, 9, 'νο κομμεντσ', '2021-01-02 04:34:57', NULL, 2165, 'Βάσει συσκευασίας (τεμ)'),
(6223, 3, 93, 4, 4, 5, 'νο κομμεντσ', '2021-01-02 04:34:57', NULL, 2165, 'Βάσει συσκευασίας (τεμ)'),
(6254, 17, 94, 3, 3, 6, '-', '2021-01-02 04:35:46', NULL, 2168, 'Βάσει συσκευασίας (τεμ)'),
(6255, 18, 94, 5, 5, 9, '-', '2021-01-02 04:35:46', NULL, 2168, 'Βάσει συσκευασίας (τεμ)'),
(6256, 20, 94, 5, 5, 5, '-', '2021-01-02 04:35:46', NULL, 2168, 'Βάσει συσκευασίας (τεμ)'),
(6257, 5, 94, 5, 5, 10, '-', '2021-01-02 04:35:46', NULL, 2168, 'Βάσει συσκευασίας (τεμ)'),
(6258, 5, 94, 5, 5, 10, '-', '2021-01-02 04:35:46', NULL, 2168, 'Βάσει συσκευασίας (τεμ)'),
(6259, 22, 94, 4, 4, 10, '', '2021-01-02 04:35:46', NULL, 2168, 'Βάσει συσκευασίας (τεμ)'),
(6260, 22, 94, 5, 5, 15, '', '2021-01-02 04:35:46', NULL, 2168, 'Βάσει συσκευασίας (τεμ)'),
(6261, 22, 94, 5, 5, 14, '', '2021-01-02 04:35:46', NULL, 2168, 'Βάσει συσκευασίας (τεμ)'),
(6262, 22, 94, 5, 5, 9, '', '2021-01-02 04:35:46', NULL, 2168, 'Βάσει συσκευασίας (τεμ)'),
(6263, 22, 94, 5, 5, 9, '', '2021-01-02 04:35:46', NULL, 2168, 'Βάσει συσκευασίας (τεμ)'),
(6264, 19, 94, 4, 4, 8, '--', '2021-01-02 04:35:46', NULL, 2168, 'Βάσει συσκευασίας (τεμ)'),
(6265, 16, 94, 3, 3, 8, '--', '2021-01-02 04:35:46', NULL, 2168, 'Βάσει συσκευασίας (τεμ)'),
(6266, 17, 94, 4, 4, 8, '-', '2021-01-02 04:35:46', NULL, 2168, 'Βάσει συσκευασίας (τεμ)'),
(6267, 3, 94, 4, 4, 9, 'νο κομμεντσ', '2021-01-02 04:35:46', NULL, 2168, 'Βάσει συσκευασίας (τεμ)'),
(6268, 3, 94, 4, 4, 5, 'νο κομμεντσ', '2021-01-02 04:35:46', NULL, 2168, 'Βάσει συσκευασίας (τεμ)'),
(6288, 22, 72, 4, 4, 15, '', '2021-01-03 05:49:49', NULL, 2171, 'Βάσει συσκευασίας (τεμ)'),
(6289, 19, 72, 5, 5, 12, '--', '2021-01-03 05:49:49', NULL, 2171, 'Βάσει συσκευασίας (τεμ)'),
(6290, 2, 72, 5, 5, 10, 'νο κομμεντσ', '2021-01-03 05:49:49', NULL, 2171, 'Βάσει συσκευασίας (τεμ)'),
(6291, 22, 72, 0, 0, 0, '', '2021-01-03 05:49:49', NULL, 2171, 'Βάσει συσκευασίας (τεμ)'),
(6298, 19, 64, 0, 0, 0, '--', '2021-01-03 05:51:34', NULL, 2174, 'Βάσει συσκευασίας (τεμ)'),
(6299, 17, 64, 0, 0, 0, '-', '2021-01-03 05:51:34', NULL, 2174, 'Βάσει συσκευασίας (τεμ)'),
(6300, 21, 64, 6, 6, 0, '', '2021-01-03 05:51:34', NULL, 2174, 'Βάσει συσκευασίας (τεμ)'),
(6301, 17, 63, 5, 5, 10, '-', '2021-01-03 05:53:08', NULL, 2175, 'Βάσει συσκευασίας (τεμ)'),
(6308, 20, 62, 4, 4, 10, '-', '2021-01-03 05:54:08', NULL, 2178, 'Βάσει συσκευασίας (τεμ)'),
(6309, 3, 62, 6, 6, 17, 'νο κομμεντσ', '2021-01-03 05:54:08', NULL, 2178, 'Βάσει συσκευασίας (τεμ)'),
(6310, 23, 62, 3, 3, 13, '-', '2021-01-03 05:54:08', NULL, 2178, 'Βάσει συσκευασίας (τεμ)'),
(6328, 22, 95, 4, 9, 10, '', '2021-01-05 01:37:29', NULL, 2182, 'Βάσει συσκευασίας (τεμ)'),
(6329, 20, 50, 4, 4, 5, '-', '2021-01-05 01:47:48', NULL, 2183, 'Βάσει συσκευασίας (τεμ)'),
(6330, 21, 50, 4, 4, 4, '', '2021-01-05 01:47:48', NULL, 2183, 'Βάσει συσκευασίας (τεμ)'),
(6331, 21, 50, 3, 3, 3, '', '2021-01-05 01:47:48', NULL, 2183, 'Βάσει συσκευασίας (τεμ)'),
(6332, 21, 50, 3, 3, 5, '', '2021-01-05 01:47:48', NULL, 2183, 'Βάσει συσκευασίας (τεμ)'),
(6333, 21, 50, 5, 5, 9, '', '2021-01-05 01:47:48', NULL, 2183, 'Βάσει συσκευασίας (τεμ)'),
(6334, 21, 50, 3, 3, 5, '', '2021-01-05 01:47:48', NULL, 2183, 'Βάσει συσκευασίας (τεμ)'),
(6335, 20, 50, 6, 6, 6, '-', '2021-01-05 01:47:48', NULL, 2183, 'Βάσει συσκευασίας (τεμ)'),
(6336, 20, 50, 5, 5, 11, '-', '2021-01-05 01:47:48', NULL, 2183, 'Βάσει συσκευασίας (τεμ)'),
(6337, 20, 50, 4, 7, 9, '-', '2021-01-05 01:47:48', NULL, 2183, 'Βάσει συσκευασίας (τεμ)'),
(6338, 20, 50, 3, 3, 4, '-', '2021-01-05 01:47:48', NULL, 2183, 'Βάσει συσκευασίας (τεμ)'),
(6339, 21, 50, 5, 5, 5, '', '2021-01-05 01:47:48', NULL, 2183, 'Βάσει συσκευασίας (τεμ)'),
(6340, 22, 50, 4, 4, 11, '', '2021-01-05 01:47:48', NULL, 2184, 'Βάσει συσκευασίας (τεμ)'),
(6341, 11, 50, 6, 6, 14, '-', '2021-01-05 01:47:48', NULL, 2184, 'Βάσει συσκευασίας (τεμ)'),
(6342, 2, 50, 5, 5, 12, 'νο κομμεντσ', '2021-01-05 01:47:48', NULL, 2184, 'Βάσει συσκευασίας (τεμ)'),
(6343, 3, 50, 2, 2, 4, 'νο κομμεντσ', '2021-01-05 01:47:48', NULL, 2185, 'Βάσει συσκευασίας (τεμ)'),
(6344, 11, 50, 0, 0, 4, '-', '2021-01-05 01:47:48', NULL, 2185, 'Βάσει συσκευασίας (τεμ)'),
(6345, 18, 50, 4, 4, 8, '-', '2021-01-05 01:47:48', NULL, 2185, 'Βάσει συσκευασίας (τεμ)'),
(6346, 17, 50, 4, 4, 9, '-', '2021-01-05 01:47:48', NULL, 2185, 'Βάσει συσκευασίας (τεμ)'),
(6347, 19, 50, 5, 5, 5, '--', '2021-01-05 01:47:48', NULL, 2185, 'Βάσει συσκευασίας (τεμ)'),
(6348, 17, 50, 4, 4, 10, '-', '2021-01-05 01:47:48', NULL, 2185, 'Βάσει συσκευασίας (τεμ)'),
(6349, 5, 50, 5, 5, 10, '-', '2021-01-05 01:47:48', NULL, 2185, 'Βάσει συσκευασίας (τεμ)'),
(6350, 16, 50, 5, 5, 10, '--', '2021-01-05 01:47:48', NULL, 2185, 'Βάσει συσκευασίας (τεμ)'),
(6351, 2, 50, 4, 4, 9, 'νο κομμεντσ', '2021-01-05 01:47:48', NULL, 2185, 'Βάσει συσκευασίας (τεμ)'),
(6352, 18, 50, 4, 4, 9, '-', '2021-01-05 01:47:48', NULL, 2185, 'Βάσει συσκευασίας (τεμ)'),
(6353, 17, 50, 4, 4, 11, '-', '2021-01-05 01:47:48', NULL, 2185, 'Βάσει συσκευασίας (τεμ)'),
(6438, 3, 60, 2, 2, 4, 'νο κομμεντσ', '2021-01-05 05:51:08', NULL, 2194, 'Βάσει συσκευασίας (τεμ)'),
(6439, 18, 60, 4, 4, 9, '-', '2021-01-05 05:51:08', NULL, 2194, 'Βάσει συσκευασίας (τεμ)'),
(6440, 2, 60, 4, 4, 9, 'νο κομμεντσ', '2021-01-05 05:51:08', NULL, 2194, 'Βάσει συσκευασίας (τεμ)'),
(6441, 16, 60, 5, 5, 10, '--', '2021-01-05 05:51:08', NULL, 2194, 'Βάσει συσκευασίας (τεμ)'),
(6442, 5, 60, 5, 5, 10, '-', '2021-01-05 05:51:08', NULL, 2194, 'Βάσει συσκευασίας (τεμ)'),
(6443, 17, 60, 4, 4, 10, '-', '2021-01-05 05:51:08', NULL, 2194, 'Βάσει συσκευασίας (τεμ)'),
(6444, 19, 60, 5, 5, 5, '--', '2021-01-05 05:51:08', NULL, 2194, 'Βάσει συσκευασίας (τεμ)'),
(6445, 17, 60, 4, 4, 9, '-', '2021-01-05 05:51:08', NULL, 2194, 'Βάσει συσκευασίας (τεμ)'),
(6446, 18, 60, 4, 4, 8, '-', '2021-01-05 05:51:08', NULL, 2194, 'Βάσει συσκευασίας (τεμ)'),
(6447, 11, 60, 0, 0, 4, '-', '2021-01-05 05:51:08', NULL, 2194, 'Βάσει συσκευασίας (τεμ)'),
(6448, 17, 60, 4, 4, 11, '-', '2021-01-05 05:51:08', NULL, 2194, 'Βάσει συσκευασίας (τεμ)'),
(6449, 3, 60, 2, 2, 4, 'νο κομμεντσ', '2021-01-05 05:51:08', NULL, 2195, 'Βάσει συσκευασίας (τεμ)'),
(6450, 18, 60, 4, 4, 9, '-', '2021-01-05 05:51:08', NULL, 2195, 'Βάσει συσκευασίας (τεμ)'),
(6451, 2, 60, 4, 4, 9, 'νο κομμεντσ', '2021-01-05 05:51:08', NULL, 2195, 'Βάσει συσκευασίας (τεμ)'),
(6452, 16, 60, 5, 5, 10, '--', '2021-01-05 05:51:08', NULL, 2195, 'Βάσει συσκευασίας (τεμ)'),
(6453, 5, 60, 5, 5, 10, '-', '2021-01-05 05:51:08', NULL, 2195, 'Βάσει συσκευασίας (τεμ)'),
(6454, 17, 60, 4, 4, 10, '-', '2021-01-05 05:51:08', NULL, 2195, 'Βάσει συσκευασίας (τεμ)'),
(6455, 19, 60, 5, 5, 5, '--', '2021-01-05 05:51:08', NULL, 2195, 'Βάσει συσκευασίας (τεμ)'),
(6456, 17, 60, 4, 4, 9, '-', '2021-01-05 05:51:08', NULL, 2195, 'Βάσει συσκευασίας (τεμ)'),
(6457, 18, 60, 4, 4, 8, '-', '2021-01-05 05:51:08', NULL, 2195, 'Βάσει συσκευασίας (τεμ)'),
(6458, 11, 60, 0, 0, 4, '-', '2021-01-05 05:51:08', NULL, 2195, 'Βάσει συσκευασίας (τεμ)'),
(6459, 17, 60, 4, 4, 11, '-', '2021-01-05 05:51:08', NULL, 2195, 'Βάσει συσκευασίας (τεμ)'),
(6460, 3, 60, 2, 2, 4, 'νο κομμεντσ', '2021-01-05 05:51:08', NULL, 2196, 'Βάσει συσκευασίας (τεμ)'),
(6461, 11, 60, 0, 0, 4, '-', '2021-01-05 05:51:08', NULL, 2196, 'Βάσει συσκευασίας (τεμ)'),
(6462, 18, 60, 4, 4, 8, '-', '2021-01-05 05:51:08', NULL, 2196, 'Βάσει συσκευασίας (τεμ)'),
(6463, 17, 60, 4, 4, 9, '-', '2021-01-05 05:51:08', NULL, 2196, 'Βάσει συσκευασίας (τεμ)'),
(6464, 19, 60, 5, 5, 5, '--', '2021-01-05 05:51:08', NULL, 2196, 'Βάσει συσκευασίας (τεμ)'),
(6465, 17, 60, 4, 4, 10, '-', '2021-01-05 05:51:08', NULL, 2196, 'Βάσει συσκευασίας (τεμ)'),
(6466, 5, 60, 5, 5, 10, '-', '2021-01-05 05:51:08', NULL, 2196, 'Βάσει συσκευασίας (τεμ)'),
(6467, 16, 60, 5, 5, 10, '--', '2021-01-05 05:51:08', NULL, 2196, 'Βάσει συσκευασίας (τεμ)'),
(6468, 2, 60, 4, 4, 9, 'νο κομμεντσ', '2021-01-05 05:51:08', NULL, 2196, 'Βάσει συσκευασίας (τεμ)'),
(6469, 18, 60, 4, 4, 9, '-', '2021-01-05 05:51:08', NULL, 2196, 'Βάσει συσκευασίας (τεμ)'),
(6470, 17, 60, 4, 4, 11, '-', '2021-01-05 05:51:08', NULL, 2196, 'Βάσει συσκευασίας (τεμ)'),
(6471, 3, 60, 2, 2, 4, 'νο κομμεντσ', '2021-01-05 05:51:08', NULL, 2197, 'Βάσει συσκευασίας (τεμ)'),
(6472, 11, 60, 0, 0, 4, '-', '2021-01-05 05:51:08', NULL, 2197, 'Βάσει συσκευασίας (τεμ)'),
(6473, 18, 60, 4, 4, 8, '-', '2021-01-05 05:51:08', NULL, 2197, 'Βάσει συσκευασίας (τεμ)'),
(6474, 17, 60, 4, 4, 9, '-', '2021-01-05 05:51:08', NULL, 2197, 'Βάσει συσκευασίας (τεμ)'),
(6475, 19, 60, 5, 5, 5, '--', '2021-01-05 05:51:08', NULL, 2197, 'Βάσει συσκευασίας (τεμ)'),
(6476, 17, 60, 4, 4, 10, '-', '2021-01-05 05:51:08', NULL, 2197, 'Βάσει συσκευασίας (τεμ)'),
(6477, 5, 60, 5, 5, 10, '-', '2021-01-05 05:51:08', NULL, 2197, 'Βάσει συσκευασίας (τεμ)'),
(6478, 16, 60, 5, 5, 10, '--', '2021-01-05 05:51:08', NULL, 2197, 'Βάσει συσκευασίας (τεμ)'),
(6479, 2, 60, 4, 4, 9, 'νο κομμεντσ', '2021-01-05 05:51:08', NULL, 2197, 'Βάσει συσκευασίας (τεμ)'),
(6480, 18, 60, 4, 4, 9, '-', '2021-01-05 05:51:08', NULL, 2197, 'Βάσει συσκευασίας (τεμ)'),
(6481, 17, 60, 4, 4, 11, '-', '2021-01-05 05:51:08', NULL, 2197, 'Βάσει συσκευασίας (τεμ)'),
(6482, 3, 60, 2, 2, 4, 'νο κομμεντσ', '2021-01-05 05:51:08', NULL, 2198, 'Βάσει συσκευασίας (τεμ)'),
(6483, 11, 60, 0, 0, 4, '-', '2021-01-05 05:51:08', NULL, 2198, 'Βάσει συσκευασίας (τεμ)'),
(6484, 18, 60, 4, 4, 8, '-', '2021-01-05 05:51:08', NULL, 2198, 'Βάσει συσκευασίας (τεμ)'),
(6485, 17, 60, 4, 4, 9, '-', '2021-01-05 05:51:08', NULL, 2198, 'Βάσει συσκευασίας (τεμ)'),
(6486, 19, 60, 5, 5, 5, '--', '2021-01-05 05:51:08', NULL, 2198, 'Βάσει συσκευασίας (τεμ)'),
(6487, 17, 60, 4, 4, 10, '-', '2021-01-05 05:51:08', NULL, 2198, 'Βάσει συσκευασίας (τεμ)'),
(6488, 5, 60, 5, 5, 10, '-', '2021-01-05 05:51:08', NULL, 2198, 'Βάσει συσκευασίας (τεμ)'),
(6489, 16, 60, 5, 5, 10, '--', '2021-01-05 05:51:08', NULL, 2198, 'Βάσει συσκευασίας (τεμ)'),
(6490, 2, 60, 4, 4, 9, 'νο κομμεντσ', '2021-01-05 05:51:08', NULL, 2198, 'Βάσει συσκευασίας (τεμ)'),
(6491, 18, 60, 4, 4, 9, '-', '2021-01-05 05:51:08', NULL, 2198, 'Βάσει συσκευασίας (τεμ)'),
(6492, 17, 60, 4, 4, 11, '-', '2021-01-05 05:51:08', NULL, 2198, 'Βάσει συσκευασίας (τεμ)'),
(6493, 3, 60, 2, 2, 4, 'νο κομμεντσ', '2021-01-05 05:51:08', NULL, 2199, 'Βάσει συσκευασίας (τεμ)'),
(6494, 11, 60, 0, 0, 4, '-', '2021-01-05 05:51:08', NULL, 2199, 'Βάσει συσκευασίας (τεμ)'),
(6495, 18, 60, 4, 4, 8, '-', '2021-01-05 05:51:08', NULL, 2199, 'Βάσει συσκευασίας (τεμ)'),
(6496, 17, 60, 4, 4, 9, '-', '2021-01-05 05:51:08', NULL, 2199, 'Βάσει συσκευασίας (τεμ)'),
(6497, 19, 60, 5, 5, 5, '--', '2021-01-05 05:51:08', NULL, 2199, 'Βάσει συσκευασίας (τεμ)'),
(6498, 17, 60, 4, 4, 10, '-', '2021-01-05 05:51:08', NULL, 2199, 'Βάσει συσκευασίας (τεμ)'),
(6499, 5, 60, 5, 5, 10, '-', '2021-01-05 05:51:08', NULL, 2199, 'Βάσει συσκευασίας (τεμ)'),
(6500, 16, 60, 5, 5, 10, '--', '2021-01-05 05:51:08', NULL, 2199, 'Βάσει συσκευασίας (τεμ)'),
(6501, 2, 60, 4, 4, 9, 'νο κομμεντσ', '2021-01-05 05:51:08', NULL, 2199, 'Βάσει συσκευασίας (τεμ)'),
(6502, 18, 60, 4, 4, 9, '-', '2021-01-05 05:51:08', NULL, 2199, 'Βάσει συσκευασίας (τεμ)'),
(6503, 17, 60, 4, 4, 11, '-', '2021-01-05 05:51:08', NULL, 2199, 'Βάσει συσκευασίας (τεμ)'),
(6504, 22, 60, 0, 0, 0, '', '2021-01-05 05:51:08', NULL, 2200, 'Βάσει συσκευασίας (τεμ)'),
(6505, 3, 60, 0, 0, 0, 'νο κομμεντσ', '2021-01-05 05:51:08', NULL, 2200, 'Βάσει συσκευασίας (τεμ)'),
(6506, 3, 60, 0, 0, 0, 'νο κομμεντσ', '2021-01-05 05:51:08', NULL, 2200, 'Βάσει συσκευασίας (τεμ)'),
(6507, 19, 60, 0, 0, 0, '--', '2021-01-05 05:51:08', NULL, 2200, 'Βάσει συσκευασίας (τεμ)'),
(6508, 2, 60, 0, 0, 0, 'νο κομμεντσ', '2021-01-05 05:51:08', NULL, 2200, 'Βάσει συσκευασίας (τεμ)'),
(6509, 2, 60, 0, 0, 0, 'νο κομμεντσ', '2021-01-05 05:51:08', NULL, 2200, 'Βάσει συσκευασίας (τεμ)'),
(6510, 17, 60, 0, 0, 0, '-', '2021-01-05 05:51:08', NULL, 2200, 'Βάσει συσκευασίας (τεμ)'),
(6511, 20, 60, 0, 0, 0, '-', '2021-01-05 05:51:08', NULL, 2200, 'Βάσει συσκευασίας (τεμ)'),
(6512, 21, 60, 0, 0, 0, '', '2021-01-05 05:51:08', NULL, 2200, 'Βάσει συσκευασίας (τεμ)'),
(6513, 22, 60, 0, 0, 0, '', '2021-01-05 05:51:08', NULL, 2201, 'Βάσει συσκευασίας (τεμ)'),
(6514, 3, 60, 0, 0, 0, 'νο κομμεντσ', '2021-01-05 05:51:08', NULL, 2201, 'Βάσει συσκευασίας (τεμ)'),
(6515, 3, 60, 0, 0, 0, 'νο κομμεντσ', '2021-01-05 05:51:08', NULL, 2201, 'Βάσει συσκευασίας (τεμ)'),
(6516, 19, 60, 0, 0, 0, '--', '2021-01-05 05:51:08', NULL, 2201, 'Βάσει συσκευασίας (τεμ)'),
(6517, 2, 60, 0, 0, 0, 'νο κομμεντσ', '2021-01-05 05:51:08', NULL, 2201, 'Βάσει συσκευασίας (τεμ)'),
(6518, 2, 60, 0, 0, 0, 'νο κομμεντσ', '2021-01-05 05:51:08', NULL, 2201, 'Βάσει συσκευασίας (τεμ)'),
(6519, 17, 60, 0, 0, 0, '-', '2021-01-05 05:51:08', NULL, 2201, 'Βάσει συσκευασίας (τεμ)'),
(6520, 20, 60, 0, 0, 0, '-', '2021-01-05 05:51:08', NULL, 2201, 'Βάσει συσκευασίας (τεμ)'),
(6521, 21, 60, 0, 0, 0, '', '2021-01-05 05:51:08', NULL, 2201, 'Βάσει συσκευασίας (τεμ)'),
(6525, 20, 48, 0, 0, 0, '-', '2021-01-05 11:25:23', NULL, 2203, 'Βάσει συσκευασίας (τεμ)'),
(6526, 17, 48, 0, 0, 0, '-', '2021-01-05 11:25:23', NULL, 2203, 'Βάσει συσκευασίας (τεμ)'),
(6527, 3, 48, 0, 0, 0, 'νο κομμεντσ', '2021-01-05 11:25:23', NULL, 2203, 'Βάσει συσκευασίας (τεμ)'),
(6528, 22, 69, 5, 5, 11, '', '2021-01-05 11:33:13', NULL, 2204, 'Βάσει συσκευασίας (τεμ)'),
(6577, 2, 67, 4, 4, 10, 'νο κομμεντσ', '2021-01-05 11:35:49', NULL, 2213, 'Βάσει συσκευασίας (τεμ)'),
(6578, 2, 67, 4, 4, 11, 'νο κομμεντσ', '2021-01-05 11:35:49', NULL, 2213, 'Βάσει συσκευασίας (τεμ)'),
(6579, 3, 67, 5, 5, 11, 'νο κομμεντσ', '2021-01-05 11:35:49', NULL, 2213, 'Βάσει συσκευασίας (τεμ)'),
(6580, 21, 67, 3, 3, 9, '', '2021-01-05 11:35:49', NULL, 2213, 'Βάσει συσκευασίας (τεμ)'),
(6581, 23, 67, 0, 0, 0, '-', '2021-01-05 11:35:49', NULL, 2213, 'Βάσει συσκευασίας (τεμ)'),
(6582, 19, 67, 2, 3, 7, '--', '2021-01-05 11:35:49', NULL, 2214, 'Βάσει συσκευασίας (τεμ)'),
(6583, 20, 67, 1, 1, 2, '-', '2021-01-05 11:35:49', NULL, 2214, 'Βάσει συσκευασίας (τεμ)'),
(6584, 5, 67, 3, 5, 6, '-', '2021-01-05 11:35:49', NULL, 2214, 'Βάσει συσκευασίας (τεμ)'),
(6585, 3, 67, 5, 10, 10, 'νο κομμεντσ', '2021-01-05 11:35:49', NULL, 2214, 'Βάσει συσκευασίας (τεμ)'),
(6586, 5, 67, 3, 4, 4, '-', '2021-01-05 11:35:49', NULL, 2214, 'Βάσει συσκευασίας (τεμ)'),
(6587, 3, 67, 4, 4, 8, 'νο κομμεντσ', '2021-01-05 11:35:49', NULL, 2214, 'Βάσει συσκευασίας (τεμ)'),
(6588, 5, 67, 4, 5, 9, '-', '2021-01-05 11:35:49', NULL, 2214, 'Βάσει συσκευασίας (τεμ)'),
(6592, 20, 47, 0, 0, 0, '-', '2021-01-05 11:39:59', NULL, 2216, 'Βάσει συσκευασίας (τεμ)'),
(6593, 17, 47, 0, 0, 0, '-', '2021-01-05 11:39:59', NULL, 2216, 'Βάσει συσκευασίας (τεμ)'),
(6594, 3, 47, 0, 0, 0, 'νο κομμεντσ', '2021-01-05 11:39:59', NULL, 2216, 'Βάσει συσκευασίας (τεμ)'),
(6595, 20, 58, 5, 5, 14, '-', '2021-01-05 11:45:25', NULL, 2217, 'Βάσει συσκευασίας (τεμ)'),
(6596, 5, 58, 5, 5, 14, '-', '2021-01-05 11:45:25', NULL, 2217, 'Βάσει συσκευασίας (τεμ)'),
(6597, 20, 58, 5, 5, 7, '-', '2021-01-05 11:45:25', NULL, 2217, 'Βάσει συσκευασίας (τεμ)'),
(6598, 11, 55, 5, 5, 11, '-', '2021-01-05 11:50:08', NULL, 2218, 'Βάσει συσκευασίας (τεμ)'),
(6599, 11, 55, 4, 4, 10, '-', '2021-01-05 11:50:08', NULL, 2218, 'Βάσει συσκευασίας (τεμ)'),
(6600, 17, 96, 6, 6, 11, '-', '2021-01-25 12:05:44', NULL, 2219, 'Βάσει συσκευασίας (τεμ)'),
(6603, 17, 99, 3, 3, 5, '-', '2021-01-25 12:48:57', NULL, 2224, 'Βάσει συσκευασίας (τεμ)'),
(6673, 17, 101, 3, 3, 6, '-', '2021-01-26 03:17:06', NULL, 2232, 'Βάσει συσκευασίας (τεμ)'),
(6674, 3, 101, 4, 4, 9, 'νο κομμεντσ', '2021-01-26 03:17:06', NULL, 2232, 'Βάσει συσκευασίας (τεμ)'),
(6675, 17, 101, 4, 4, 8, '-', '2021-01-26 03:17:06', NULL, 2232, 'Βάσει συσκευασίας (τεμ)'),
(6676, 16, 101, 3, 3, 8, '--', '2021-01-26 03:17:06', NULL, 2232, 'Βάσει συσκευασίας (τεμ)'),
(6677, 19, 101, 4, 4, 8, '--', '2021-01-26 03:17:06', NULL, 2232, 'Βάσει συσκευασίας (τεμ)'),
(6678, 22, 101, 5, 5, 9, '', '2021-01-26 03:17:06', NULL, 2232, 'Βάσει συσκευασίας (τεμ)'),
(6679, 22, 101, 5, 5, 9, '', '2021-01-26 03:17:06', NULL, 2232, 'Βάσει συσκευασίας (τεμ)'),
(6680, 22, 101, 5, 5, 14, '', '2021-01-26 03:17:06', NULL, 2232, 'Βάσει συσκευασίας (τεμ)'),
(6681, 22, 101, 5, 5, 15, '', '2021-01-26 03:17:06', NULL, 2232, 'Βάσει συσκευασίας (τεμ)'),
(6682, 22, 101, 4, 4, 10, '', '2021-01-26 03:17:06', NULL, 2232, 'Βάσει συσκευασίας (τεμ)'),
(6683, 5, 101, 5, 5, 10, '-', '2021-01-26 03:17:06', NULL, 2232, 'Βάσει συσκευασίας (τεμ)'),
(6684, 5, 101, 5, 5, 10, '-', '2021-01-26 03:17:06', NULL, 2232, 'Βάσει συσκευασίας (τεμ)'),
(6685, 20, 101, 5, 5, 5, '-', '2021-01-26 03:17:06', NULL, 2232, 'Βάσει συσκευασίας (τεμ)'),
(6686, 18, 101, 5, 5, 9, '-', '2021-01-26 03:17:06', NULL, 2232, 'Βάσει συσκευασίας (τεμ)'),
(6687, 3, 101, 4, 4, 5, 'νο κομμεντσ', '2021-01-26 03:17:06', NULL, 2232, 'Βάσει συσκευασίας (τεμ)'),
(6688, 20, 101, 5, 5, 14, '-', '2021-01-26 03:17:06', NULL, 2233, 'Βάσει συσκευασίας (τεμ)'),
(6689, 5, 101, 5, 5, 14, '-', '2021-01-26 03:17:06', NULL, 2233, 'Βάσει συσκευασίας (τεμ)'),
(6690, 20, 101, 5, 5, 7, '-', '2021-01-26 03:17:06', NULL, 2233, 'Βάσει συσκευασίας (τεμ)'),
(6705, 21, 102, 3, 3, 12, '', '2021-01-26 17:44:27', NULL, 2240, 'Βάσει συσκευασίας (τεμ)'),
(6706, 19, 102, 5, 5, 9, '--', '2021-01-26 17:44:27', NULL, 2241, 'Βάσει συσκευασίας (τεμ)'),
(6707, 17, 102, 4, 10, 17, '-', '2021-01-26 17:44:27', NULL, 2242, 'Βάσει συσκευασίας (τεμ)'),
(6708, 18, 102, 4, 9, 5, '-', '2021-01-26 17:44:27', NULL, 2242, 'Βάσει συσκευασίας (τεμ)'),
(6728, 20, 108, 0, 0, 0, '-', '2021-01-26 21:57:13', NULL, 2267, 'Βάσει συσκευασίας (τεμ)'),
(6729, 20, 108, 0, 0, 0, '-', '2021-01-26 21:57:13', NULL, 2268, 'Βάσει συσκευασίας (τεμ)'),
(6730, 5, 108, 1, 5, 10, '-', '2021-01-26 21:57:13', NULL, 2269, 'Βάσει συσκευασίας (τεμ)'),
(6885, NULL, NULL, NULL, NULL, NULL, NULL, NULL, NULL, NULL, 'Βάσει συσκευασίας (τεμ)'),
(7149, 11, 107, 5, 5, 13, '-', '2021-02-03 22:17:38', NULL, 2458, 'Βάσει βάρους επί καθαρού (kg)'),
(7150, 11, 107, 6, 6, 12, '-', '2021-02-03 22:17:38', NULL, 2459, 'Βάσει βάρους επί καθαρού (kg)'),
(7151, 21, 107, 5, 5, 11, '', '2021-02-03 22:17:38', NULL, 2460, 'Βάσει βάρους επί καθαρού (kg)'),
(7152, 17, 107, 5, 5, 10, '-', '2021-02-03 22:17:38', NULL, 2461, 'Βάσει βάρους επί καθαρού (kg)'),
(7153, 22, 107, 1, 5, 9, '', '2021-02-03 22:17:38', NULL, 2462, 'Βάσει συσκευασίας (τεμ)'),
(7154, 8, 106, 1, 1, 4, '-', '2021-02-04 00:22:37', NULL, 2463, 'Βάσει συσκευασίας (τεμ)'),
(7155, 2, 106, 3, 3, 8, 'νο κομμεντσ', '2021-02-04 00:22:37', NULL, 2464, 'Βάσει συσκευασίας (τεμ)'),
(7215, 17, 104, 3, 3, 6, '-', '2021-02-04 19:06:04', NULL, 2488, ''),
(7216, 18, 104, 5, 5, 9, '-', '2021-02-04 19:06:04', NULL, 2488, ''),
(7217, 20, 104, 5, 5, 5, '-', '2021-02-04 19:06:04', NULL, 2488, ''),
(7218, 5, 104, 5, 5, 10, '-', '2021-02-04 19:06:04', NULL, 2488, ''),
(7219, 5, 104, 5, 5, 10, '-', '2021-02-04 19:06:04', NULL, 2488, ''),
(7220, 22, 104, 4, 4, 10, '', '2021-02-04 19:06:04', NULL, 2488, ''),
(7221, 22, 104, 5, 5, 15, '', '2021-02-04 19:06:04', NULL, 2488, ''),
(7222, 22, 104, 5, 5, 14, '', '2021-02-04 19:06:04', NULL, 2488, ''),
(7223, 22, 104, 5, 5, 9, '', '2021-02-04 19:06:04', NULL, 2488, ''),
(7224, 22, 104, 5, 5, 9, '', '2021-02-04 19:06:04', NULL, 2488, ''),
(7225, 19, 104, 4, 4, 8, '--', '2021-02-04 19:06:04', NULL, 2488, ''),
(7226, 16, 104, 3, 3, 8, '--', '2021-02-04 19:06:04', NULL, 2488, ''),
(7227, 17, 104, 4, 4, 8, '-', '2021-02-04 19:06:04', NULL, 2488, ''),
(7228, 3, 104, 4, 4, 9, 'νο κομμεντσ', '2021-02-04 19:06:04', NULL, 2488, ''),
(7229, 3, 104, 4, 4, 5, 'νο κομμεντσ', '2021-02-04 19:06:04', NULL, 2488, ''),
(7230, 21, 104, 5, 5, 0, '', '2021-02-04 19:06:04', NULL, 2489, ''),
(7231, 22, 104, 16, 16, 6, '', '2021-02-04 19:06:04', NULL, 2489, ''),
(7232, 22, 104, 1, 3, 3, '', '2021-02-04 19:06:04', NULL, 2489, ''),
(7233, 21, 104, 5, 5, 0, '', '2021-02-04 19:06:04', NULL, 2490, 'Βάσει συσκευασίας (τεμ)'),
(7234, 22, 104, 16, 16, 6, '', '2021-02-04 19:06:04', NULL, 2490, 'Βάσει βάρους επί καθαρού (kg)'),
(7235, 22, 104, 1, 3, 3, '', '2021-02-04 19:06:04', NULL, 2490, 'Βάσει συσκευασίας (τεμ)'),
(7236, 21, 104, 6, 6, 12, '', '2021-02-04 19:06:04', NULL, 2491, 'Βάσει συσκευασίας (τεμ)'),
(7237, 21, 104, 1, 5, 11, '', '2021-02-04 19:06:04', NULL, 2492, ''),
(7238, 21, 104, 1, 5, 11, '', '2021-02-04 19:06:04', NULL, 2493, 'Βάσει συσκευασίας (τεμ)'),
(7239, 21, 104, 0, 0, 0, '', '2021-02-04 19:06:04', NULL, 2494, ''),
(7286, 16, 112, 6, 12, 19, '--', '2021-02-07 21:30:44', NULL, 2507, 'Βάσει βάρους επί καθαρού (kg)'),
(7287, 22, 112, 18, 24, 0, '', '2021-02-07 21:30:44', NULL, 2508, 'Βάσει βάρους επί καθαρού (kg)'),
(7288, 19, 112, 10, 10, 19, '--', '2021-02-07 21:30:44', NULL, 2508, 'Βάσει συσκευασίας (τεμ)'),
(7289, 22, 112, 6, 17, 17, '', '2021-02-07 21:30:44', NULL, 2508, 'Βάσει βάρους επί καθαρού (kg)'),
(7290, 17, 112, 6, 13, 11, '-', '2021-02-07 21:30:44', NULL, 2508, 'Βάσει βάρους επί καθαρού (kg)'),
(7303, 19, 110, 11, 11, 13, '--', '2021-02-11 02:21:00', NULL, 2514, 'Βάσει βάρους επί καθαρού (kg)'),
(7304, 19, 110, 7, 7, 14, '--', '2021-02-11 02:21:00', NULL, 2515, 'Βάσει βάρους επί καθαρού (kg)'),
(7305, 3, 110, 113, 1133, 21, 'νο κομμεντσ', '2021-02-11 02:21:00', NULL, 2516, 'Βάσει βάρους επί καθαρού (kg)'),
(7306, 3, 110, 1, 3, 5, 'νο κομμεντσ', '2021-02-11 02:21:00', NULL, 2516, 'Βάσει συσκευασίας (τεμ)'),
(7307, 19, 110, 55, 67, 18, '--', '2021-02-11 02:21:00', NULL, 2516, 'Βάσει βάρους επί καθαρού (kg)'),
(7308, 19, 110, 23, 35, 10, '--', '2021-02-11 02:21:00', NULL, 2516, 'Βάσει συσκευασίας (τεμ)'),
(7309, 21, 110, 7, 18, 12, '', '2021-02-11 02:21:00', NULL, 2516, 'Βάσει βάρους επί καθαρού (kg)'),
(7310, 19, 110, 6, 19, 17, '--', '2021-02-11 02:21:00', NULL, 2516, 'Βάσει βάρους επί καθαρού (kg)'),
(7311, 22, 110, 5, 17, 17, '', '2021-02-11 02:21:00', NULL, 2516, 'Βάσει βάρους επί καθαρού (kg)'),
(7312, 3, 110, 5, 17, 12, 'νο κομμεντσ', '2021-02-11 02:21:00', NULL, 2516, 'Βάσει βάρους επί καθαρού (kg)'),
(7313, 21, 110, 5, 5, 6, '', '2021-02-11 02:21:00', NULL, 2516, 'Βάσει βάρους επί καθαρού (kg)'),
(7314, 2, 110, 4, 4, 6, 'νο κομμεντσ', '2021-02-11 02:21:00', NULL, 2517, 'Βάσει βάρους επί καθαρού (kg)'),
(7315, 2, 85, 1, 3, 1, 'νο κομμεντσ', '2021-02-11 02:32:33', NULL, 2531, 'Βάσει συσκευασίας (τεμ)'),
(7316, 3, 100, 4, 4, 9, 'νο κομμεντσ', '2021-02-11 13:09:55', NULL, 2532, 'Βάσει βάρους επί καθαρού (kg)'),
(7317, 22, 100, 4, 4, 6, '', '2021-02-11 13:09:55', NULL, 2533, 'Βάσει συσκευασίας (τεμ)'),
(7319, 22, 105, 6, 6, 11, '', '2021-02-12 21:53:44', NULL, 2535, 'Βάσει βάρους επί καθαρού (kg)'),
(7322, 5, 103, 10, 21, 18, '-', '2021-02-15 14:14:54', NULL, 2538, 'Βάσει βάρους επί μικτού (kg)'),
(7333, 2, 109, 1, 3, 1, 'νο κομμεντσ', '2021-03-08 03:36:35', NULL, 2541, 'Βάσει συσκευασίας (τεμ)'),
(7354, 16, 111, 3, 3, 5, '--', '2021-03-08 04:06:17', NULL, 2546, 'Βάσει συσκευασίας (τεμ)'),
(7355, 16, 111, 4, 4, 7, '--', '2021-03-08 04:06:17', NULL, 2546, 'Βάσει βάρους επί καθαρού (kg)'),
(7356, 8, 111, 4, 4, 9, '-', '2021-03-08 04:06:17', NULL, 2546, 'Βάσει βάρους επί μικτού (kg)'),
(7357, 11, 111, 5, 5, 5, '-', '2021-03-08 04:06:17', NULL, 2546, 'Βάσει βάρους επί μικτού (kg)'),
(7358, 5, 111, 4, 4, 15, '-', '2021-03-08 04:06:17', NULL, 2546, 'Βάσει βάρους επί καθαρού (kg)'),
(7359, 20, 111, 8, 8, 15, '-', '2021-03-08 04:06:17', NULL, 2546, 'Βάσει βάρους επί μικτού (kg)'),
(7360, 11, 111, 4, 4, 14, '-', '2021-03-08 04:06:17', NULL, 2546, 'Βάσει βάρους επί μικτού (kg)'),
(7361, 11, 111, 3, 4, 9, '-', '2021-03-08 04:06:17', NULL, 2546, 'Βάσει βάρους επί καθαρού (kg)'),
(7362, 23, 111, 0, 0, 0, '-', '2021-03-08 04:06:17', NULL, 2546, ''),
(7363, 21, 111, 5, 5, 6, '', '2021-03-08 04:06:17', NULL, 2547, 'Βάσει βάρους επί καθαρού (kg)'),
(7368, 21, 87, 6, 6, 0, '', '2021-04-07 03:14:11', NULL, 2551, 'Βάσει συσκευασίας (τεμ)'),
(7369, 17, 87, 5, 5, 10, '-', '2021-04-07 03:14:11', NULL, 2552, 'Βάσει συσκευασίας (τεμ)'),
(7370, 19, 87, 6, 6, 17, '--', '2021-04-07 03:14:11', NULL, 2553, 'Βάσει συσκευασίας (τεμ)'),
(7371, 2, 87, 5, 5, 15, 'νο κομμεντσ', '2021-04-07 03:14:11', NULL, 2553, 'Βάσει συσκευασίας (τεμ)'),
(7373, 22, 120, 11, 21, 0, '', '2021-04-09 17:18:47', NULL, 2555, 'Βάσει βάρους επί καθαρού (kg)'),
(7383, 22, 119, 11, 21, 0, '', '2021-04-15 13:01:42', NULL, 2565, 'Βάσει συσκευασίας (τεμ)'),
(7384, 2, 119, 7, 7, 12, 'νο κομμεντσ', '2021-04-15 13:01:42', NULL, 2566, 'Βάσει συσκευασίας (τεμ)'),
(7389, 3, 121, 7, 17, 31, 'νο κομμεντσ', '2021-04-15 13:08:14', NULL, 2569, 'Βάσει συσκευασίας (τεμ)'),
(7390, 2, 121, 7, 13, 23, 'νο κομμεντσ', '2021-04-15 13:08:14', NULL, 2569, 'Βάσει συσκευασίας (τεμ)');

-- --------------------------------------------------------

--
-- Δομή πίνακα για τον πίνακα `suppliers_roads_costs`
--

CREATE TABLE `suppliers_roads_costs` (
  `id` bigint(200) NOT NULL,
  `customers_suppliers_id` bigint(200) DEFAULT NULL,
  `from_country` varchar(245) DEFAULT NULL,
  `from_city` varchar(245) DEFAULT NULL,
  `to_country` varchar(245) DEFAULT NULL,
  `to_city` varchar(245) DEFAULT NULL,
  `cost` double DEFAULT NULL,
  `creation_date` datetime DEFAULT NULL,
  `update_date` datetime DEFAULT NULL
) ENGINE=InnoDB DEFAULT CHARSET=utf8mb4;

--
-- Άδειασμα δεδομένων του πίνακα `suppliers_roads_costs`
--

INSERT INTO `suppliers_roads_costs` (`id`, `customers_suppliers_id`, `from_country`, `from_city`, `to_country`, `to_city`, `cost`, `creation_date`, `update_date`) VALUES
(1, 45, 'Ελλάδα', 'Αθήνα', 'Ελλάδα', 'Πειραιάς', 12, '2020-10-27 22:49:02', NULL),
(5, 45, 'Ελλάδα', 'Καλλιθέα', 'Ελλάδα', 'Αθήνα', 3, '2020-10-27 22:49:02', NULL),
(6, 45, 'Ισπανία', 'Madrid', 'Ινδία', 'Khodiyar', 65.45, '2020-10-27 22:49:02', NULL),
(7, 46, 'Ινδία', 'Jamshedpur', 'Ηνωμένες Πολιτείες', 'New York', 54, '2020-10-27 22:49:02', NULL),
(9, 56, 'Ελλάδα', 'Γλυφάδα', 'Ελλάδα', 'Αθήνα', 234, '2020-10-27 22:49:02', NULL),
(10, 56, 'Ηνωμένες Πολιτείες', 'New York', 'Ελλάδα', 'Αθήνα', 32, '2020-10-27 22:49:02', NULL),
(12, 56, 'Ελλάδα', 'Αγία Τριάδα', 'Ελλάδα', 'Αχαρνές', 32, '2020-10-27 22:49:02', NULL),
(13, 56, 'Ελλάδα', 'Γλυφάδα', 'Ελλάδα', 'Αθήνα', 2, '2020-10-27 22:49:02', NULL),
(15, 56, 'Ελλάδα', 'Χαλάνδρι', 'Ελλάδα', 'Αθήνα', 23, '2020-10-27 22:49:02', NULL),
(16, 56, 'Ελλάδα', 'Κερατσίνι', 'Ελλάδα', 'Αθήνα', 346, '2020-10-27 22:49:02', NULL),
(18, 56, 'Μπανγκλαντές', 'ঢাকা', 'Ελλάδα', 'Αθήνα', 23, '2021-03-13 14:11:27', NULL),
(19, 56, 'Ελλάδα', 'Βύρωνας', 'Ελλάδα', 'Κερατσίνι', 32, '2021-03-13 14:11:37', NULL),
(20, 56, 'Ελλάδα', 'Αθήνα', 'Ελλάδα', 'Ωραιόκαστρο', 21, '2021-03-13 14:11:46', NULL),
(21, 54, 'Ελλάδα', 'Αθήνα', 'Ελλάδα', 'Αθήνα', 56, '2021-03-13 15:51:00', NULL),
(22, 54, 'Ελλάδα', 'Άνω Λιόσια', 'Ελλάδα', 'Αγία Παρασκευή', 32, '2021-03-13 15:51:00', NULL),
(23, 42, 'Ελλάδα', 'Άνω Λιόσια', 'Ελλάδα', 'Πειραιάς', 5666, '2021-04-15 22:38:05', NULL),
(24, 54, 'Βιετνάμ', '3r3r2', 'Ελλάδα', 'Δήμος Αγίων Αναργύρων-Καματερού', 19, '2021-04-15 23:18:14', NULL),
(25, NULL, 'Ελλάδα', 'Θεσσαλονίκη', 'Σιγκαπούρη', 'Singapore', 2, NULL, NULL),
(26, NULL, 'Ελλάδα', 'Θεσσαλονίκη', 'Σιγκαπούρη', 'Singapore', 2, NULL, NULL),
(27, NULL, 'Ελλάδα', 'Θεσσαλονίκη', 'Σιγκαπούρη', 'Singapore', 2, NULL, NULL),
(28, NULL, 'Ελλάδα', 'Θεσσαλονίκη', 'Σιγκαπούρη', 'Singapore', 2, NULL, NULL),
(29, NULL, 'Ελλάδα', 'Θεσσαλονίκη', 'Σιγκαπούρη', 'Singapore', 32, NULL, NULL),
(30, 56, 'Ελλάδα', 'Θεσσαλονίκη', 'Σιγκαπούρη', 'Singapore', 323242, NULL, NULL),
(31, 7, 'Ελλάδα', 'Κηφισιά', 'Ελλάδα', 'Αγία Παρασκευή', 23, NULL, NULL),
(32, 54, 'Ελλάδα', 'Άνω Λιόσια ', 'Ελλάδα', 'Δήμος Αγίων Αναργύρων-Καματερού', 23, NULL, NULL),
(33, 54, 'Ελλάδα', 'Κηφισιά', 'Ελλάδα', 'Αγία Παρασκευή', 65, NULL, NULL),
(34, 18, 'Ελλάδα', 'Σφακιά', 'Ελλάδα', 'Φυλή', 777777, NULL, NULL);

-- --------------------------------------------------------

--
-- Δομή πίνακα για τον πίνακα `suppliers_trucks`
--

CREATE TABLE `suppliers_trucks` (
  `id` bigint(200) NOT NULL,
  `customers_suppliers_id` bigint(200) DEFAULT NULL,
  `truck_id` bigint(200) DEFAULT NULL
) ENGINE=InnoDB DEFAULT CHARSET=utf8mb4;

--
-- Άδειασμα δεδομένων του πίνακα `suppliers_trucks`
--

INSERT INTO `suppliers_trucks` (`id`, `customers_suppliers_id`, `truck_id`) VALUES
(24, 54, 24),
(25, 53, 16),
(26, 7, 14),
(27, 7, 11),
(28, 54, 24),
(29, 18, 25),
(30, 54, 3),
(31, 51, 4),
(32, 56, 6),
(33, 54, 26),
(34, 54, 27),
(35, 54, 27),
(36, 54, 27),
(37, 23, 9),
(38, 7, 14),
(39, 55, 15),
(40, 54, 27),
(41, 54, 24),
(42, 54, 24),
(43, 18, 25),
(44, 54, 26),
(45, 53, 16),
(46, 55, 13),
(47, 54, 12),
(48, 7, 11),
(49, 54, 10),
(50, 54, 8),
(51, 56, 7),
(52, 56, 6),
(53, 56, 5),
(54, 54, 4),
(55, 56, 3),
(56, 54, 3),
(57, 54, 24),
(58, 54, 28);

-- --------------------------------------------------------

--
-- Δομή πίνακα για τον πίνακα `trucks`
--

CREATE TABLE `trucks` (
  `id` bigint(200) NOT NULL,
  `plate_number` varchar(245) DEFAULT NULL,
  `type_truck_id` bigint(200) DEFAULT NULL,
  `brand_name` varchar(245) DEFAULT NULL,
  `description` varchar(245) DEFAULT NULL,
  `trailer_trackor` varchar(245) DEFAULT NULL,
  `creation_date` datetime DEFAULT NULL,
  `udpate_date` datetime DEFAULT NULL,
  `ldm` double DEFAULT NULL
) ENGINE=InnoDB DEFAULT CHARSET=utf8mb4;

--
-- Άδειασμα δεδομένων του πίνακα `trucks`
--

INSERT INTO `trucks` (`id`, `plate_number`, `type_truck_id`, `brand_name`, `description`, `trailer_trackor`, `creation_date`, `udpate_date`, `ldm`) VALUES
(3, 'XDWQ-QWE-QW', 4, 'brand namewwwcrer', 'descriptionfewfw', 'Trailer', '2021-03-09 16:19:59', '2021-04-08 22:29:50', 133),
(4, 'QWE23-423-232', 4, 'ς;φ;ςφ', ';ςφ;ςφ', 'Trailer', '2021-03-09 16:23:54', '2021-04-08 21:10:27', 223),
(5, '2342-3242342', 5, ';ςφ;ςφ;', ';ςφ;ς', 'Trailer', '2021-03-09 16:23:59', '2021-04-08 21:10:20', 2333),
(6, '423423423', 5, ';ςφ;ςφ', 'φ;ςφ;ς', 'Trailer', '2021-03-09 16:24:14', '2021-04-08 21:10:09', 532),
(7, '2RGFG3343', 2, 'qwfqwf', 'qwfqwf', 'Trailer', '2021-03-09 16:24:25', '2021-04-08 21:10:01', 234),
(8, '43T43T3', 5, 'qwfqw', 'fqwfq', 'Trailer', '2021-03-09 16:24:29', '2021-04-08 21:09:53', 234),
(9, '34GTGGG3', 0, 'VANAKI', 'wqfqwfqw', 'Tractor', '2021-03-09 16:24:34', '2021-04-08 21:02:04', 8),
(10, '34G43G34', 2, 'wfqqwf', 'qwfwqf', 'Trailer', '2021-03-09 16:24:40', '2021-04-08 21:09:43', 142),
(11, '43G34G34', 0, 'mercendez', 'fqwfqw', 'Trailer', '2021-03-09 16:24:50', '2021-04-08 21:09:31', 2632),
(12, '4G34G3G3', 2, 'wfqwqfq', 'fqwfqwf', 'Trailer', '2021-03-09 16:24:53', '2021-04-08 21:09:21', 26),
(13, '34G43G34G3', 2, 'qwfqwf', 'qwfqw', 'Trailer', '2021-03-09 16:24:56', '2021-04-08 21:08:58', 18),
(14, '3G4G34', 0, 'fqwfqw', 'qwfqwf', 'Tractor', '2021-03-09 16:25:00', '2021-04-08 21:06:42', 5),
(15, 'G43G34', 0, 'wdqw', 'qwdqwd', 'Tractor', '2021-03-09 18:42:47', '2021-04-08 21:06:51', 27),
(16, '43G34', 4, 'qwefqw', 'fqwfqwfq', 'Trailer', '2021-03-09 18:43:36', '2021-04-08 21:08:45', 30),
(24, '233R3223R', 4, '32R', '32R23R23', 'Trailer', '2021-03-13 00:24:09', '2021-04-10 02:38:48', 13),
(25, 'YUI-OEUR-248J', 4, 'SCANIA', '', 'Trailer', '2021-03-13 01:41:07', '2021-04-08 21:08:21', 12),
(26, '324FV 43 435345 3453453', 4, 'TRAILER TRUCK 2342', '', 'Trailer', '2021-04-07 13:00:49', '2021-04-08 21:08:28', 29),
(27, 'QE23 EW 234 T34T ', 4, 'TRACTOR TRUCK 21423', '', 'Trailer', '2021-04-07 13:01:14', '2021-04-08 21:08:02', 26),
(28, '213-23-23-324', 0, 'mercendex', '', 'Tractor', '2021-04-15 14:27:05', NULL, 5);

-- --------------------------------------------------------

--
-- Δομή πίνακα για τον πίνακα `truck_type`
--

CREATE TABLE `truck_type` (
  `id` bigint(200) NOT NULL,
  `type` varchar(245) DEFAULT NULL,
  `description` varchar(45) DEFAULT NULL,
  `creation_date` datetime DEFAULT NULL,
  `update_date` datetime DEFAULT NULL
) ENGINE=InnoDB DEFAULT CHARSET=utf8mb4;

--
-- Άδειασμα δεδομένων του πίνακα `truck_type`
--

INSERT INTO `truck_type` (`id`, `type`, `description`, `creation_date`, `update_date`) VALUES
(2, 'τύπος φορτηγού 3', 'τύπος φορτηγού 3', '2021-03-09 17:26:46', '2021-03-09 17:33:05'),
(4, 'τύπος φορτηγού 4', 'τύπος φορτηγού 4', '2021-03-09 17:33:13', NULL),
(5, 'τύπος φορτηγού 5', 'τύπος φορτηγού 5', '2021-03-09 17:33:22', NULL);

-- --------------------------------------------------------

--
-- Δομή πίνακα για τον πίνακα `users`
--

CREATE TABLE `users` (
  `user_id` bigint(200) NOT NULL,
  `username` varchar(255) DEFAULT NULL,
  `email` varchar(255) DEFAULT NULL,
  `firstname` varchar(255) DEFAULT NULL,
  `lastname` varchar(255) DEFAULT NULL,
  `password` varchar(255) DEFAULT NULL,
  `phone` varchar(255) DEFAULT NULL,
  `position` varchar(255) DEFAULT NULL,
  `status` int(100) DEFAULT NULL,
  `token` varchar(255) DEFAULT NULL,
  `role_id` bigint(200) DEFAULT NULL,
  `org_id` bigint(200) DEFAULT NULL,
  `class_id` bigint(200) DEFAULT NULL,
  `dep_id` bigint(200) DEFAULT NULL,
  `creation_date` datetime DEFAULT NULL,
  `update_date` datetime DEFAULT NULL,
  `mobile_phone` varchar(255) DEFAULT NULL,
  `gender` varchar(255) DEFAULT NULL,
  `comments` mediumtext DEFAULT NULL
) ENGINE=InnoDB DEFAULT CHARSET=utf8;

--
-- Άδειασμα δεδομένων του πίνακα `users`
--

INSERT INTO `users` (`user_id`, `username`, `email`, `firstname`, `lastname`, `password`, `phone`, `position`, `status`, `token`, `role_id`, `org_id`, `class_id`, `dep_id`, `creation_date`, `update_date`, `mobile_phone`, `gender`, `comments`) VALUES
(93, 'b0b0s7', 'manolis.papaspyropoulos@gmail.com', 'Manolis', 'Papaspyropoulos', 'oJfTtchpM9WC/4Oqpu7FZQ==', '', '', 0, '', 41, 91, NULL, 6, '2020-11-13 21:11:36', NULL, '', 'Άνδρας', ''),
(94, 'manos', 'm_anolis.papaspyropoulos@gmail.com', 'karas', 'karaskaras', 'oJfTtchpM9WC/4Oqpu7FZQ==', '213214', 'karas', 1, '', 41, 91, NULL, 6, '2020-11-14 22:36:57', NULL, '23423245', 'Άνδρας', '<p>wwww<strong>wwww</strong></p>'),
(95, 'dimitrisPap', 'dpap@gmail.com', 'Dimitris', 'Papoutsis', 'oJfTtchpM9WC/4Oqpu7FZQ==', '2192193', 'manager', 1, '', 41, 91, NULL, 7, '2020-11-14 22:34:45', NULL, '6989324223', 'Άνδρας', '<p>-</p>'),
(99, 'heightheight', 'heightheight@height', 'height', 'height', 'ugEu/M8qjjJ/YI68i9cbDA==', 'height', 'height', 0, '', 55, 100, NULL, 18, '2020-12-02 01:57:35', NULL, 'height', 'Γυναίκα', ''),
(100, 'res', 'b0b0s_666@hotmail.com', 'res', 'res', 'W9ydhHpQZSDG+W1HGpxeLQ==', 'res', 'res', 1, '', 42, 102, NULL, 19, '2020-12-10 03:36:45', NULL, 'res', 'Γυναίκα', '<p>res</p>'),
(101, 'res', 'b0b0s_666@hotmail.com', 'res', 'res', 'W9ydhHpQZSDG+W1HGpxeLQ==', 'res', 'res', 1, '', 42, 102, NULL, 19, '2020-12-10 03:36:45', NULL, 'res', 'Γυναίκα', '<p>res</p>'),
(102, 'USER-998-YIO', '998-YIO@gamil.com', 'FIRST/NAME-998-YIO', 'LAST/NAME-998-YIO', 'oJfTtchpM9WC/4Oqpu7FZQ==', '21027321842', 'POSITION-998-YIO', 1, '', 36, 73, NULL, 4, '2020-12-11 16:05:51', NULL, '69565423543', 'Άνδρας', '<p>998-YIO-comments</p>'),
(103, 'USER-1992-YIO', '1992-YIO@gmail.com', 'FIRST/NAME-1992-YIO', 'LAST/NAME-1992-YIO', 'oJfTtchpM9WC/4Oqpu7FZQ==', '218183467293', 'POSITION-1992-YIO', 1, '', 35, 76, NULL, 4, '2020-12-11 16:08:14', NULL, '687546632534', 'Άνδρας', '<p>1992-YIO comments</p>'),
(104, 'USER-23-NAME', 'USER-23@gmail.comw', 'USER-23-LNAME', 'USER-23-LNAME', 'SHD+UVuKh8PLGc7Qs7/OzA==', '324232342', 'USER-23', 1, '', 42, 80, NULL, 5, '2020-12-12 00:55:17', NULL, '234242342', '', '<p>USER-23</p>'),
(107, 'wefwef', 'ewf@wef', 'wefwefwe', 'fwefwefw', 'JyoNjOwZPTpZfi9xFFDfsw==', 'wf', 'efwefw', 1, '', 42, 100, NULL, 24, '2020-12-31 01:27:20', NULL, 'wef', 'Γυναίκα', '<p>f</p>'),
(108, 'ewfw', 'few@wef', 'efwe', 'fwef', 'TJZuO8Ve0Ko0Wc3yAFDqEw==', '234', 'fwef', 1, '', 58, 100, NULL, 19, '2020-12-31 01:27:39', NULL, '2342342', '', '<p>wefwefwefwe</p>'),
(109, 'wef', 'wefw@fww', 'wefw', 'fwef', 'vrJqSetfETjLU4GuKbZg0A==', '342', 'ewfw', 1, '', 58, 100, NULL, 24, '2020-12-31 01:28:01', NULL, 'wef', 'Γυναίκα', '<p>fwefwefw</p>');

-- --------------------------------------------------------

--
-- Δομή πίνακα για τον πίνακα `users_mellon`
--

CREATE TABLE `users_mellon` (
  `id` bigint(20) UNSIGNED NOT NULL,
  `first_name` varchar(100) COLLATE utf8mb4_unicode_ci DEFAULT NULL,
  `last_name` varchar(100) COLLATE utf8mb4_unicode_ci DEFAULT NULL,
  `password` varchar(100) COLLATE utf8mb4_unicode_ci DEFAULT NULL,
  `email` varchar(100) COLLATE utf8mb4_unicode_ci DEFAULT NULL,
  `status` int(11) DEFAULT NULL,
  `image_url` varchar(400) COLLATE utf8mb4_unicode_ci DEFAULT NULL,
  `social_auth` int(11) DEFAULT NULL,
  `social_platform` varchar(100) COLLATE utf8mb4_unicode_ci DEFAULT NULL,
  `google_id` varchar(100) COLLATE utf8mb4_unicode_ci DEFAULT NULL,
  `facebook_id` varchar(100) COLLATE utf8mb4_unicode_ci DEFAULT NULL,
  `creation_date` datetime DEFAULT NULL,
  `address_city` varchar(100) COLLATE utf8mb4_unicode_ci DEFAULT NULL,
  `postal_code` varchar(100) COLLATE utf8mb4_unicode_ci DEFAULT NULL,
  `phone` varchar(100) COLLATE utf8mb4_unicode_ci DEFAULT NULL,
  `vehicle_type` varchar(100) COLLATE utf8mb4_unicode_ci DEFAULT NULL,
  `address` varchar(100) COLLATE utf8mb4_unicode_ci DEFAULT NULL,
  `scooter_ind` int(11) DEFAULT 0,
  `bicycle_ind` int(11) DEFAULT 0,
  `electric_bicycle_ind` int(11) DEFAULT 0
) ENGINE=InnoDB DEFAULT CHARSET=utf8mb4 COLLATE=utf8mb4_unicode_ci;

--
-- Άδειασμα δεδομένων του πίνακα `users_mellon`
--

INSERT INTO `users_mellon` (`id`, `first_name`, `last_name`, `password`, `email`, `status`, `image_url`, `social_auth`, `social_platform`, `google_id`, `facebook_id`, `creation_date`, `address_city`, `postal_code`, `phone`, `vehicle_type`, `address`, `scooter_ind`, `bicycle_ind`, `electric_bicycle_ind`) VALUES
(98, 'manos', 'pap', 'oJfTtchpM9WC/4Oqpu7FZQ==', 'manos@pap.com', 1, '', 0, '', '', '', '2020-12-24 18:19:20', 'Πειραιας', '3', '3244', 'ωδφ', 'Διστομου 483', 0, 0, 0),
(118, 'Εμμανουήλ', 'Π.', '', 'b0b0s_666@hotmail.com', 1, 'https://platform-lookaside.fbsbx.com/platform/profilepic/?asid=10208197182484992&width=720&ext=1611766914&hash=AeQQ8ozD2f0cCCK1z-Y', NULL, NULL, '', '10208197182484992', '2020-12-28 19:01:10', '534565', '1342453', '4335443', '', 'distomou', 1, 1, 1),
(119, 'Manos', 'Pap', '', 'manolis.papaspyropoulos@gmail.com', 1, 'https://lh3.googleusercontent.com/a-/AOh14GhYN7UoUSDyS_mqlCYORFqqBksYeN8IBP-HxVzB=s96-c', NULL, NULL, '116934189818632740955', '', '2020-12-28 19:02:28', 'erere', 'eer', '23423', '', 'erere', 1, 1, 0);

-- --------------------------------------------------------

--
-- Δομή πίνακα για τον πίνακα `users_mellon_parking_history`
--

CREATE TABLE `users_mellon_parking_history` (
  `id` bigint(200) NOT NULL,
  `user_mellon_id` bigint(200) DEFAULT NULL,
  `barcode` varchar(555) DEFAULT NULL,
  `station` varchar(255) DEFAULT NULL,
  `creation_date` datetime DEFAULT NULL,
  `duration` double DEFAULT NULL,
  `start_time` datetime DEFAULT NULL,
  `end_time` datetime DEFAULT NULL
) ENGINE=InnoDB DEFAULT CHARSET=utf8mb4;

-- --------------------------------------------------------

--
-- Δομή πίνακα για τον πίνακα `users_mellon_stations`
--

CREATE TABLE `users_mellon_stations` (
  `id` bigint(200) NOT NULL,
  `spots_available` varchar(255) DEFAULT NULL,
  `station_name` varchar(255) DEFAULT NULL,
  `status_station` varchar(255) DEFAULT NULL,
  `lat` double DEFAULT NULL,
  `longt` double DEFAULT NULL,
  `creation_date` datetime DEFAULT NULL
) ENGINE=InnoDB DEFAULT CHARSET=utf8mb4;

--
-- Άδειασμα δεδομένων του πίνακα `users_mellon_stations`
--

INSERT INTO `users_mellon_stations` (`id`, `spots_available`, `station_name`, `status_station`, `lat`, `longt`, `creation_date`) VALUES
(1, '5', 'Αλεξάνδρου Παπαναστασίου 32,Κερατσίνι Ελλάδα', 'active', 37.9594744, 23.627388, NULL),
(2, '3', 'Μίκρας Ασίας,Κερατσίνι Ελλάδα', 'active', 37.9593867, 23.6220999, NULL),
(3, '3', 'Δεληγιάννη 3,Κερατσίνι Ελλάδα', 'active', 37.9595729, 23.625635, NULL),
(4, '6', 'Αλεξάνδρου Παπαναστασίου 47, Κερατσίνι, Ελλάδα', 'active', 37.9622188, 23.6272666, NULL);

-- --------------------------------------------------------

--
-- Δομή πίνακα για τον πίνακα `users_mellon_vehicles`
--

CREATE TABLE `users_mellon_vehicles` (
  `id` bigint(20) NOT NULL,
  `of_type` varchar(245) DEFAULT NULL,
  `barcode` varchar(245) DEFAULT NULL,
  `station` bigint(20) DEFAULT NULL,
  `status` varchar(245) DEFAULT NULL,
  `lat` double DEFAULT NULL,
  `longt` double DEFAULT NULL,
  `creation_date` datetime DEFAULT NULL
) ENGINE=InnoDB DEFAULT CHARSET=utf8mb4;

--
-- Άδειασμα δεδομένων του πίνακα `users_mellon_vehicles`
--

INSERT INTO `users_mellon_vehicles` (`id`, `of_type`, `barcode`, `station`, `status`, `lat`, `longt`, `creation_date`) VALUES
(1, 'Scooter', '34443', 1, 'active', NULL, NULL, NULL),
(2, 'Scooter', '34ΡΡ', 1, 'active', NULL, NULL, NULL),
(3, 'Scooter', 'ΡΡ23', 1, 'active', NULL, NULL, NULL),
(4, 'Bicycle', 'Ρ23Φ', 1, 'active', NULL, NULL, NULL),
(5, 'Bicycle', 'Φ23', 2, 'active', NULL, NULL, NULL),
(6, 'Electric bycicle', '32F', 2, 'active', NULL, NULL, NULL),
(7, 'Electric bycicle', 'F2', 2, 'active', NULL, NULL, NULL),
(8, 'Electric bycicle', '233', 3, 'active', NULL, NULL, NULL),
(9, 'Bicycle', '23F', 3, 'active', NULL, NULL, NULL),
(10, 'Bicycle', 'F323', 3, 'active', NULL, NULL, NULL),
(11, 'Bicycle', 'YTERR', 4, 'active', NULL, NULL, NULL),
(12, 'Bicycle', 'FERW', 4, 'active', NULL, NULL, NULL);

-- --------------------------------------------------------

--
-- Δομή πίνακα για τον πίνακα `vies_countries`
--

CREATE TABLE `vies_countries` (
  `id` bigint(20) NOT NULL,
  `country` varchar(245) DEFAULT NULL,
  `code` varchar(245) DEFAULT NULL
) ENGINE=InnoDB DEFAULT CHARSET=utf8mb4;

-- --------------------------------------------------------

--
-- Δομή πίνακα για τον πίνακα `warehouses`
--

CREATE TABLE `warehouses` (
  `id` bigint(20) NOT NULL,
  `brand_name` varchar(255) DEFAULT NULL,
  `manager` varchar(255) DEFAULT NULL,
  `address` varchar(255) DEFAULT NULL,
  `telephone` varchar(255) DEFAULT NULL,
  `email` varchar(255) DEFAULT NULL,
  `postal_code` varchar(255) DEFAULT NULL,
  `city` varchar(255) DEFAULT NULL,
  `region` varchar(255) DEFAULT NULL,
  `creation_date` datetime DEFAULT NULL,
  `update_date` datetime DEFAULT NULL,
  `comments` mediumtext DEFAULT NULL,
  `longitude` double DEFAULT NULL,
  `latitude` double DEFAULT NULL,
  `country` varchar(255) DEFAULT NULL,
  `unloading_loading_code` varchar(255) DEFAULT NULL
) ENGINE=InnoDB DEFAULT CHARSET=utf8;

--
-- Άδειασμα δεδομένων του πίνακα `warehouses`
--

INSERT INTO `warehouses` (`id`, `brand_name`, `manager`, `address`, `telephone`, `email`, `postal_code`, `city`, `region`, `creation_date`, `update_date`, `comments`, `longitude`, `latitude`, `country`, `unloading_loading_code`) VALUES
(9, 'ΑΠΟΘΗΚΗ VII', 'qwdqwdqwd', 'qwdqwdq', '+30543543534', 'wqdqw@wqdqwd', 'qwdqw', 'wdqwd', 'dqwdqwdqw', '2020-10-26 19:05:21', NULL, '-', 23.6272771, 37.9607345, 'Ινδια', NULL),
(10, 'ΑΠΟΘΗΚΗ VIII', 'dqwdqwd', 'qwdqw', '+302342342342', 'qwdqwdq@wqdwqdq', 'dqwdqwd', 'dqwdqw', 'dqwdwq', '2020-10-26 19:05:31', NULL, '-', 23.6272771, 37.9607345, 'Ινδια', NULL),
(11, 'ΑΠΟΘΗΚΗ IX', 'dqwdqwdq', 'wdwqdqd', '+30366534623', 'dqwdq@wqdqwdqw', 'qwd', 'qwdqwd', 'wqdqwdqw', '2020-10-26 19:05:44', NULL, '-', 23.6272771, 37.9607345, 'Ινδια', NULL),
(12, 'ΑΠΟΘΗΚΗ X', '', 'dqw', '+30366534623', 'qwdq@qwdqwdq', 'dqwdqwd', 'qwdqw', 'dqwd', '2020-11-20 13:28:19', NULL, '', 23.6272771, 37.9607345, 'Ηνωμένες Πολιτείες', NULL),
(13, 'ΑΠΟΘΗΚΗ XI', '', 'aaaa', '+30366534623', 'aaaa@aaaa', 'aaaa', 'aaaa', 'aaaa', '2020-11-19 19:20:10', NULL, '-', 23.6272771, 37.9607345, 'Ηνωμένες Πολιτείες', NULL),
(15, 'ΑΠΟΘΗΚΗ XII', '', 'Διστόμου 48,Πειραιάς Ελλάδα', '+30323523523', 'wqdqw@qwd', '185 32', 'Πειραιάς', 'Περιφερειακή Ενότητα Πειραιώς', '2020-11-19 19:20:41', NULL, '-', 23.6272771, 37.9607345, 'Ελλάδα', NULL),
(16, 'ΑΠΟΘΗΚΗ XIII', '', 'Δελφών 2,Θεσσαλονίκη Ελλάδα', '+3078798987', 'manoe@hhgc', '546 40', 'Θεσσαλονίκη', 'Θεσσαλονίκη', '2020-11-13 15:01:45', NULL, '', 22.9586847, 40.6174916, 'Γερμανία', NULL),
(17, 'ΑΠΟΘΗΚΗ XIV', '', 'Διστόμου 32,Θεσσαλονίκη Ελλάδα', '+307873345345', 'jjj@qww.com', '544 53', 'Θεσσαλονίκη', 'Θεσσαλονίκη', '2020-11-21 16:08:55', NULL, '-', 22.9712051, 40.60507800000001, 'Ελλάδα', NULL),
(18, 'ΑΠΟΘΗΚΗ XV', '', 'Διστομίτου,Αθήνα Ελλάδα', '+3078754352', 'M@W', '114 76', 'Αθήνα', 'Κεντρικός Τομέας Αθηνών', '2020-11-21 16:28:59', NULL, '-', 23.7563897, 37.9987287, 'Ηνωμένες Πολιτείες', NULL),
(19, 'ΑΠΟΘΗΚΗ XVI', '', 'Discovery Gardens Street 8,Dubai Ηνωμένα Αραβικά Εμιράτα', '353453435', 'SC@SDDDD', '3423422', 'Dubai', '4', '2020-11-21 16:36:26', NULL, '-', 55.1496229, 25.0357169, 'Ηνωμένες Πολιτείες', NULL),
(20, 'ΑΠΟΘΗΚΗ XVII', '', 'Western Express Highway,Mumbai Ινδία', '+30787364545', 'EEE@EEEE', '3442', 'Mumbai', 'E', '2020-11-21 16:37:47', NULL, '-', 72.8461284, 19.0840256, 'Ηνωμένες Πολιτείες', NULL),
(21, 'ΑΠΟΘΗΚΗ XVIII', '', 'Shradhanand Marg,New Delhi Ινδία', '+30787364564', 's@s', '110006', 'New Delhi', 'ss', '2020-12-12 00:03:38', NULL, '-', 77.2205129, 28.6507543, 'Ελλάδα', 'ht/56/56'),
(22, 'TY-ΑΠΟΘΗΚΗ XVIII', '', 'Niwaru Road,Jaipur Ινδία', '+30787564564', 'eee@eee', '302012', 'Jaipur', 'eeee', '2020-12-09 01:44:24', NULL, '-', 75.7397256, 26.9570928, 'Ελλάδα', 'RG/56/45'),
(23, 'TY-ΑΠ-098 XVIII', '', 'Fremont Street,Las Vegas Ηνωμένες Πολιτείες', '+307873534', 'rr@r', 'r', 'Las Vegas', 'rr', '2020-12-09 01:44:16', NULL, '-', -115.1224271, 36.1613923, 'Ελλάδα', 'EW/78/84'),
(24, 'TY-ΑΠ-232 XVIII', '', 'Discovery Gardens Street 8,Dubai Ηνωμένα Αραβικά Εμιράτα', '+307873453453', 'gg@ggg', '45353', 'Dubai', 'ggg', '2020-12-09 01:44:04', NULL, '-', 55.1496229, 25.0357169, 'Ελλάδα', 'RG/56/66'),
(25, 'TY-ΑΠ2DY-098 XVIII', '', 'Ermita Iztapalapa,Ciudad de México Μεξικό', '+30787543534', 'ww@ww', '324235552opoi', 'Ciudad de México', 'san andres', '2020-12-09 01:42:28', NULL, '-', -99.1282932, 19.3583437, 'Ελλάδα', 'HD/78/32'),
(29, 'efef', '', 'Friedrichstraße,Berlin Γερμανία', 'efefe', 'test@gmail.comw', 'weg43534', 'Berlin', 'etrwg', '2020-12-12 00:03:57', NULL, '<p>rwgwegwe</p>', 13.3893567, 52.5137447, 'Γερμανία', 'ew/44/53'),
(30, '3223', NULL, 'Uiterwaardenstraat, 1079 Amsterdam, Ολλανδία', '523543', 'manolis.papaspyropoulos@gmail.com', '4353', 'Αθήνα', '', NULL, NULL, NULL, 4.903044, 52.3427947, 'Ελλάδα', NULL),
(31, 'qwdqw', NULL, 'Baker St, Marylebone, London, Ηνωμένο Βασίλειο', '2314232', 'fvsws@wqdwq.com', 'τρηρτηρ', 'Αθήνα', '', NULL, NULL, NULL, -0.1570353, 51.521124, 'Ελλάδα', NULL),
(32, '2342342', NULL, 'D2 Đ. Nguyễn Gia Trí, Phường 25, Bình Thạnh, Thành phố Hồ Chí Minh, Βιετνάμ', '2354534', 'fewf@wef.com', '562 24', 'Εύοσμος', '', NULL, NULL, NULL, 106.7158089, 10.80229, 'Ελλάδα', NULL),
(33, 'ddss', NULL, 'Adyala Rd, Rawalpindi, Punjab, Πακιστάν', '32423', 'test@gmail.comw', '1321231', 'Πειραιάς', '', NULL, NULL, NULL, 73.0470457, 33.5168601, 'Ελλάδα', NULL),
(34, 'wqwqd', NULL, 'Jl. Delima Blok FWA 167 No.4, Warnasari, Kec. Citangkil, Kota Cilegon, Banten 42444, Ινδονησία', '12312', 'manolis.papaspyropoulos@gmail.com', '2342342', 'Puente Piedra', '', '2021-01-05 02:17:10', NULL, NULL, 106.009099, -6.029077099999999, 'Περού', NULL),
(35, 'ΥΙΟ-ΠΟΙΘΤ', NULL, 'Χαράδρου, Πάτρα 264 42, Ελλάδα', '2132142', 't@.com', '4353', 'Αθήνα', '', '2021-01-05 02:22:45', NULL, NULL, 21.7708763, 38.28707199999999, 'Ελλάδα', NULL),
(36, 'Trikala Korinthias AE', NULL, 'Αζαλέας, Αχαρνές 136 72, Ελλάδα', '12312342342', 'test@gmail.comw', '4353', 'Αθήνα', '', '2021-01-05 02:29:34', NULL, NULL, 23.7474233, 38.0864069, 'Ελλάδα', NULL),
(37, 'Asa', NULL, 'Αώου, Αθήνα 115 23, Ελλάδα', '2313144', 'a@c', '4353', 'Αθήνα', '', '2021-01-05 02:31:09', NULL, NULL, 23.7643686, 37.9904649, 'Ελλάδα', NULL),
(38, 'ς;φ', NULL, 'Ωραιοκάστρου, Σταυρούπολη, Ελλάδα', '12312312', 'manolis.papaspyropoulos@gmail.com', '4353', 'Αθήνα', '', '2021-01-05 02:33:23', NULL, NULL, 22.9340297, 40.67287049999999, 'Ελλάδα', NULL),
(42, 'δ2332δ', NULL, 'Θίσβης, Περιστέρι, Ελλάδα', '32δ23', 'k@c.com', '2342342', 'Puente Piedra', '', '2021-01-05 04:15:39', NULL, NULL, 23.6983441, 38.008826, 'Περού', NULL);

--
-- Ευρετήρια για άχρηστους πίνακες
--

--
-- Ευρετήρια για πίνακα `audit_logs`
--
ALTER TABLE `audit_logs`
  ADD PRIMARY KEY (`id`);

--
-- Ευρετήρια για πίνακα `billings`
--
ALTER TABLE `billings`
  ADD PRIMARY KEY (`id`),
  ADD UNIQUE KEY `name` (`name`);

--
-- Ευρετήρια για πίνακα `core_position`
--
ALTER TABLE `core_position`
  ADD PRIMARY KEY (`id`);

--
-- Ευρετήρια για πίνακα `core_variables`
--
ALTER TABLE `core_variables`
  ADD PRIMARY KEY (`id`);

--
-- Ευρετήρια για πίνακα `countries`
--
ALTER TABLE `countries`
  ADD PRIMARY KEY (`id`);

--
-- Ευρετήρια για πίνακα `customers_suppliers`
--
ALTER TABLE `customers_suppliers`
  ADD PRIMARY KEY (`id`);

--
-- Ευρετήρια για πίνακα `departments`
--
ALTER TABLE `departments`
  ADD PRIMARY KEY (`id`);

--
-- Ευρετήρια για πίνακα `documents`
--
ALTER TABLE `documents`
  ADD PRIMARY KEY (`id`);

--
-- Ευρετήρια για πίνακα `factories`
--
ALTER TABLE `factories`
  ADD PRIMARY KEY (`id`);

--
-- Ευρετήρια για πίνακα `internova_sellers`
--
ALTER TABLE `internova_sellers`
  ADD PRIMARY KEY (`id`);

--
-- Ευρετήρια για πίνακα `managers`
--
ALTER TABLE `managers`
  ADD PRIMARY KEY (`id`);

--
-- Ευρετήρια για πίνακα `managers_system`
--
ALTER TABLE `managers_system`
  ADD PRIMARY KEY (`id`);

--
-- Ευρετήρια για πίνακα `measurement_unit`
--
ALTER TABLE `measurement_unit`
  ADD PRIMARY KEY (`id`);

--
-- Ευρετήρια για πίνακα `offers`
--
ALTER TABLE `offers`
  ADD PRIMARY KEY (`id`);

--
-- Ευρετήρια για πίνακα `offers_schedules`
--
ALTER TABLE `offers_schedules`
  ADD PRIMARY KEY (`id`);

--
-- Ευρετήρια για πίνακα `offer_schedule_between_waypoints`
--
ALTER TABLE `offer_schedule_between_waypoints`
  ADD PRIMARY KEY (`id`);

--
-- Ευρετήρια για πίνακα `orders`
--
ALTER TABLE `orders`
  ADD PRIMARY KEY (`id`);

--
-- Ευρετήρια για πίνακα `orders_loading`
--
ALTER TABLE `orders_loading`
  ADD PRIMARY KEY (`id`);

--
-- Ευρετήρια για πίνακα `orders_loading_orders_selections`
--
ALTER TABLE `orders_loading_orders_selections`
  ADD PRIMARY KEY (`id`);

--
-- Ευρετήρια για πίνακα `orders_selections_by_point`
--
ALTER TABLE `orders_selections_by_point`
  ADD PRIMARY KEY (`id`);

--
-- Ευρετήρια για πίνακα `order_distinct_item`
--
ALTER TABLE `order_distinct_item`
  ADD PRIMARY KEY (`id`);

--
-- Ευρετήρια για πίνακα `order_packages`
--
ALTER TABLE `order_packages`
  ADD PRIMARY KEY (`id`);

--
-- Ευρετήρια για πίνακα `order_package_schedules`
--
ALTER TABLE `order_package_schedules`
  ADD PRIMARY KEY (`id`);

--
-- Ευρετήρια για πίνακα `order_schedules`
--
ALTER TABLE `order_schedules`
  ADD PRIMARY KEY (`id`);

--
-- Ευρετήρια για πίνακα `order_waypoints`
--
ALTER TABLE `order_waypoints`
  ADD PRIMARY KEY (`id`);

--
-- Ευρετήρια για πίνακα `order_waypoints_packages`
--
ALTER TABLE `order_waypoints_packages`
  ADD PRIMARY KEY (`id`);

--
-- Ευρετήρια για πίνακα `organizations`
--
ALTER TABLE `organizations`
  ADD PRIMARY KEY (`organization_id`);

--
-- Ευρετήρια για πίνακα `package_type`
--
ALTER TABLE `package_type`
  ADD PRIMARY KEY (`id`);

--
-- Ευρετήρια για πίνακα `roles`
--
ALTER TABLE `roles`
  ADD PRIMARY KEY (`role_id`);

--
-- Ευρετήρια για πίνακα `schedule`
--
ALTER TABLE `schedule`
  ADD PRIMARY KEY (`id`);

--
-- Ευρετήρια για πίνακα `schedule_packages`
--
ALTER TABLE `schedule_packages`
  ADD PRIMARY KEY (`id`);

--
-- Ευρετήρια για πίνακα `schedule_package_offer`
--
ALTER TABLE `schedule_package_offer`
  ADD PRIMARY KEY (`id`);

--
-- Ευρετήρια για πίνακα `suppliers_roads_costs`
--
ALTER TABLE `suppliers_roads_costs`
  ADD PRIMARY KEY (`id`);

--
-- Ευρετήρια για πίνακα `suppliers_trucks`
--
ALTER TABLE `suppliers_trucks`
  ADD PRIMARY KEY (`id`);

--
-- Ευρετήρια για πίνακα `trucks`
--
ALTER TABLE `trucks`
  ADD PRIMARY KEY (`id`);

--
-- Ευρετήρια για πίνακα `truck_type`
--
ALTER TABLE `truck_type`
  ADD PRIMARY KEY (`id`);

--
-- Ευρετήρια για πίνακα `users`
--
ALTER TABLE `users`
  ADD PRIMARY KEY (`user_id`);

--
-- Ευρετήρια για πίνακα `users_mellon`
--
ALTER TABLE `users_mellon`
  ADD PRIMARY KEY (`id`),
  ADD KEY `user_email` (`email`);

--
-- Ευρετήρια για πίνακα `users_mellon_parking_history`
--
ALTER TABLE `users_mellon_parking_history`
  ADD PRIMARY KEY (`id`);

--
-- Ευρετήρια για πίνακα `users_mellon_stations`
--
ALTER TABLE `users_mellon_stations`
  ADD PRIMARY KEY (`id`);

--
-- Ευρετήρια για πίνακα `users_mellon_vehicles`
--
ALTER TABLE `users_mellon_vehicles`
  ADD PRIMARY KEY (`id`);

--
-- Ευρετήρια για πίνακα `vies_countries`
--
ALTER TABLE `vies_countries`
  ADD PRIMARY KEY (`id`);

--
-- Ευρετήρια για πίνακα `warehouses`
--
ALTER TABLE `warehouses`
  ADD PRIMARY KEY (`id`);

--
-- AUTO_INCREMENT για άχρηστους πίνακες
--

--
-- AUTO_INCREMENT για πίνακα `audit_logs`
--
ALTER TABLE `audit_logs`
  MODIFY `id` bigint(20) NOT NULL AUTO_INCREMENT, AUTO_INCREMENT=1895;

--
-- AUTO_INCREMENT για πίνακα `billings`
--
ALTER TABLE `billings`
  MODIFY `id` bigint(20) NOT NULL AUTO_INCREMENT, AUTO_INCREMENT=35;

--
-- AUTO_INCREMENT για πίνακα `core_position`
--
ALTER TABLE `core_position`
  MODIFY `id` int(11) NOT NULL AUTO_INCREMENT;

--
-- AUTO_INCREMENT για πίνακα `core_variables`
--
ALTER TABLE `core_variables`
  MODIFY `id` bigint(200) NOT NULL AUTO_INCREMENT, AUTO_INCREMENT=2;

--
-- AUTO_INCREMENT για πίνακα `countries`
--
ALTER TABLE `countries`
  MODIFY `id` int(11) NOT NULL AUTO_INCREMENT, AUTO_INCREMENT=194;

--
-- AUTO_INCREMENT για πίνακα `customers_suppliers`
--
ALTER TABLE `customers_suppliers`
  MODIFY `id` bigint(20) NOT NULL AUTO_INCREMENT, AUTO_INCREMENT=57;

--
-- AUTO_INCREMENT για πίνακα `departments`
--
ALTER TABLE `departments`
  MODIFY `id` bigint(200) NOT NULL AUTO_INCREMENT, AUTO_INCREMENT=30;

--
-- AUTO_INCREMENT για πίνακα `documents`
--
ALTER TABLE `documents`
  MODIFY `id` int(100) NOT NULL AUTO_INCREMENT, AUTO_INCREMENT=475;

--
-- AUTO_INCREMENT για πίνακα `factories`
--
ALTER TABLE `factories`
  MODIFY `id` bigint(20) NOT NULL AUTO_INCREMENT, AUTO_INCREMENT=132;

--
-- AUTO_INCREMENT για πίνακα `internova_sellers`
--
ALTER TABLE `internova_sellers`
  MODIFY `id` bigint(20) NOT NULL AUTO_INCREMENT, AUTO_INCREMENT=15;

--
-- AUTO_INCREMENT για πίνακα `managers`
--
ALTER TABLE `managers`
  MODIFY `id` bigint(20) NOT NULL AUTO_INCREMENT, AUTO_INCREMENT=75;

--
-- AUTO_INCREMENT για πίνακα `managers_system`
--
ALTER TABLE `managers_system`
  MODIFY `id` bigint(20) NOT NULL AUTO_INCREMENT, AUTO_INCREMENT=22;

--
-- AUTO_INCREMENT για πίνακα `measurement_unit`
--
ALTER TABLE `measurement_unit`
  MODIFY `id` bigint(200) NOT NULL AUTO_INCREMENT, AUTO_INCREMENT=25;

--
-- AUTO_INCREMENT για πίνακα `offers`
--
ALTER TABLE `offers`
  MODIFY `id` bigint(200) NOT NULL AUTO_INCREMENT, AUTO_INCREMENT=122;

--
-- AUTO_INCREMENT για πίνακα `offers_schedules`
--
ALTER TABLE `offers_schedules`
  MODIFY `id` bigint(20) NOT NULL AUTO_INCREMENT, AUTO_INCREMENT=2570;

--
-- AUTO_INCREMENT για πίνακα `offer_schedule_between_waypoints`
--
ALTER TABLE `offer_schedule_between_waypoints`
  MODIFY `id` bigint(100) NOT NULL AUTO_INCREMENT, AUTO_INCREMENT=1122;

--
-- AUTO_INCREMENT για πίνακα `orders`
--
ALTER TABLE `orders`
  MODIFY `id` bigint(200) NOT NULL AUTO_INCREMENT, AUTO_INCREMENT=38;

--
-- AUTO_INCREMENT για πίνακα `orders_loading`
--
ALTER TABLE `orders_loading`
  MODIFY `id` bigint(200) NOT NULL AUTO_INCREMENT, AUTO_INCREMENT=68;

--
-- AUTO_INCREMENT για πίνακα `orders_loading_orders_selections`
--
ALTER TABLE `orders_loading_orders_selections`
  MODIFY `id` bigint(200) NOT NULL AUTO_INCREMENT, AUTO_INCREMENT=392;

--
-- AUTO_INCREMENT για πίνακα `orders_selections_by_point`
--
ALTER TABLE `orders_selections_by_point`
  MODIFY `id` bigint(200) NOT NULL AUTO_INCREMENT, AUTO_INCREMENT=2203;

--
-- AUTO_INCREMENT για πίνακα `order_distinct_item`
--
ALTER TABLE `order_distinct_item`
  MODIFY `id` bigint(200) NOT NULL AUTO_INCREMENT, AUTO_INCREMENT=1728;

--
-- AUTO_INCREMENT για πίνακα `order_packages`
--
ALTER TABLE `order_packages`
  MODIFY `id` bigint(200) NOT NULL AUTO_INCREMENT, AUTO_INCREMENT=1061;

--
-- AUTO_INCREMENT για πίνακα `order_package_schedules`
--
ALTER TABLE `order_package_schedules`
  MODIFY `id` bigint(200) NOT NULL AUTO_INCREMENT, AUTO_INCREMENT=1277;

--
-- AUTO_INCREMENT για πίνακα `order_schedules`
--
ALTER TABLE `order_schedules`
  MODIFY `id` bigint(20) NOT NULL AUTO_INCREMENT, AUTO_INCREMENT=80;

--
-- AUTO_INCREMENT για πίνακα `order_waypoints`
--
ALTER TABLE `order_waypoints`
  MODIFY `id` bigint(200) NOT NULL AUTO_INCREMENT, AUTO_INCREMENT=3850;

--
-- AUTO_INCREMENT για πίνακα `order_waypoints_packages`
--
ALTER TABLE `order_waypoints_packages`
  MODIFY `id` bigint(200) NOT NULL AUTO_INCREMENT;

--
-- AUTO_INCREMENT για πίνακα `organizations`
--
ALTER TABLE `organizations`
  MODIFY `organization_id` bigint(200) NOT NULL AUTO_INCREMENT, AUTO_INCREMENT=107;

--
-- AUTO_INCREMENT για πίνακα `package_type`
--
ALTER TABLE `package_type`
  MODIFY `id` int(11) NOT NULL AUTO_INCREMENT, AUTO_INCREMENT=9;

--
-- AUTO_INCREMENT για πίνακα `roles`
--
ALTER TABLE `roles`
  MODIFY `role_id` bigint(20) NOT NULL AUTO_INCREMENT, AUTO_INCREMENT=60;

--
-- AUTO_INCREMENT για πίνακα `schedule`
--
ALTER TABLE `schedule`
  MODIFY `id` bigint(20) NOT NULL AUTO_INCREMENT, AUTO_INCREMENT=151;

--
-- AUTO_INCREMENT για πίνακα `schedule_packages`
--
ALTER TABLE `schedule_packages`
  MODIFY `id` bigint(200) NOT NULL AUTO_INCREMENT, AUTO_INCREMENT=414;

--
-- AUTO_INCREMENT για πίνακα `schedule_package_offer`
--
ALTER TABLE `schedule_package_offer`
  MODIFY `id` bigint(200) NOT NULL AUTO_INCREMENT, AUTO_INCREMENT=7391;

--
-- AUTO_INCREMENT για πίνακα `suppliers_roads_costs`
--
ALTER TABLE `suppliers_roads_costs`
  MODIFY `id` bigint(200) NOT NULL AUTO_INCREMENT, AUTO_INCREMENT=35;

--
-- AUTO_INCREMENT για πίνακα `suppliers_trucks`
--
ALTER TABLE `suppliers_trucks`
  MODIFY `id` bigint(200) NOT NULL AUTO_INCREMENT, AUTO_INCREMENT=59;

--
-- AUTO_INCREMENT για πίνακα `trucks`
--
ALTER TABLE `trucks`
  MODIFY `id` bigint(200) NOT NULL AUTO_INCREMENT, AUTO_INCREMENT=29;

--
-- AUTO_INCREMENT για πίνακα `truck_type`
--
ALTER TABLE `truck_type`
  MODIFY `id` bigint(200) NOT NULL AUTO_INCREMENT, AUTO_INCREMENT=7;

--
-- AUTO_INCREMENT για πίνακα `users`
--
ALTER TABLE `users`
  MODIFY `user_id` bigint(200) NOT NULL AUTO_INCREMENT, AUTO_INCREMENT=110;

--
-- AUTO_INCREMENT για πίνακα `users_mellon`
--
ALTER TABLE `users_mellon`
  MODIFY `id` bigint(20) UNSIGNED NOT NULL AUTO_INCREMENT, AUTO_INCREMENT=120;

--
-- AUTO_INCREMENT για πίνακα `users_mellon_parking_history`
--
ALTER TABLE `users_mellon_parking_history`
  MODIFY `id` bigint(200) NOT NULL AUTO_INCREMENT, AUTO_INCREMENT=68;

--
-- AUTO_INCREMENT για πίνακα `users_mellon_stations`
--
ALTER TABLE `users_mellon_stations`
  MODIFY `id` bigint(200) NOT NULL AUTO_INCREMENT, AUTO_INCREMENT=5;

--
-- AUTO_INCREMENT για πίνακα `users_mellon_vehicles`
--
ALTER TABLE `users_mellon_vehicles`
  MODIFY `id` bigint(20) NOT NULL AUTO_INCREMENT, AUTO_INCREMENT=13;

--
-- AUTO_INCREMENT για πίνακα `vies_countries`
--
ALTER TABLE `vies_countries`
  MODIFY `id` bigint(20) NOT NULL AUTO_INCREMENT;

--
-- AUTO_INCREMENT για πίνακα `warehouses`
--
ALTER TABLE `warehouses`
  MODIFY `id` bigint(20) NOT NULL AUTO_INCREMENT, AUTO_INCREMENT=43;
COMMIT;

/*!40101 SET CHARACTER_SET_CLIENT=@OLD_CHARACTER_SET_CLIENT */;
/*!40101 SET CHARACTER_SET_RESULTS=@OLD_CHARACTER_SET_RESULTS */;
/*!40101 SET COLLATION_CONNECTION=@OLD_COLLATION_CONNECTION */;
